2026-01-25T09:39:50.384890,69casm_1767938653_3806067747378558538_22739445705.jpg,https://t.me/+CgUFCvGWEk84NDQ1,Media
2026-01-25T09:39:50.385891,69casm_1767938653_3806067747403671019_22739445705.jpg,https://t.me/+CgUFCvGWEk84NDQ1,Media
2026-01-25T09:39:50.386889,aafreenmakeupandhair_1767190477_3799791189310852797_311065430.mp4,https://t.me/+CgUFCvGWEk84NDQ1,Media
2026-01-25T09:39:50.387891,aiversebollywood_1766978184_3798010749482357328_76165691515.jpg,https://t.me/+CgUFCvGWEk84NDQ1,Media
2026-01-25T09:39:50.387891,aiversebollywood_1766978184_3798010749482357328_76165691515.jpg,https://t.me/+CgUFCvGWEk84NDQ1,Media
2026-01-25T09:39:50.388887,aiversebollywood_1766978184_3798010749490692268_76165691515.jpg,https://t.me/+CgUFCvGWEk84NDQ1,Media
2026-01-25T09:39:50.389889,aiversebollywood_1766978184_3798010749490692268_76165691515.jpg,https://t.me/+CgUFCvGWEk84NDQ1,Media
2026-01-25T09:39:50.390888,aiversebollywood_1766978184_3798010749490698350_76165691515.jpg,https://t.me/+CgUFCvGWEk84NDQ1,Media
2026-01-25T09:39:50.391912,aiversebollywood_1766978184_3798010749490698350_76165691515.jpg,https://t.me/+CgUFCvGWEk84NDQ1,Media
2026-01-25T09:39:50.392887,aiversebollywood_1766978184_3798010749490740301_76165691515.jpg,https://t.me/+CgUFCvGWEk84NDQ1,Media
2026-01-25T09:41:06.841222,art.sen0408_1763186353_3766202563339317888_47129940512.jpg,https://t.me/+CgUFCvGWEk84NDQ1,Media
2026-01-25T09:41:06.842222,art.sen0408_1763186353_3766202563339325847_47129940512.jpg,https://t.me/+CgUFCvGWEk84NDQ1,Media
2026-01-25T09:41:06.843222,art.sen0408_1763186353_3766202563339325847_47129940512.jpg,https://t.me/+CgUFCvGWEk84NDQ1,Media
2026-01-25T09:41:06.843222,art.sen0408_1763186353_3766202563339331326_47129940512.jpg,https://t.me/+CgUFCvGWEk84NDQ1,Media
2026-01-25T09:41:06.844226,art.sen0408_1763186353_3766202563339331326_47129940512.jpg,https://t.me/+CgUFCvGWEk84NDQ1,Media
2026-01-25T09:41:06.845222,art.sen0408_1763186353_3766202563339342145_47129940512.jpg,https://t.me/+CgUFCvGWEk84NDQ1,Media
2026-01-25T09:41:06.846223,art.sen0408_1763186353_3766202563339346284_47129940512.jpg,https://t.me/+CgUFCvGWEk84NDQ1,Media
2026-01-25T09:41:06.846223,art.sen0408_1763186353_3766202563347680235_47129940512.jpg,https://t.me/+CgUFCvGWEk84NDQ1,Media
2026-01-25T09:41:06.847222,art.sen0408_1763186353_3766202563347688447_47129940512.jpg,https://t.me/+CgUFCvGWEk84NDQ1,Media
2026-01-25T09:41:06.848223,art.sen0408_1763186353_3766202563347701178_47129940512.jpg,https://t.me/+CgUFCvGWEk84NDQ1,Media
2026-01-25T09:41:39.172734,art.sen0408_1763186353_3766202563439962852_47129940512.jpg,https://t.me/+CgUFCvGWEk84NDQ1,Media
2026-01-25T09:41:39.173734,art.sen0408_1763186353_3766202563448350782_47129940512.jpg,https://t.me/+CgUFCvGWEk84NDQ1,Media
2026-01-25T09:41:39.174734,art.sen0408_1763186353_3766202563448350782_47129940512.jpg,https://t.me/+CgUFCvGWEk84NDQ1,Media
2026-01-25T09:41:39.175735,art.sen0408_1763186353_3766202563557413617_47129940512.jpg,https://t.me/+CgUFCvGWEk84NDQ1,Media
2026-01-25T09:41:39.176734,art.sen0408_1763186353_3766202563557413617_47129940512.jpg,https://t.me/+CgUFCvGWEk84NDQ1,Media
2026-01-25T09:41:39.177735,art.sen0408_1763186353_3766202563641326735_47129940512.jpg,https://t.me/+CgUFCvGWEk84NDQ1,Media
2026-01-25T09:41:39.177735,art.sen0408_1763186353_3766202563641326735_47129940512.jpg,https://t.me/+CgUFCvGWEk84NDQ1,Media
2026-01-25T09:41:39.178735,art3mis56_1764751010_3779327854304702892_63149499222.jpg,https://t.me/+CgUFCvGWEk84NDQ1,Media
2026-01-25T09:41:39.179735,art3mis56_1764751010_3779327854304702892_63149499222.jpg,https://t.me/+CgUFCvGWEk84NDQ1,Media
2026-01-25T09:41:39.181736,art3mis56_1764751010_3779327854464108846_63149499222.jpg,https://t.me/+CgUFCvGWEk84NDQ1,Media
2026-01-25T09:43:24.299912,avikagor_1768272833_1306891362.jpg,https://t.me/+CgUFCvGWEk84NDQ1,Media
2026-01-25T09:43:24.300917,avikagor_1768288756_1306891362.jpg,https://t.me/+CgUFCvGWEk84NDQ1,Media
2026-01-25T09:43:24.302920,avikagor_1768288756_1306891362.jpg,https://t.me/+CgUFCvGWEk84NDQ1,Media
2026-01-25T09:43:24.302920,avikagor_1768288977_1306891362.jpg,https://t.me/+CgUFCvGWEk84NDQ1,Media
2026-01-25T09:43:24.303921,avikagor_1768288977_1306891362.jpg,https://t.me/+CgUFCvGWEk84NDQ1,Media
2026-01-25T09:43:24.304921,avikagor_1768365210_1306891362.jpg,https://t.me/+CgUFCvGWEk84NDQ1,Media
2026-01-25T09:43:24.305921,avikagor_1768365210_1306891362.jpg,https://t.me/+CgUFCvGWEk84NDQ1,Media
2026-01-25T09:43:24.305921,beingjesal__1765726190_3787508257900325125_32900210025.jpg,https://t.me/+CgUFCvGWEk84NDQ1,Media
2026-01-25T09:43:24.306921,beingjesal__1765726190_3787508257900325125_32900210025.jpg,https://t.me/+CgUFCvGWEk84NDQ1,Media
2026-01-25T09:43:24.307921,bolly.jungle_1765647120_3786844972252350824_67852938320.jpg,https://t.me/+CgUFCvGWEk84NDQ1,Media
2026-01-25T09:46:51.486500,bolly.jungle_1765647120_3786844972596315077_67852938320.jpg,https://t.me/+CgUFCvGWEk84NDQ1,Media
2026-01-25T09:46:51.487500,bollyblindsgossip_1766946004_3797740804807742573_7873595180.jpg,https://t.me/+CgUFCvGWEk84NDQ1,Media
2026-01-25T09:46:51.489501,bollyblindsgossip_1766946004_3797740804807742573_7873595180.jpg,https://t.me/+CgUFCvGWEk84NDQ1,Media
2026-01-25T09:46:51.490504,bollyblindsgossip_1766946004_3797740804807743787_7873595180.jpg,https://t.me/+CgUFCvGWEk84NDQ1,Media
2026-01-25T09:46:51.491501,bollyblindsgossip_1766946004_3797740804807743787_7873595180.jpg,https://t.me/+CgUFCvGWEk84NDQ1,Media
2026-01-25T09:46:51.491501,bollyblindsgossip_1766946004_3797740804807782778_7873595180.jpg,https://t.me/+CgUFCvGWEk84NDQ1,Media
2026-01-25T09:46:51.493505,bollyblindsgossip_1766946004_3797740804807782778_7873595180.jpg,https://t.me/+CgUFCvGWEk84NDQ1,Media
2026-01-25T09:46:51.494502,bollyblindsgossip_1766946004_3797740805109768600_7873595180.jpg,https://t.me/+CgUFCvGWEk84NDQ1,Media
2026-01-25T09:46:51.495506,bollyblindsgossip_1766946004_3797740805109768600_7873595180.jpg,https://t.me/+CgUFCvGWEk84NDQ1,Media
2026-01-25T09:46:51.496501,bollyblindsgossip_1766946005_3797740804807748221_7873595180.jpg,https://t.me/+CgUFCvGWEk84NDQ1,Media
2026-01-25T09:47:15.933196,bollypixel2.0_1765089118_3782164112336947699_50326352632.jpg,https://t.me/+CgUFCvGWEk84NDQ1,Media
2026-01-25T09:47:15.934196,bollypixel2.0_1765089118_3782164112336967404_50326352632.jpg,https://t.me/+CgUFCvGWEk84NDQ1,Media
2026-01-25T09:47:15.936712,bollypixel2.0_1765089118_3782164112336967404_50326352632.jpg,https://t.me/+CgUFCvGWEk84NDQ1,Media
2026-01-25T09:47:15.937712,bollypixel2.0_1765089118_3782164112437667819_50326352632.jpg,https://t.me/+CgUFCvGWEk84NDQ1,Media
2026-01-25T09:47:15.939706,bollypixel2.0_1765089118_3782164112437667819_50326352632.jpg,https://t.me/+CgUFCvGWEk84NDQ1,Media
2026-01-25T09:47:15.940710,bollypixel2.0_1765089118_3782164112638986446_50326352632.jpg,https://t.me/+CgUFCvGWEk84NDQ1,Media
2026-01-25T09:47:15.941714,bollypixel2.0_1765089118_3782164112638986446_50326352632.jpg,https://t.me/+CgUFCvGWEk84NDQ1,Media
2026-01-25T09:47:15.942708,bollypixel2.0_1765089118_3782164112672498762_50326352632.jpg,https://t.me/+CgUFCvGWEk84NDQ1,Media
2026-01-25T09:47:15.943708,bollypixel2.0_1765089118_3782164112672498762_50326352632.jpg,https://t.me/+CgUFCvGWEk84NDQ1,Media
2026-01-25T09:47:15.944716,bollyreal_reporter105_1762359633_3759267531069390608_64774370023.jpg,https://t.me/+CgUFCvGWEk84NDQ1,Media
2026-01-25T09:48:00.091825,defence_lovers121_1764586223_3777945522536709122_54240034517.jpg,https://t.me/+CgUFCvGWEk84NDQ1,Media
2026-01-25T09:48:00.092824,entertainistan_1767959844_3806245506570257245_59556468432.jpg,https://t.me/+CgUFCvGWEk84NDQ1,Media
2026-01-25T09:48:00.093824,entertainistan_1767959844_3806245506570257245_59556468432.jpg,https://t.me/+CgUFCvGWEk84NDQ1,Media
2026-01-25T09:48:00.094824,gracy.goswami_1768414755_2131154720.jpg,https://t.me/+CgUFCvGWEk84NDQ1,Media
2026-01-25T09:48:00.096824,gracy.goswami_1768414817_2131154720.jpg,https://t.me/+CgUFCvGWEk84NDQ1,Media
2026-01-25T09:48:00.097824,gracy.goswami_1768414827_2131154720.jpg,https://t.me/+CgUFCvGWEk84NDQ1,Media
2026-01-25T09:48:00.098824,gracy.goswami_1768414832_2131154720.jpg,https://t.me/+CgUFCvGWEk84NDQ1,Media
2026-01-25T09:48:00.099824,gracy.goswami_1768414856_2131154720.jpg,https://t.me/+CgUFCvGWEk84NDQ1,Media
2026-01-25T09:48:00.101825,gracy.goswami_1768414867_2131154720.jpg,https://t.me/+CgUFCvGWEk84NDQ1,Media
2026-01-25T09:48:00.102824,gracy.goswami_1768414877_2131154720.jpg,https://t.me/+CgUFCvGWEk84NDQ1,Media
2026-01-25T09:48:56.900644,gracy.goswami_1768414889_2131154720.jpg,https://t.me/+CgUFCvGWEk84NDQ1,Media
2026-01-25T09:48:56.901645,gracy.goswami_1768414925_2131154720.mp4,https://t.me/+CgUFCvGWEk84NDQ1,Media
2026-01-25T09:48:56.902644,gracy.goswami_1768414975_2131154720.mp4,https://t.me/+CgUFCvGWEk84NDQ1,Media
2026-01-25T09:48:56.904644,gracy.goswami_1768414997_2131154720.jpg,https://t.me/+CgUFCvGWEk84NDQ1,Media
2026-01-25T09:48:56.904644,gracy.goswami_1768415019_2131154720.jpg,https://t.me/+CgUFCvGWEk84NDQ1,Media
2026-01-25T09:48:56.905645,gracy.goswami_1768415025_2131154720.jpg,https://t.me/+CgUFCvGWEk84NDQ1,Media
2026-01-25T09:48:56.906644,gracy.goswami_1768415059_2131154720.jpg,https://t.me/+CgUFCvGWEk84NDQ1,Media
2026-01-25T09:48:56.907643,gracy.goswami_1768415176_2131154720.mp4,https://t.me/+CgUFCvGWEk84NDQ1,Media
2026-01-25T09:48:56.908644,gracy.goswami_1768415194_2131154720.jpg,https://t.me/+CgUFCvGWEk84NDQ1,Media
2026-01-25T09:48:56.909643,gracy.goswami_1768415200_2131154720.jpg,https://t.me/+CgUFCvGWEk84NDQ1,Media
2026-01-25T09:57:14.038871,gracy.goswami_1768415289_2131154720.mp4,https://t.me/+CgUFCvGWEk84NDQ1,Media
2026-01-25T09:57:14.039870,gracy.goswami_1768415476_2131154720.mp4,https://t.me/+CgUFCvGWEk84NDQ1,Media
2026-01-25T09:57:14.041870,gracy.goswami_1768415486_2131154720.jpg,https://t.me/+CgUFCvGWEk84NDQ1,Media
2026-01-25T09:57:14.043871,gracy.goswami_1768553863_2131154720.jpg,https://t.me/+CgUFCvGWEk84NDQ1,Media
2026-01-25T09:57:14.044376,gracy.goswami_1768554167_2131154720.mp4,https://t.me/+CgUFCvGWEk84NDQ1,Media
2026-01-25T09:57:14.045881,gracy.goswami_1768554429_2131154720.jpg,https://t.me/+CgUFCvGWEk84NDQ1,Media
2026-01-25T09:57:14.047888,gracy.goswami_1768554473_2131154720.jpg,https://t.me/+CgUFCvGWEk84NDQ1,Media
2026-01-25T09:57:14.048887,gracy.goswami_1768554555_2131154720.mp4,https://t.me/+CgUFCvGWEk84NDQ1,Media
2026-01-25T09:57:14.049887,gracy.goswami_1768554582_2131154720.jpg,https://t.me/+CgUFCvGWEk84NDQ1,Media
2026-01-25T09:57:14.051892,gracy.goswami_1768554688_2131154720.mp4,https://t.me/+CgUFCvGWEk84NDQ1,Media
2026-01-25T09:58:55.300565,gracy.goswami_1768761287_3812967262315929387_2131154720.mp4,https://t.me/+CgUFCvGWEk84NDQ1,Media
2026-01-25T09:58:55.302566,gulabo_queen_anushkasen_1765626156_3786668258515610172_47095778832.mp4,https://t.me/+CgUFCvGWEk84NDQ1,Media
2026-01-25T09:58:55.304565,gulabo_queen_anushkasen_1766582122_3794687635760421443_47095778832.mp4,https://t.me/+CgUFCvGWEk84NDQ1,Media
2026-01-25T09:58:55.306072,gulabo_queen_anushkasen_1767501957_3802404469804733003_47095778832.jpg,https://t.me/+CgUFCvGWEk84NDQ1,Media
2026-01-25T09:58:55.307081,gulabo_queen_anushkasen_1767501957_3802404469804733003_47095778832.jpg,https://t.me/+CgUFCvGWEk84NDQ1,Media
2026-01-25T09:58:55.308085,gulabo_queen_anushkasen_1767501957_3802404469804745484_47095778832.jpg,https://t.me/+CgUFCvGWEk84NDQ1,Media
2026-01-25T09:58:55.309080,gulabo_queen_anushkasen_1767501957_3802404469804745484_47095778832.jpg,https://t.me/+CgUFCvGWEk84NDQ1,Media
2026-01-25T09:58:55.309080,gulabo_queen_anushkasen_1767501957_3802404469813147437_47095778832.jpg,https://t.me/+CgUFCvGWEk84NDQ1,Media
2026-01-25T09:58:55.311291,gulabo_queen_anushkasen_1767501957_3802404469813147437_47095778832.jpg,https://t.me/+CgUFCvGWEk84NDQ1,Media
2026-01-25T09:58:55.312306,gulabo_queen_anushka_1768372660_3809707935963241860_52650471960.mp4,https://t.me/+CgUFCvGWEk84NDQ1,Media
2026-01-25T10:24:11.817558,gururandhawa_1768525244_277509338.mp4,https://t.me/+CgUFCvGWEk84NDQ1,Media
2026-01-25T10:24:11.820070,gururandhawa_1768544226_277509338.mp4,https://t.me/+CgUFCvGWEk84NDQ1,Media
2026-01-25T10:24:11.821123,gururandhawa_1768572836_277509338.jpg,https://t.me/+CgUFCvGWEk84NDQ1,Media
2026-01-25T10:24:11.823128,gururandhawa_1768646425_277509338.mp4,https://t.me/+CgUFCvGWEk84NDQ1,Media
2026-01-25T10:24:11.824128,gururandhawa_1768646656_277509338.mp4,https://t.me/+CgUFCvGWEk84NDQ1,Media
2026-01-25T10:24:11.825128,gururandhawa_1768662890_277509338.mp4,https://t.me/+CgUFCvGWEk84NDQ1,Media
2026-01-25T10:24:11.825128,gururandhawa_1768664367_277509338.mp4,https://t.me/+CgUFCvGWEk84NDQ1,Media
2026-01-25T10:24:11.826632,hair_makeup000_1767473452_3802162949709305364_78400228618.mp4,https://t.me/+CgUFCvGWEk84NDQ1,Media
2026-01-25T10:24:11.830150,haniahehofficiallll_1760900016_3747022589457933755_76594708441.mp4,https://t.me/+CgUFCvGWEk84NDQ1,Media
2026-01-25T10:24:11.832157,haniahehofficiallll_1766480776_3793836537541543226_76594708441.mp4,https://t.me/+CgUFCvGWEk84NDQ1,Media
2026-01-25T10:27:04.899377,harinireels_1767078730_3798853667148230156_56318721220.mp4,https://t.me/+CgUFCvGWEk84NDQ1,Media
2026-01-25T10:27:04.900384,harry_bollywood__1768500318_3810777227772706722_69084154999.mp4,https://t.me/+CgUFCvGWEk84NDQ1,Media
2026-01-25T10:27:04.904384,harshad_3109_1767119409_5495604679.mp4,https://t.me/+CgUFCvGWEk84NDQ1,Media
2026-01-25T10:27:04.905385,harshad_3109_1767120451_3799204168691665287_5495604679.jpg,https://t.me/+CgUFCvGWEk84NDQ1,Media
2026-01-25T10:27:04.906887,harshad_3109_1767120451_3799204168691665287_5495604679.jpg,https://t.me/+CgUFCvGWEk84NDQ1,Media
2026-01-25T10:27:04.907892,harshad_3109_1767120451_3799204168691676002_5495604679.jpg,https://t.me/+CgUFCvGWEk84NDQ1,Media
2026-01-25T10:27:04.909396,harshad_3109_1767120451_3799204168691676002_5495604679.jpg,https://t.me/+CgUFCvGWEk84NDQ1,Media
2026-01-25T10:27:04.910402,harshad_3109_1767120451_3799204168700045763_5495604679.jpg,https://t.me/+CgUFCvGWEk84NDQ1,Media
2026-01-25T10:27:04.912407,harshad_3109_1767120451_3799204168700045763_5495604679.jpg,https://t.me/+CgUFCvGWEk84NDQ1,Media
2026-01-25T10:27:04.913406,harshad_3109_1768399302_5495604679.mp4,https://t.me/+CgUFCvGWEk84NDQ1,Media
2026-01-25T10:28:25.277671,harshita1210_1767172006_3799635964084778450_1136202202.mp4,https://t.me/+CgUFCvGWEk84NDQ1,Media
2026-01-25T10:28:25.280188,harshita1210_1767172007_3799635389767150105_1136202202.mp4,https://t.me/+CgUFCvGWEk84NDQ1,Media
2026-01-25T10:28:25.281189,harshita1210_1767172007_3799635824456425469_1136202202.mp4,https://t.me/+CgUFCvGWEk84NDQ1,Media
2026-01-25T10:28:25.281189,harshita1210_1767172007_3799636647278188385_1136202202.jpg,https://t.me/+CgUFCvGWEk84NDQ1,Media
2026-01-25T10:28:25.282589,harshita1210_1767172007_3799636647278195037_1136202202.jpg,https://t.me/+CgUFCvGWEk84NDQ1,Media
2026-01-25T10:28:25.283591,harshita1210_1767172007_3799636647278207106_1136202202.jpg,https://t.me/+CgUFCvGWEk84NDQ1,Media
2026-01-25T10:28:25.283591,harshita1210_1767172007_3799636647286563838_1136202202.jpg,https://t.me/+CgUFCvGWEk84NDQ1,Media
2026-01-25T10:28:25.284588,harshita1210_1767172007_3799636647286581127_1136202202.jpg,https://t.me/+CgUFCvGWEk84NDQ1,Media
2026-01-25T10:28:25.285590,harshita1210_1767172007_3799636647294931401_1136202202.jpg,https://t.me/+CgUFCvGWEk84NDQ1,Media
2026-01-25T10:28:25.285590,harshita1210_1767172007_3799636647294952434_1136202202.jpg,https://t.me/+CgUFCvGWEk84NDQ1,Media
2026-01-25T10:29:16.691851,harshita1210_1767172007_3799636647412404618_1136202202.jpg,https://t.me/+CgUFCvGWEk84NDQ1,Media
2026-01-25T10:29:16.692987,harshita1210_1767172007_3799636647420821272_1136202202.jpg,https://t.me/+CgUFCvGWEk84NDQ1,Media
2026-01-25T10:29:16.694005,harshita1210_1767172007_3799636647437544435_1136202202.jpg,https://t.me/+CgUFCvGWEk84NDQ1,Media
2026-01-25T10:29:16.695005,harshita1210_1767172007_3799636647437553899_1136202202.jpg,https://t.me/+CgUFCvGWEk84NDQ1,Media
2026-01-25T10:29:16.696509,harshita1210_1767172007_3799636647487920796_1136202202.jpg,https://t.me/+CgUFCvGWEk84NDQ1,Media
2026-01-25T10:29:16.697516,harshita1210_1767172007_3799636647555019530_1136202202.jpg,https://t.me/+CgUFCvGWEk84NDQ1,Media
2026-01-25T10:29:16.698516,harshita1210_1767172007_3799636647571752784_1136202202.jpg,https://t.me/+CgUFCvGWEk84NDQ1,Media
2026-01-25T10:29:16.700035,harshita1210_1767172007_3799636647638888252_1136202202.jpg,https://t.me/+CgUFCvGWEk84NDQ1,Media
2026-01-25T10:29:16.700035,harshita1210_1767172007_3799636647655662708_1136202202.jpg,https://t.me/+CgUFCvGWEk84NDQ1,Media
2026-01-25T10:29:16.701040,harshita1210_1767172007_3799636647672415676_1136202202.jpg,https://t.me/+CgUFCvGWEk84NDQ1,Media
2026-01-25T10:33:38.435552,hautelifestyleofficial_1765480472_3785446495944707430_48498052769.mp4,https://t.me/+CgUFCvGWEk84NDQ1,Media
2026-01-25T10:33:38.437065,healthy_tipswithme_1766575362_3794631364189322748_51654377789.mp4,https://t.me/+CgUFCvGWEk84NDQ1,Media
2026-01-25T10:33:38.439595,heli_daruwala_1766819923_197523385.mp4,https://t.me/+CgUFCvGWEk84NDQ1,Media
2026-01-25T10:33:38.441600,heli_daruwala_1766828164_197523385.mp4,https://t.me/+CgUFCvGWEk84NDQ1,Media
2026-01-25T10:33:38.442597,heli_daruwala_1766847500_197523385.jpg,https://t.me/+CgUFCvGWEk84NDQ1,Media
2026-01-25T10:33:38.443592,heli_daruwala_1767094548_3798986346740912011_197523385.mp4,https://t.me/+CgUFCvGWEk84NDQ1,Media
2026-01-25T10:33:38.444592,heli_daruwala_1767095817_197523385.mp4,https://t.me/+CgUFCvGWEk84NDQ1,Media
2026-01-25T10:33:38.446593,heli_daruwala_1767096054_197523385.mp4,https://t.me/+CgUFCvGWEk84NDQ1,Media
2026-01-25T10:33:38.447105,heli_daruwala_1767096445_197523385.jpg,https://t.me/+CgUFCvGWEk84NDQ1,Media
2026-01-25T10:33:38.448108,heli_daruwala_1767104054_197523385.mp4,https://t.me/+CgUFCvGWEk84NDQ1,Media
2026-01-25T10:34:04.641318,heli_daruwala_1767158759_197523385.jpg,https://t.me/+CgUFCvGWEk84NDQ1,Media
2026-01-25T10:34:04.642318,heli_daruwala_1767158889_197523385.mp4,https://t.me/+CgUFCvGWEk84NDQ1,Media
2026-01-25T10:34:04.643318,heli_daruwala_1767160579_197523385.mp4,https://t.me/+CgUFCvGWEk84NDQ1,Media
2026-01-25T10:34:04.643318,heli_daruwala_1767160797_197523385.jpg,https://t.me/+CgUFCvGWEk84NDQ1,Media
2026-01-25T10:34:04.645318,heli_daruwala_1767161018_197523385.jpg,https://t.me/+CgUFCvGWEk84NDQ1,Media
2026-01-25T10:34:04.645318,heli_daruwala_1767161041_197523385.jpg,https://t.me/+CgUFCvGWEk84NDQ1,Media
2026-01-25T10:34:04.645318,heli_daruwala_1767161152_197523385.jpg,https://t.me/+CgUFCvGWEk84NDQ1,Media
2026-01-25T10:34:04.646821,heli_daruwala_1767161347_197523385.jpg,https://t.me/+CgUFCvGWEk84NDQ1,Media
2026-01-25T10:34:04.647827,heli_daruwala_1767163351_197523385.jpg,https://t.me/+CgUFCvGWEk84NDQ1,Media
2026-01-25T10:34:04.647827,heli_daruwala_1767164695_197523385.mp4,https://t.me/+CgUFCvGWEk84NDQ1,Media
2026-01-25T10:34:58.851488,heli_daruwala_1767164976_197523385.mp4,https://t.me/+CgUFCvGWEk84NDQ1,Media
2026-01-25T10:34:58.853386,heli_daruwala_1767170497_197523385.mp4,https://t.me/+CgUFCvGWEk84NDQ1,Media
2026-01-25T10:34:58.855392,heli_daruwala_1767171932_197523385.jpg,https://t.me/+CgUFCvGWEk84NDQ1,Media
2026-01-25T10:34:58.856897,heli_daruwala_1767173484_197523385.jpg,https://t.me/+CgUFCvGWEk84NDQ1,Media
2026-01-25T10:34:58.857903,heli_daruwala_1767257966_197523385.jpg,https://t.me/+CgUFCvGWEk84NDQ1,Media
2026-01-25T10:34:58.858907,heli_daruwala_1767261129_197523385.mp4,https://t.me/+CgUFCvGWEk84NDQ1,Media
2026-01-25T10:34:58.860907,heli_daruwala_1767268501_197523385.jpg,https://t.me/+CgUFCvGWEk84NDQ1,Media
2026-01-25T10:34:58.862415,heli_daruwala_1767680774_197523385.jpg,https://t.me/+CgUFCvGWEk84NDQ1,Media
2026-01-25T10:34:58.863919,heli_daruwala_1767695562_197523385.mp4,https://t.me/+CgUFCvGWEk84NDQ1,Media
2026-01-25T10:34:58.864924,heli_daruwala_1767704389_197523385.jpg,https://t.me/+CgUFCvGWEk84NDQ1,Media
2026-01-25T10:36:03.792654,heli_daruwala_1767704460_197523385.jpg,https://t.me/+CgUFCvGWEk84NDQ1,Media
2026-01-25T10:36:03.794639,heli_daruwala_1768542504_197523385.mp4,https://t.me/+CgUFCvGWEk84NDQ1,Media
2026-01-25T10:36:03.795639,heli_daruwala_1768550482_197523385.jpg,https://t.me/+CgUFCvGWEk84NDQ1,Media
2026-01-25T10:36:03.796640,heli_daruwala_1768581816_197523385.mp4,https://t.me/+CgUFCvGWEk84NDQ1,Media
2026-01-25T10:36:03.797835,heli_daruwala_1768913110_197523385.mp4,https://t.me/+CgUFCvGWEk84NDQ1,Media
2026-01-25T10:36:03.799339,heli_daruwala_1768915549_197523385.jpg,https://t.me/+CgUFCvGWEk84NDQ1,Media
2026-01-25T10:36:03.799857,hellyshahofficial_1768720118_1771278892.mp4,https://t.me/+CgUFCvGWEk84NDQ1,Media
2026-01-25T10:36:03.800862,hellyshahofficial_1768720350_1771278892.jpg,https://t.me/+CgUFCvGWEk84NDQ1,Media
2026-01-25T10:36:03.800862,hellyshahofficial_1768720835_1771278892.mp4,https://t.me/+CgUFCvGWEk84NDQ1,Media
2026-01-25T10:36:03.802365,hellyshahofficial_1768730545_1771278892.mp4,https://t.me/+CgUFCvGWEk84NDQ1,Media
2026-01-25T10:44:40.338848,hellyshahofficial_1768744389_1771278892.jpg,https://t.me/+CgUFCvGWEk84NDQ1,Media
2026-01-25T10:44:40.341370,here_for_nazeeha_1767971444_3806341565317418367_49754466637.mp4,https://t.me/+CgUFCvGWEk84NDQ1,Media
2026-01-25T10:44:40.342380,hibanawab_1766750164_488636343.mp4,https://t.me/+CgUFCvGWEk84NDQ1,Media
2026-01-25T10:44:40.344379,hibanawab_1766764805_488636343.mp4,https://t.me/+CgUFCvGWEk84NDQ1,Media
2026-01-25T10:44:40.345379,hibanawab_1766764887_488636343.mp4,https://t.me/+CgUFCvGWEk84NDQ1,Media
2026-01-25T10:44:40.347905,hibanawab_1766904651_488636343.mp4,https://t.me/+CgUFCvGWEk84NDQ1,Media
2026-01-25T10:44:40.348968,hibanawab_1766938338_488636343.mp4,https://t.me/+CgUFCvGWEk84NDQ1,Media
2026-01-25T10:44:40.351036,hibanawab_1766940621_488636343.mp4,https://t.me/+CgUFCvGWEk84NDQ1,Media
2026-01-25T10:44:40.353034,hibanawab_1767264301_3800410871697043422_488636343.jpg,https://t.me/+CgUFCvGWEk84NDQ1,Media
2026-01-25T10:44:40.354035,hibanawab_1767264301_3800410871705398560_488636343.jpg,https://t.me/+CgUFCvGWEk84NDQ1,Media
2026-01-25T10:45:40.465687,hibanawab_1767264301_3800410871705412847_488636343.jpg,https://t.me/+CgUFCvGWEk84NDQ1,Media
2026-01-25T10:45:40.467725,hibanawab_1767264301_3800410871713769135_488636343.jpg,https://t.me/+CgUFCvGWEk84NDQ1,Media
2026-01-25T10:45:40.468733,hibanawab_1767264301_3800410872007372074_488636343.jpg,https://t.me/+CgUFCvGWEk84NDQ1,Media
2026-01-25T10:45:40.469725,hibanawab_1767264301_3800410872007425141_488636343.jpg,https://t.me/+CgUFCvGWEk84NDQ1,Media
2026-01-25T10:45:40.471231,hibanawab_1768204212_3808295418736438252_488636343.jpg,https://t.me/+CgUFCvGWEk84NDQ1,Media
2026-01-25T10:45:40.471735,hibanawab_1768204212_3808295418736448283_488636343.jpg,https://t.me/+CgUFCvGWEk84NDQ1,Media
2026-01-25T10:45:40.472741,hibanawab_1768204212_3808295418736462918_488636343.jpg,https://t.me/+CgUFCvGWEk84NDQ1,Media
2026-01-25T10:45:40.473741,hibanawab_1768204212_3808295418744862515_488636343.jpg,https://t.me/+CgUFCvGWEk84NDQ1,Media
2026-01-25T10:45:40.474744,hibanawab_1768204213_3808295418744863540_488636343.jpg,https://t.me/+CgUFCvGWEk84NDQ1,Media
2026-01-25T10:45:40.476251,hibanawab_1768542192_3811130598320778060_488636343 (1).jpg,https://t.me/+CgUFCvGWEk84NDQ1,Media
2026-01-25T10:46:15.498293,hibanawab_1768542192_3811130598320778060_488636343.jpg,https://t.me/+CgUFCvGWEk84NDQ1,Media
2026-01-25T10:46:15.499480,hibanawab_1768542192_3811130598320825147_488636343 (1).jpg,https://t.me/+CgUFCvGWEk84NDQ1,Media
2026-01-25T10:46:15.501492,hibanawab_1768542192_3811130598320825147_488636343.jpg,https://t.me/+CgUFCvGWEk84NDQ1,Media
2026-01-25T10:46:15.501492,hibanawab_1768542192_3811130598329216388_488636343 (1).jpg,https://t.me/+CgUFCvGWEk84NDQ1,Media
2026-01-25T10:46:15.504023,hibanawab_1768542192_3811130598329216388_488636343.jpg,https://t.me/+CgUFCvGWEk84NDQ1,Media
2026-01-25T10:46:15.504626,hibanawab_1768542192_3811130598706688521_488636343 (1).jpg,https://t.me/+CgUFCvGWEk84NDQ1,Media
2026-01-25T10:46:15.506635,hibanawab_1768542192_3811130598706688521_488636343.jpg,https://t.me/+CgUFCvGWEk84NDQ1,Media
2026-01-25T10:46:15.507144,hibanawab_1768635743_3811915355652625433_488636343.jpg,https://t.me/+CgUFCvGWEk84NDQ1,Media
2026-01-25T10:46:15.508153,hibanawab_1768635743_3811915355652666433_488636343.jpg,https://t.me/+CgUFCvGWEk84NDQ1,Media
2026-01-25T10:46:15.510154,hibanawab_1768635743_3811915355652673933_488636343.jpg,https://t.me/+CgUFCvGWEk84NDQ1,Media
2026-01-25T10:46:48.889586,hibanawab_1768635743_3811915355652676669_488636343.jpg,https://t.me/+CgUFCvGWEk84NDQ1,Media
2026-01-25T10:46:48.890594,hibanawab_1768635743_3811915355652684263_488636343.jpg,https://t.me/+CgUFCvGWEk84NDQ1,Media
2026-01-25T10:46:48.892923,hibanawab_1768635743_3811915355661038959_488636343.jpg,https://t.me/+CgUFCvGWEk84NDQ1,Media
2026-01-25T10:46:48.894434,hibanawab_1768635743_3811915355971424091_488636343.jpg,https://t.me/+CgUFCvGWEk84NDQ1,Media
2026-01-25T10:46:48.895438,hibanawab_1768800600_3813009714594759317_488636343.jpg,https://t.me/+CgUFCvGWEk84NDQ1,Media
2026-01-25T10:46:48.896444,hibanawab_1768800600_3813009714603113083_488636343.jpg,https://t.me/+CgUFCvGWEk84NDQ1,Media
2026-01-25T10:46:48.896954,hibanawab_1768800600_3813009714628270047_488636343.jpg,https://t.me/+CgUFCvGWEk84NDQ1,Media
2026-01-25T10:46:48.897966,hibanawab_1768800600_3813009714628295146_488636343.jpg,https://t.me/+CgUFCvGWEk84NDQ1,Media
2026-01-25T10:46:48.900479,hibanawab_1768800600_3813009715391630454_488636343.jpg,https://t.me/+CgUFCvGWEk84NDQ1,Media
2026-01-25T10:46:48.900984,hibanawab_1768800600_3813009715458762238_488636343.jpg,https://t.me/+CgUFCvGWEk84NDQ1,Media
2026-01-25T10:57:33.458629,hibax.glm_1764133541_3774146455234936568_67513655970.mp4,https://t.me/+CgUFCvGWEk84NDQ1,Media
2026-01-25T10:57:33.461145,hifza._editz_1763765976_3771063774611304254_61222871166.mp4,https://t.me/+CgUFCvGWEk84NDQ1,Media
2026-01-25T10:57:33.464171,himanitalks_1764692168_3778834250599286812_50271682812.jpg,https://t.me/+CgUFCvGWEk84NDQ1,Media
2026-01-25T10:57:33.466172,himanitalks_1764692168_3778834250599286812_50271682812.jpg,https://t.me/+CgUFCvGWEk84NDQ1,Media
2026-01-25T10:57:33.466677,himanitalks_1764692168_3778834250607636823_50271682812.jpg,https://t.me/+CgUFCvGWEk84NDQ1,Media
2026-01-25T10:57:33.467683,himanitalks_1764692168_3778834250607636823_50271682812.jpg,https://t.me/+CgUFCvGWEk84NDQ1,Media
2026-01-25T10:57:33.469690,himanitalks_1764692168_3778834250607650635_50271682812.jpg,https://t.me/+CgUFCvGWEk84NDQ1,Media
2026-01-25T10:57:33.470689,himanitalks_1764692168_3778834250607650635_50271682812.jpg,https://t.me/+CgUFCvGWEk84NDQ1,Media
2026-01-25T10:57:33.472196,himanitalks_1764692168_3778834250607679834_50271682812.jpg,https://t.me/+CgUFCvGWEk84NDQ1,Media
2026-01-25T10:57:33.473205,himanitalks_1764692168_3778834250607679834_50271682812.jpg,https://t.me/+CgUFCvGWEk84NDQ1,Media
2026-01-25T10:58:22.550641,himanitalks_1764692168_3778834250607689643_50271682812.jpg,https://t.me/+CgUFCvGWEk84NDQ1,Media
2026-01-25T10:58:22.553155,himanitalks_1764692168_3778834250607689643_50271682812.jpg,https://t.me/+CgUFCvGWEk84NDQ1,Media
2026-01-25T10:58:22.554157,himanitalks_1764692168_3778834250699901747_50271682812.jpg,https://t.me/+CgUFCvGWEk84NDQ1,Media
2026-01-25T10:58:22.556662,himanitalks_1764692168_3778834250699901747_50271682812.jpg,https://t.me/+CgUFCvGWEk84NDQ1,Media
2026-01-25T10:58:22.557668,himanitalks_1764692168_3778834250817371147_50271682812.jpg,https://t.me/+CgUFCvGWEk84NDQ1,Media
2026-01-25T10:58:22.559674,himanitalks_1764692168_3778834250817371147_50271682812.jpg,https://t.me/+CgUFCvGWEk84NDQ1,Media
2026-01-25T10:58:22.560675,himanitalks_1764692168_3778834250943218826_50271682812.jpg,https://t.me/+CgUFCvGWEk84NDQ1,Media
2026-01-25T10:58:22.562186,himanitalks_1764692168_3778834250943218826_50271682812.jpg,https://t.me/+CgUFCvGWEk84NDQ1,Media
2026-01-25T10:58:22.564200,himanitalks_1765715604_3787419454997841794_50271682812.jpg,https://t.me/+CgUFCvGWEk84NDQ1,Media
2026-01-25T10:58:22.565200,himanitalks_1765715604_3787419454997841794_50271682812.jpg,https://t.me/+CgUFCvGWEk84NDQ1,Media
2026-01-25T10:59:26.223356,himanitalks_1765715604_3787419455014608792_50271682812.jpg,https://t.me/+CgUFCvGWEk84NDQ1,Media
2026-01-25T10:59:26.224356,himanitalks_1765715604_3787419455014608792_50271682812.jpg,https://t.me/+CgUFCvGWEk84NDQ1,Media
2026-01-25T10:59:26.225357,himanitalks_1765715604_3787419455014617276_50271682812.jpg,https://t.me/+CgUFCvGWEk84NDQ1,Media
2026-01-25T10:59:26.226379,himanitalks_1765715604_3787419455014617276_50271682812.jpg,https://t.me/+CgUFCvGWEk84NDQ1,Media
2026-01-25T10:59:26.228386,himanitalks_1765715604_3787419455014619350_50271682812.jpg,https://t.me/+CgUFCvGWEk84NDQ1,Media
2026-01-25T10:59:26.229892,himanitalks_1765715604_3787419455014619350_50271682812.jpg,https://t.me/+CgUFCvGWEk84NDQ1,Media
2026-01-25T10:59:26.230900,himanitalks_1765715604_3787419455090073532_50271682812.jpg,https://t.me/+CgUFCvGWEk84NDQ1,Media
2026-01-25T10:59:26.233414,himanitalks_1765715604_3787419455090073532_50271682812.jpg,https://t.me/+CgUFCvGWEk84NDQ1,Media
2026-01-25T10:59:26.234414,himanitalks_1765727801_50271682812.jpg,https://t.me/+CgUFCvGWEk84NDQ1,Media
2026-01-25T10:59:26.236929,himanitalks_1765727801_50271682812.jpg,https://t.me/+CgUFCvGWEk84NDQ1,Media
2026-01-25T11:01:36.782995,himanitalks_1767278881_3800533116121828937_50271682812.mp4,https://t.me/+CgUFCvGWEk84NDQ1,Media
2026-01-25T11:01:36.785996,himanitalks_1767278881_3800533173793479627_50271682812.jpg,https://t.me/+CgUFCvGWEk84NDQ1,Media
2026-01-25T11:01:36.787516,himanitalks_1767278881_3800533173793479627_50271682812.jpg,https://t.me/+CgUFCvGWEk84NDQ1,Media
2026-01-25T11:01:36.789521,himanitalks_1767278881_3800533173793484818_50271682812.jpg,https://t.me/+CgUFCvGWEk84NDQ1,Media
2026-01-25T11:01:36.790524,himanitalks_1767278881_3800533173793484818_50271682812.jpg,https://t.me/+CgUFCvGWEk84NDQ1,Media
2026-01-25T11:01:36.790524,himanitalks_1767278881_3800533173793503804_50271682812.jpg,https://t.me/+CgUFCvGWEk84NDQ1,Media
2026-01-25T11:01:36.792033,himanitalks_1767278881_3800533173793503804_50271682812.jpg,https://t.me/+CgUFCvGWEk84NDQ1,Media
2026-01-25T11:01:36.793044,himanitalks_1767278881_3800533173810267470_50271682812.jpg,https://t.me/+CgUFCvGWEk84NDQ1,Media
2026-01-25T11:01:36.795041,himanitalks_1767278881_3800533173810267470_50271682812.jpg,https://t.me/+CgUFCvGWEk84NDQ1,Media
2026-01-25T11:01:36.796041,himanitalks_1767281240_50271682812.mp4,https://t.me/+CgUFCvGWEk84NDQ1,Media
2026-01-25T11:06:40.890396,hirawarina_1766739573_3796009132881006798_74424156708.jpg,https://t.me/+CgUFCvGWEk84NDQ1,Media
2026-01-25T11:06:40.892397,hirawarina_1766764352_3796216990423756408_74424156708.jpg,https://t.me/+CgUFCvGWEk84NDQ1,Media
2026-01-25T11:06:40.893917,hirawarina_1766764352_3796216990432114847_74424156708.jpg,https://t.me/+CgUFCvGWEk84NDQ1,Media
2026-01-25T11:06:40.894916,hirawarina_1766764352_3796216990432124046_74424156708.jpg,https://t.me/+CgUFCvGWEk84NDQ1,Media
2026-01-25T11:06:40.897433,hirawarina_1766764352_3796216990432158522_74424156708.jpg,https://t.me/+CgUFCvGWEk84NDQ1,Media
2026-01-25T11:06:40.898433,hirawarina_1766764352_3796216990432162462_74424156708.jpg,https://t.me/+CgUFCvGWEk84NDQ1,Media
2026-01-25T11:06:40.900439,hirawarina_1768833018_3813570222305187143_74424156708.jpg,https://t.me/+CgUFCvGWEk84NDQ1,Media
2026-01-25T11:06:40.901944,hirawarina_1768833018_3813570222305221802_74424156708.jpg,https://t.me/+CgUFCvGWEk84NDQ1,Media
2026-01-25T11:06:40.903950,hirawarina_1768833018_3813570222305222526_74424156708.jpg,https://t.me/+CgUFCvGWEk84NDQ1,Media
2026-01-25T11:06:40.904950,hirawarina_1768833018_3813570222305233410_74424156708.jpg,https://t.me/+CgUFCvGWEk84NDQ1,Media
2026-01-25T11:24:44.821300,hisukriti_1767289806_3800623250364635785_2131602026.mp4,https://t.me/+CgUFCvGWEk84NDQ1,Media
2026-01-25T11:24:44.824361,hiyapatel95_1768358705_48976316844.jpg,https://t.me/+CgUFCvGWEk84NDQ1,Media
2026-01-25T11:24:44.825363,hiyapatel95_1768385314_48976316844.mp4,https://t.me/+CgUFCvGWEk84NDQ1,Media
2026-01-25T11:24:44.827878,holabollywood_1754155906_3690449485433490653_64724421664.mp4,https://t.me/+CgUFCvGWEk84NDQ1,Media
2026-01-25T11:24:44.828919,hotguru6643_1765754704_3787747261959810323_78507694560.mp4,https://t.me/+CgUFCvGWEk84NDQ1,Media
2026-01-25T11:24:44.829928,humarabajaj24_1767016473_3798331374495928386_3897567210.mp4,https://t.me/+CgUFCvGWEk84NDQ1,Media
2026-01-25T11:24:44.831926,humarabajaj24_1768113221_3807530583912491159_3897567210.mp4,https://t.me/+CgUFCvGWEk84NDQ1,Media
2026-01-25T11:24:44.833431,humtvindiaofficial_1764756241_3779371649758880646_74118841666.mp4,https://t.me/+CgUFCvGWEk84NDQ1,Media
2026-01-25T11:24:44.834442,humtvindiaofficial_1764930419_3780832695132600654_74118841666.mp4,https://t.me/+CgUFCvGWEk84NDQ1,Media
2026-01-25T11:24:44.835523,humtvindiaofficial_1765445938_3785157271085856913_74118841666.mp4,https://t.me/+CgUFCvGWEk84NDQ1,Media
2026-01-25T11:27:27.193796,humtvpakistanofficial_1765643656_3786815573838271723_2178584297.mp4,https://t.me/+CgUFCvGWEk84NDQ1,Media
2026-01-25T11:27:27.195462,iamaleksandarilic_1767101877_3799048357453529829_5679942319.jpg,https://t.me/+CgUFCvGWEk84NDQ1,Media
2026-01-25T11:27:27.198071,iamaleksandarilic_1767101877_3799048357453544102_5679942319.jpg,https://t.me/+CgUFCvGWEk84NDQ1,Media
2026-01-25T11:27:27.199064,iamaleksandarilic_1767101877_3799048357461892471_5679942319.jpg,https://t.me/+CgUFCvGWEk84NDQ1,Media
2026-01-25T11:27:27.200073,iamaleksandarilic_1767101877_3799048357461896844_5679942319.jpg,https://t.me/+CgUFCvGWEk84NDQ1,Media
2026-01-25T11:27:27.201063,iamaleksandarilic_1767101877_3799048357461924466_5679942319.jpg,https://t.me/+CgUFCvGWEk84NDQ1,Media
2026-01-25T11:27:27.202064,iamaleksandarilic_1767101877_3799048357470306094_5679942319.jpg,https://t.me/+CgUFCvGWEk84NDQ1,Media
2026-01-25T11:27:27.203063,iamaleksandarilic_1767101877_3799048357545823678_5679942319.jpg,https://t.me/+CgUFCvGWEk84NDQ1,Media
2026-01-25T11:27:27.203063,iamaleksandarilic_1767101877_3799048357671612272_5679942319.jpg,https://t.me/+CgUFCvGWEk84NDQ1,Media
2026-01-25T11:27:27.204582,iamaleksandarilic_1767101877_3799048357680014220_5679942319.jpg,https://t.me/+CgUFCvGWEk84NDQ1,Media
2026-01-25T11:29:01.300316,iamamyjackson_1767249900_30440277.jpg,https://t.me/+CgUFCvGWEk84NDQ1,Media
2026-01-25T11:29:01.302338,iamamyjackson_1767249932_30440277.jpg,https://t.me/+CgUFCvGWEk84NDQ1,Media
2026-01-25T11:29:01.304847,iamamyjackson_1767250082_30440277.jpg,https://t.me/+CgUFCvGWEk84NDQ1,Media
2026-01-25T11:29:01.304847,iamamyjackson_1767250116_30440277.jpg,https://t.me/+CgUFCvGWEk84NDQ1,Media
2026-01-25T11:29:01.305848,iamamyjackson_1767250185_30440277.jpg,https://t.me/+CgUFCvGWEk84NDQ1,Media
2026-01-25T11:29:01.306848,iamamyjackson_1767250271_30440277.jpg,https://t.me/+CgUFCvGWEk84NDQ1,Media
2026-01-25T11:29:01.307898,iamamyjackson_1767250361_30440277.mp4,https://t.me/+CgUFCvGWEk84NDQ1,Media
2026-01-25T11:29:01.308897,iamamyjackson_1767250432_30440277.jpg,https://t.me/+CgUFCvGWEk84NDQ1,Media
2026-01-25T11:29:01.308897,iamamyjackson_1767250557_30440277.mp4,https://t.me/+CgUFCvGWEk84NDQ1,Media
2026-01-25T11:29:01.309897,iamamyjackson_1767250621_30440277.jpg,https://t.me/+CgUFCvGWEk84NDQ1,Media
2026-01-25T11:58:55.854627,iamamyjackson_1767250721_30440277.jpg,https://t.me/+CgUFCvGWEk84NDQ1,Media
2026-01-25T11:58:55.857540,iamamyjackson_1767250929_30440277.jpg,https://t.me/+CgUFCvGWEk84NDQ1,Media
2026-01-25T11:58:55.858863,iamamyjackson_1767296371_30440277.jpg,https://t.me/+CgUFCvGWEk84NDQ1,Media
2026-01-25T11:58:55.859861,iamamyjackson_1767296600_30440277.jpg,https://t.me/+CgUFCvGWEk84NDQ1,Media
2026-01-25T11:58:55.861866,iamashimanarwal_1765719756_3787454284993530972_1797277919.jpg,https://t.me/+CgUFCvGWEk84NDQ1,Media
2026-01-25T11:58:55.861866,iamashimanarwal_1765719756_3787454284993530972_1797277919.jpg,https://t.me/+CgUFCvGWEk84NDQ1,Media
2026-01-25T11:58:55.862867,iamchahattewani_1767102916_3799055886371986404_4574495259.mp4,https://t.me/+CgUFCvGWEk84NDQ1,Media
2026-01-25T11:58:55.871384,iamkhanzaadi_1767097071_3799005339329607390_55371236637.mp4,https://t.me/+CgUFCvGWEk84NDQ1,Media
2026-01-25T11:58:55.871384,iamkhanzaadi_1767097071_3799008043246801734_55371236637.jpg,https://t.me/+CgUFCvGWEk84NDQ1,Media
2026-01-25T11:58:55.872889,iamkhanzaadi_1767097071_3799008043255170910_55371236637.jpg,https://t.me/+CgUFCvGWEk84NDQ1,Media
2026-01-25T12:02:25.800976,iamkhanzaadi_1767097071_3799008043288705497_55371236637.jpg,https://t.me/+CgUFCvGWEk84NDQ1,Media
2026-01-25T12:02:25.803972,iamkhanzaadi_1767097071_3799008043364198081_55371236637.jpg,https://t.me/+CgUFCvGWEk84NDQ1,Media
2026-01-25T12:02:25.806034,iamkhanzaadi_1767097071_3799008043565567456_55371236637.jpg,https://t.me/+CgUFCvGWEk84NDQ1,Media
2026-01-25T12:02:25.807579,iamkhanzaadi_1768044123_3806952268940279482_55371236637.mp4,https://t.me/+CgUFCvGWEk84NDQ1,Media
2026-01-25T12:02:25.808584,iamnaishakhanna_1766926623_2316544219.mp4,https://t.me/+CgUFCvGWEk84NDQ1,Media
2026-01-25T12:02:25.809584,iamnaishakhanna_1766926723_2316544219.mp4,https://t.me/+CgUFCvGWEk84NDQ1,Media
2026-01-25T12:02:25.810584,iamnaishakhanna_1766926804_2316544219.mp4,https://t.me/+CgUFCvGWEk84NDQ1,Media
2026-01-25T12:02:25.811583,iamnaishakhanna_1767365565_3801260334061990888_2316544219.jpg,https://t.me/+CgUFCvGWEk84NDQ1,Media
2026-01-25T12:02:25.812583,iamnaishakhanna_1767365565_3801260334070386931_2316544219.jpg,https://t.me/+CgUFCvGWEk84NDQ1,Media
2026-01-25T12:02:25.813592,iamnaishakhanna_1767365565_3801260334070423000_2316544219.jpg,https://t.me/+CgUFCvGWEk84NDQ1,Media
2026-01-25T12:05:21.321992,iamnaishakhanna_1767365565_3801260334078791086_2316544219.jpg,https://t.me/+CgUFCvGWEk84NDQ1,Media
2026-01-25T12:05:21.322991,iamnaishakhanna_1767365565_3801260334280121107_2316544219.jpg,https://t.me/+CgUFCvGWEk84NDQ1,Media
2026-01-25T12:05:21.323990,iamnaishakhanna_1767365565_3801260334288491711_2316544219.jpg,https://t.me/+CgUFCvGWEk84NDQ1,Media
2026-01-25T12:05:21.324991,iamnaishakhanna_1768385913_2316544219.jpg,https://t.me/+CgUFCvGWEk84NDQ1,Media
2026-01-25T12:05:21.325990,iamnaishakhanna_1768389526_2316544219.mp4,https://t.me/+CgUFCvGWEk84NDQ1,Media
2026-01-25T12:05:21.325990,iamnaishakhanna_1768389815_2316544219.mp4,https://t.me/+CgUFCvGWEk84NDQ1,Media
2026-01-25T12:05:21.327498,iamnaishakhanna_1768389914_2316544219.mp4,https://t.me/+CgUFCvGWEk84NDQ1,Media
2026-01-25T12:05:21.327498,iamnaishakhanna_1768390171_2316544219.mp4,https://t.me/+CgUFCvGWEk84NDQ1,Media
2026-01-25T12:05:21.328507,iamsameksha_1768581368_1184469491.mp4,https://t.me/+CgUFCvGWEk84NDQ1,Media
2026-01-25T12:05:21.330505,iamsameksha_1768581781_1184469491.mp4,https://t.me/+CgUFCvGWEk84NDQ1,Media
2026-01-25T12:22:16.786351,iamsameksha_1768581840_1184469491.jpg,https://t.me/+CgUFCvGWEk84NDQ1,Media
2026-01-25T12:22:16.787852,iamusmanafzaal_1768304008_3809130702625868028_63077408783.mp4,https://t.me/+CgUFCvGWEk84NDQ1,Media
2026-01-25T12:22:16.788856,iam_ejf_1764781160_190546689.jpg,https://t.me/+CgUFCvGWEk84NDQ1,Media
2026-01-25T12:22:16.790855,iam_ejf_1764781160_190546689.jpg,https://t.me/+CgUFCvGWEk84NDQ1,Media
2026-01-25T12:22:16.791855,iam_ejf_1767009890_3798275913466122716_190546689.mp4,https://t.me/+CgUFCvGWEk84NDQ1,Media
2026-01-25T12:22:16.793856,iam_ejf_1768018764_190546689.jpg,https://t.me/+CgUFCvGWEk84NDQ1,Media
2026-01-25T12:22:16.794855,iam_ejf_1768018764_190546689.jpg,https://t.me/+CgUFCvGWEk84NDQ1,Media
2026-01-25T12:22:16.795863,iam_neetubisht__1767225130_3478702587.mp4,https://t.me/+CgUFCvGWEk84NDQ1,Media
2026-01-25T12:22:16.797367,iam_neetubisht__1767241903_3478702587.mp4,https://t.me/+CgUFCvGWEk84NDQ1,Media
2026-01-25T12:22:16.797999,iam_neetubisht__1767243298_3478702587.mp4,https://t.me/+CgUFCvGWEk84NDQ1,Media
2026-01-25T12:25:35.493285,iam_neetubisht__1767244140_3478702587.jpg,https://t.me/+CgUFCvGWEk84NDQ1,Media
2026-01-25T12:25:35.495292,iam_neetubisht__1767256221_3478702587.mp4,https://t.me/+CgUFCvGWEk84NDQ1,Media
2026-01-25T12:25:35.496284,iam_neetubisht__1767266741_3478702587.jpg,https://t.me/+CgUFCvGWEk84NDQ1,Media
2026-01-25T12:25:35.497283,iam_neetubisht__1767675791_3478702587.jpg,https://t.me/+CgUFCvGWEk84NDQ1,Media
2026-01-25T12:25:35.498431,iam_neetubisht__1767678632_3478702587.mp4,https://t.me/+CgUFCvGWEk84NDQ1,Media
2026-01-25T12:25:35.499434,iam_neetubisht__1767684679_3478702587.jpg,https://t.me/+CgUFCvGWEk84NDQ1,Media
2026-01-25T12:25:35.499434,iam_neetubisht__1767693845_3478702587.mp4,https://t.me/+CgUFCvGWEk84NDQ1,Media
2026-01-25T12:25:35.501435,iam_neetubisht__1767708377_3478702587.mp4,https://t.me/+CgUFCvGWEk84NDQ1,Media
2026-01-25T12:25:35.501435,iam_neetubisht__1768620210_3478702587.jpg,https://t.me/+CgUFCvGWEk84NDQ1,Media
2026-01-25T12:25:35.503434,iam_neetubisht__1768620226_3478702587.jpg,https://t.me/+CgUFCvGWEk84NDQ1,Media
2026-01-25T12:29:30.642206,iam_neetubisht__1768620773_3478702587.mp4,https://t.me/+CgUFCvGWEk84NDQ1,Media
2026-01-25T12:29:30.643203,iam_neetubisht__1768626549_3478702587.jpg,https://t.me/+CgUFCvGWEk84NDQ1,Media
2026-01-25T12:29:30.644203,iam_neetubisht__1768659377_3478702587.mp4,https://t.me/+CgUFCvGWEk84NDQ1,Media
2026-01-25T12:29:30.645215,iam_neetubisht__1768887233_3478702587.jpg,https://t.me/+CgUFCvGWEk84NDQ1,Media
2026-01-25T12:29:30.646203,iam_neetubisht__1768908599_3478702587.mp4,https://t.me/+CgUFCvGWEk84NDQ1,Media
2026-01-25T12:29:30.647204,iam_neetubisht__1768908864_3478702587.mp4,https://t.me/+CgUFCvGWEk84NDQ1,Media
2026-01-25T12:29:30.648327,iam_neetubisht__1768909886_3478702587.mp4,https://t.me/+CgUFCvGWEk84NDQ1,Media
2026-01-25T12:29:30.649331,iam_neetubisht__1768923666_3478702587.mp4,https://t.me/+CgUFCvGWEk84NDQ1,Media
2026-01-25T12:29:30.649331,idgrambeauties_1763875260_3771981226140993759_76910401250.mp4,https://t.me/+CgUFCvGWEk84NDQ1,Media
2026-01-25T12:29:30.651341,ihansika_1766595434_3794799532190770236_313548305.mp4,https://t.me/+CgUFCvGWEk84NDQ1,Media
2026-01-25T12:40:10.419439,ihansika_1767071264_3798343966534725634_313548305.mp4,https://t.me/+CgUFCvGWEk84NDQ1,Media
2026-01-25T12:40:10.421440,ihansika_1767442102_3801902369999690231_313548305.jpg,https://t.me/+CgUFCvGWEk84NDQ1,Media
2026-01-25T12:40:10.423533,ihansika_1767442102_3801902369999716632_313548305.jpg,https://t.me/+CgUFCvGWEk84NDQ1,Media
2026-01-25T12:40:10.424532,ihansika_1767442102_3801902370008123890_313548305.jpg,https://t.me/+CgUFCvGWEk84NDQ1,Media
2026-01-25T12:40:10.425532,imageredefined_1765292086_3783866273214107486_292684316.mp4,https://t.me/+CgUFCvGWEk84NDQ1,Media
2026-01-25T12:40:10.428583,imanushkafan_1759753564_3737405947271305768_8725283568.mp4,https://t.me/+CgUFCvGWEk84NDQ1,Media
2026-01-25T12:40:10.429594,imanushkafan_1764407083_3776442349875436850_8725283568.mp4,https://t.me/+CgUFCvGWEk84NDQ1,Media
2026-01-25T12:40:10.430592,imeshadeol_1766633541_5667635052.mp4,https://t.me/+CgUFCvGWEk84NDQ1,Media
2026-01-25T12:40:10.431595,imeshadeol_1766633691_5667635052.mp4,https://t.me/+CgUFCvGWEk84NDQ1,Media
2026-01-25T12:40:10.432592,imeshadeol_1766639492_5667635052.mp4,https://t.me/+CgUFCvGWEk84NDQ1,Media
2026-01-25T12:50:21.476315,imeshadeol_1768559760_5667635052.mp4,https://t.me/+CgUFCvGWEk84NDQ1,Media
2026-01-25T12:50:21.478316,imeshadeol_1768559785_5667635052.mp4,https://t.me/+CgUFCvGWEk84NDQ1,Media
2026-01-25T12:50:21.479811,imeshadeol_1768568188_5667635052.mp4,https://t.me/+CgUFCvGWEk84NDQ1,Media
2026-01-25T12:50:21.480899,imeshadeol_1768584158_5667635052.mp4,https://t.me/+CgUFCvGWEk84NDQ1,Media
2026-01-25T12:50:21.482811,imeshadeol_1768584284_5667635052.mp4,https://t.me/+CgUFCvGWEk84NDQ1,Media
2026-01-25T12:50:21.483811,imeshadeol_1768584552_5667635052.mp4,https://t.me/+CgUFCvGWEk84NDQ1,Media
2026-01-25T12:50:21.484812,imrashamidesai_1766807580_823500699.mp4,https://t.me/+CgUFCvGWEk84NDQ1,Media
2026-01-25T12:50:21.485808,imrashamidesai_1766808236_823500699.mp4,https://t.me/+CgUFCvGWEk84NDQ1,Media
2026-01-25T12:50:21.487314,imrashamidesai_1766814833_823500699.mp4,https://t.me/+CgUFCvGWEk84NDQ1,Media
2026-01-25T12:50:21.488323,imrashamidesai_1766831903_823500699.mp4,https://t.me/+CgUFCvGWEk84NDQ1,Media
2026-01-25T12:57:48.404091,imrashamidesai_1767333868_823500699.mp4,https://t.me/+CgUFCvGWEk84NDQ1,Media
2026-01-25T12:57:48.405101,imrashamidesai_1767339598_823500699.jpg,https://t.me/+CgUFCvGWEk84NDQ1,Media
2026-01-25T12:57:48.406091,imrashamidesai_1767339628_823500699.mp4,https://t.me/+CgUFCvGWEk84NDQ1,Media
2026-01-25T12:57:48.407344,imrashamidesai_1767342544_823500699.mp4,https://t.me/+CgUFCvGWEk84NDQ1,Media
2026-01-25T12:57:48.408853,imrashamidesai_1768065558_823500699.jpg,https://t.me/+CgUFCvGWEk84NDQ1,Media
2026-01-25T12:57:48.408853,imrashamidesai_1768065558_823500699.jpg,https://t.me/+CgUFCvGWEk84NDQ1,Media
2026-01-25T12:57:48.409858,im_anushka_fan_1762432916_3759881866322292073_62584752178.mp4,https://t.me/+CgUFCvGWEk84NDQ1,Media
2026-01-25T12:57:48.410862,indiancinemagallery_official_1768044208_3806952594167021503_5271209297.mp4,https://t.me/+CgUFCvGWEk84NDQ1,Media
2026-01-25T12:57:48.411864,indiantelly_1766778745_3796336730178377641_1791388609.mp4,https://t.me/+CgUFCvGWEk84NDQ1,Media
2026-01-25T12:57:48.413371,indiantelly_1766995239_3798153597545466622_1791388609.mp4,https://t.me/+CgUFCvGWEk84NDQ1,Media
2026-01-25T13:01:03.642210,indiantelly_1767067634_3798760820734782625_1791388609.mp4,https://t.me/+CgUFCvGWEk84NDQ1,Media
2026-01-25T13:01:03.644222,indiantelly_1767082459_3798885232809185791_1791388609.mp4,https://t.me/+CgUFCvGWEk84NDQ1,Media
2026-01-25T13:01:03.645218,indiantelly_1767384955_3801422299803735221_1791388609.mp4,https://t.me/+CgUFCvGWEk84NDQ1,Media
2026-01-25T13:01:03.646217,indiantelly_1767616305_3803363383589337252_1791388609.mp4,https://t.me/+CgUFCvGWEk84NDQ1,Media
2026-01-25T13:01:03.647218,indiantvactress_1763998780_3773017690207351646_4847541168.jpg,https://t.me/+CgUFCvGWEk84NDQ1,Media
2026-01-25T13:01:03.648724,indiantvactress_1763998780_3773017690207351646_4847541168.jpg,https://t.me/+CgUFCvGWEk84NDQ1,Media
2026-01-25T13:01:03.648724,indiantvactress_1763998780_3773017690215718370_4847541168.jpg,https://t.me/+CgUFCvGWEk84NDQ1,Media
2026-01-25T13:01:03.649853,indiantvactress_1763998780_3773017690215718370_4847541168.jpg,https://t.me/+CgUFCvGWEk84NDQ1,Media
2026-01-25T13:01:03.650860,indiantvactress_1763998780_3773017690224068661_4847541168.jpg,https://t.me/+CgUFCvGWEk84NDQ1,Media
2026-01-25T13:01:03.651860,indiantvactress_1763998780_3773017690224068661_4847541168.jpg,https://t.me/+CgUFCvGWEk84NDQ1,Media
2026-01-25T13:08:13.579014,indiantvactress_1763998780_3773017690458980638_4847541168.jpg,https://t.me/+CgUFCvGWEk84NDQ1,Media
2026-01-25T13:08:13.580011,indiantvactress_1763998780_3773017690458980638_4847541168.jpg,https://t.me/+CgUFCvGWEk84NDQ1,Media
2026-01-25T13:08:13.581523,indiantvactress_1763998780_3773017690467351491_4847541168.jpg,https://t.me/+CgUFCvGWEk84NDQ1,Media
2026-01-25T13:08:13.582532,indiantvactress_1763998780_3773017690467351491_4847541168.jpg,https://t.me/+CgUFCvGWEk84NDQ1,Media
2026-01-25T13:08:13.583530,indiantvactress_1763998780_3773017690467381145_4847541168.jpg,https://t.me/+CgUFCvGWEk84NDQ1,Media
2026-01-25T13:08:13.583530,indiantvactress_1763998780_3773017690467381145_4847541168.jpg,https://t.me/+CgUFCvGWEk84NDQ1,Media
2026-01-25T13:08:13.583530,indiantvactress_1763998780_3773017690534457333_4847541168.jpg,https://t.me/+CgUFCvGWEk84NDQ1,Media
2026-01-25T13:08:13.585532,indiantvactress_1763998780_3773017690534457333_4847541168.jpg,https://t.me/+CgUFCvGWEk84NDQ1,Media
2026-01-25T13:08:13.586531,indiatoday_1764225367_3774917236834711649_1542430186.mp4,https://t.me/+CgUFCvGWEk84NDQ1,Media
2026-01-25T13:08:13.587531,inextlive_1767160034_3799535891422069090_2184503176.mp4,https://t.me/+CgUFCvGWEk84NDQ1,Media
2026-01-25T13:21:51.401273,instagram_1761321829_3750561237080001743_25025320.mp4,https://t.me/+CgUFCvGWEk84NDQ1,Media
2026-01-25T13:21:51.406197,instantpakistan_1764509874_3777304521920496947_5499928137.mp4,https://t.me/+CgUFCvGWEk84NDQ1,Media
2026-01-25T13:21:51.408195,ishidutta_1766904555_3797393101577530963_208966559.jpg,https://t.me/+CgUFCvGWEk84NDQ1,Media
2026-01-25T13:21:51.410192,ishidutta_1766904555_3797393101577557767_208966559.jpg,https://t.me/+CgUFCvGWEk84NDQ1,Media
2026-01-25T13:21:51.410192,ishidutta_1766904555_3797393101577572870_208966559.jpg,https://t.me/+CgUFCvGWEk84NDQ1,Media
2026-01-25T13:21:51.411697,ishidutta_1766904555_3797393101585910243_208966559.jpg,https://t.me/+CgUFCvGWEk84NDQ1,Media
2026-01-25T13:21:51.413023,ishidutta_1766904555_3797393101585965490_208966559.jpg,https://t.me/+CgUFCvGWEk84NDQ1,Media
2026-01-25T13:21:51.414034,ishidutta_1766904555_3797393101594318623_208966559.jpg,https://t.me/+CgUFCvGWEk84NDQ1,Media
2026-01-25T13:21:51.414034,ishidutta_1766904555_3797393101594340496_208966559.jpg,https://t.me/+CgUFCvGWEk84NDQ1,Media
2026-01-25T13:21:51.415629,ishidutta_1766904555_3797393101594346613_208966559.jpg,https://t.me/+CgUFCvGWEk84NDQ1,Media
2026-01-25T13:23:53.712687,ishidutta_1767268323_3800444607507811894_208966559.jpg,https://t.me/+CgUFCvGWEk84NDQ1,Media
2026-01-25T13:23:53.713684,ishidutta_1767268323_3800444607507829878_208966559.jpg,https://t.me/+CgUFCvGWEk84NDQ1,Media
2026-01-25T13:23:53.714203,ishidutta_1767268323_3800444607516193341_208966559.jpg,https://t.me/+CgUFCvGWEk84NDQ1,Media
2026-01-25T13:23:53.715220,ishidutta_1767699168_208966559.jpg,https://t.me/+CgUFCvGWEk84NDQ1,Media
2026-01-25T13:23:53.716220,ishidutta_1767723549_208966559.jpg,https://t.me/+CgUFCvGWEk84NDQ1,Media
2026-01-25T13:23:53.717212,ishidutta_1767726422_208966559.mp4,https://t.me/+CgUFCvGWEk84NDQ1,Media
2026-01-25T13:23:53.717212,ishidutta_1768373413_208966559.mp4,https://t.me/+CgUFCvGWEk84NDQ1,Media
2026-01-25T13:23:53.718220,ishidutta_1768376733_208966559.jpg,https://t.me/+CgUFCvGWEk84NDQ1,Media
2026-01-25T13:23:53.718220,ishidutta_1768401137_208966559.mp4,https://t.me/+CgUFCvGWEk84NDQ1,Media
2026-01-25T13:23:53.719220,ishidutta_1768401274_208966559.jpg,https://t.me/+CgUFCvGWEk84NDQ1,Media
2026-01-25T13:28:38.513996,ishidutta_1768401338_208966559.jpg,https://t.me/+CgUFCvGWEk84NDQ1,Media
2026-01-25T13:28:38.516020,ishidutta_1768402839_208966559.jpg,https://t.me/+CgUFCvGWEk84NDQ1,Media
2026-01-25T13:28:38.517592,ishidutta_1768539007_3811103878264142338_208966559.jpg,https://t.me/+CgUFCvGWEk84NDQ1,Media
2026-01-25T13:28:38.518494,ishidutta_1768539007_3811103878272517159_208966559.jpg,https://t.me/+CgUFCvGWEk84NDQ1,Media
2026-01-25T13:28:38.520012,ishidutta_1768539135_208966559.jpg,https://t.me/+CgUFCvGWEk84NDQ1,Media
2026-01-25T13:28:38.520012,ishidutta_1768553868_208966559.mp4,https://t.me/+CgUFCvGWEk84NDQ1,Media
2026-01-25T13:28:38.521036,ishidutta_1768827128_3813519675557278406_208966559.mp4,https://t.me/+CgUFCvGWEk84NDQ1,Media
2026-01-25T13:28:38.523033,ishidutta_1768848774_208966559.mp4,https://t.me/+CgUFCvGWEk84NDQ1,Media
2026-01-25T13:28:38.524040,ishidutta_1768849028_208966559.mp4,https://t.me/+CgUFCvGWEk84NDQ1,Media
2026-01-25T13:28:38.525036,ishidutta_1768849194_208966559.mp4,https://t.me/+CgUFCvGWEk84NDQ1,Media
2026-01-25T13:33:42.230750,ishidutta_1768876537_208966559.mp4,https://t.me/+CgUFCvGWEk84NDQ1,Media
2026-01-25T13:33:42.233829,ishidutta_1768892497_208966559.mp4,https://t.me/+CgUFCvGWEk84NDQ1,Media
2026-01-25T13:33:42.234749,itvxfilms_1767964883_3806278594889603994_74070475881.mp4,https://t.me/+CgUFCvGWEk84NDQ1,Media
2026-01-25T13:33:42.235750,jacquelienefernandez_1768555427_227407214.mp4,https://t.me/+CgUFCvGWEk84NDQ1,Media
2026-01-25T13:33:42.236749,jacquelienefernandez_1768557082_227407214.mp4,https://t.me/+CgUFCvGWEk84NDQ1,Media
2026-01-25T13:33:42.238254,jacquelienefernandez_1768557341_227407214.mp4,https://t.me/+CgUFCvGWEk84NDQ1,Media
2026-01-25T13:33:42.239259,jacquelienefernandez_1768573002_227407214.mp4,https://t.me/+CgUFCvGWEk84NDQ1,Media
2026-01-25T13:33:42.240258,jacquelienefernandez_1768630020_227407214.mp4,https://t.me/+CgUFCvGWEk84NDQ1,Media
2026-01-25T13:33:42.240258,jacquelienefernandez_1768630132_227407214.mp4,https://t.me/+CgUFCvGWEk84NDQ1,Media
2026-01-25T13:33:42.242276,jacquelienefernandez_1768634168_227407214.mp4,https://t.me/+CgUFCvGWEk84NDQ1,Media
2026-01-25T13:36:10.980136,jacquelienefernandez_1768640230_227407214.jpg,https://t.me/+CgUFCvGWEk84NDQ1,Media
2026-01-25T13:36:10.982137,jacquelienefernandez_1768646785_227407214.jpg,https://t.me/+CgUFCvGWEk84NDQ1,Media
2026-01-25T13:36:10.983146,jacquelienefernandez_1768646990_227407214.jpg,https://t.me/+CgUFCvGWEk84NDQ1,Media
2026-01-25T13:36:10.985155,janhvii_kapoorr__1767251798_3800305878327546324_56123834611.mp4,https://t.me/+CgUFCvGWEk84NDQ1,Media
2026-01-25T13:36:10.985155,janhvixlover_1762879882_3763631147613139099_62838605946.mp4,https://t.me/+CgUFCvGWEk84NDQ1,Media
2026-01-25T13:36:10.987138,jannatzubaier19_1765797252_3788104162065196855_48063797655.mp4,https://t.me/+CgUFCvGWEk84NDQ1,Media
2026-01-25T13:36:10.987138,jannatzubairr72_1762488379_3760347160748019607_71669752871.mp4,https://t.me/+CgUFCvGWEk84NDQ1,Media
2026-01-25T13:36:10.989149,jannatzubair_loves_1765357017_3784411412450990279_60386217339.jpg,https://t.me/+CgUFCvGWEk84NDQ1,Media
2026-01-25T13:36:10.990139,jannatzubair_loves_1765357017_3784411412450990279_60386217339.jpg,https://t.me/+CgUFCvGWEk84NDQ1,Media
2026-01-25T13:36:10.990605,jannatzubair_loves_1765357017_3784411412451008461_60386217339.jpg,https://t.me/+CgUFCvGWEk84NDQ1,Media
2026-01-25T13:36:39.579059,jannatzubair_loves_1765357017_3784411412744590617_60386217339.jpg,https://t.me/+CgUFCvGWEk84NDQ1,Media
2026-01-25T13:36:39.581006,jannatzubair_loves_1765357017_3784411412778157331_60386217339.jpg,https://t.me/+CgUFCvGWEk84NDQ1,Media
2026-01-25T13:36:39.583004,jannatzubair_loves_1765357017_3784411412778157331_60386217339.jpg,https://t.me/+CgUFCvGWEk84NDQ1,Media
2026-01-25T13:36:39.584012,jannatzubair_loves_1765357017_3784411412778176002_60386217339.jpg,https://t.me/+CgUFCvGWEk84NDQ1,Media
2026-01-25T13:36:39.585005,jannatzubair_loves_1765357017_3784411412778176002_60386217339.jpg,https://t.me/+CgUFCvGWEk84NDQ1,Media
2026-01-25T13:36:39.586005,janvicg_1767580294_182450247.mp4,https://t.me/+CgUFCvGWEk84NDQ1,Media
2026-01-25T13:36:39.586005,janvicg_1767580307_182450247.mp4,https://t.me/+CgUFCvGWEk84NDQ1,Media
2026-01-25T13:36:39.587004,janvicg_1767580317_182450247.mp4,https://t.me/+CgUFCvGWEk84NDQ1,Media
2026-01-25T13:36:39.588012,janvicg_1767580321_182450247.mp4,https://t.me/+CgUFCvGWEk84NDQ1,Media
2026-01-25T13:36:39.589005,janvicg_1767580326_182450247.mp4,https://t.me/+CgUFCvGWEk84NDQ1,Media
2026-01-25T13:40:05.701339,janvicg_1767580337_182450247.mp4,https://t.me/+CgUFCvGWEk84NDQ1,Media
2026-01-25T13:40:05.703340,janvicg_1767580350_182450247.mp4,https://t.me/+CgUFCvGWEk84NDQ1,Media
2026-01-25T13:40:05.704340,janvicg_1767580475_182450247.mp4,https://t.me/+CgUFCvGWEk84NDQ1,Media
2026-01-25T13:40:05.706340,janvicg_1767580520_182450247.mp4,https://t.me/+CgUFCvGWEk84NDQ1,Media
2026-01-25T13:40:05.708340,janvicg_1767580549_182450247.mp4,https://t.me/+CgUFCvGWEk84NDQ1,Media
2026-01-25T13:40:05.708340,janvicg_1767580553_182450247.mp4,https://t.me/+CgUFCvGWEk84NDQ1,Media
2026-01-25T13:40:05.709340,janvicg_1767580557_182450247.mp4,https://t.me/+CgUFCvGWEk84NDQ1,Media
2026-01-25T13:40:05.710339,janvicg_1767580564_182450247.mp4,https://t.me/+CgUFCvGWEk84NDQ1,Media
2026-01-25T13:40:05.710339,janvicg_1767580568_182450247.mp4,https://t.me/+CgUFCvGWEk84NDQ1,Media
2026-01-25T13:40:05.712339,janvicg_1767580573_182450247.mp4,https://t.me/+CgUFCvGWEk84NDQ1,Media
2026-01-25T13:42:31.086686,janvicg_1767580576_182450247.mp4,https://t.me/+CgUFCvGWEk84NDQ1,Media
2026-01-25T13:42:31.089103,janvicg_1767580625_182450247.mp4,https://t.me/+CgUFCvGWEk84NDQ1,Media
2026-01-25T13:42:31.090082,janvicg_1767580629_182450247.jpg,https://t.me/+CgUFCvGWEk84NDQ1,Media
2026-01-25T13:42:31.091091,janvicg_1767580633_182450247.jpg,https://t.me/+CgUFCvGWEk84NDQ1,Media
2026-01-25T13:42:31.092082,janvicg_1767580640_182450247.mp4,https://t.me/+CgUFCvGWEk84NDQ1,Media
2026-01-25T13:42:31.093082,janvicg_1767580647_182450247.mp4,https://t.me/+CgUFCvGWEk84NDQ1,Media
2026-01-25T13:42:31.093082,janvicg_1767580666_182450247.mp4,https://t.me/+CgUFCvGWEk84NDQ1,Media
2026-01-25T13:42:31.094584,janvicg_1767580686_182450247.mp4,https://t.me/+CgUFCvGWEk84NDQ1,Media
2026-01-25T13:42:31.094584,janvicg_1767580747_182450247.mp4,https://t.me/+CgUFCvGWEk84NDQ1,Media
2026-01-25T13:42:31.095587,janvicg_1767580787_182450247.mp4,https://t.me/+CgUFCvGWEk84NDQ1,Media
2026-01-25T13:46:55.367256,janvicg_1767580802_182450247.mp4,https://t.me/+CgUFCvGWEk84NDQ1,Media
2026-01-25T13:46:55.368258,janvicg_1767580828_182450247.mp4,https://t.me/+CgUFCvGWEk84NDQ1,Media
2026-01-25T13:46:55.371250,janvicg_1767580855_182450247.mp4,https://t.me/+CgUFCvGWEk84NDQ1,Media
2026-01-25T13:46:55.372253,janvicg_1767580873_182450247.mp4,https://t.me/+CgUFCvGWEk84NDQ1,Media
2026-01-25T13:46:55.373259,janvicg_1767580976_182450247.mp4,https://t.me/+CgUFCvGWEk84NDQ1,Media
2026-01-25T13:46:55.374259,janvicg_1767607153_182450247.mp4,https://t.me/+CgUFCvGWEk84NDQ1,Media
2026-01-25T13:46:55.375254,janvicg_1767607161_182450247.mp4,https://t.me/+CgUFCvGWEk84NDQ1,Media
2026-01-25T13:46:55.376254,janvicg_1767607180_182450247.mp4,https://t.me/+CgUFCvGWEk84NDQ1,Media
2026-01-25T13:46:55.377246,janvicg_1767607189_182450247.mp4,https://t.me/+CgUFCvGWEk84NDQ1,Media
2026-01-25T13:46:55.378254,janvicg_1767607199_182450247.mp4,https://t.me/+CgUFCvGWEk84NDQ1,Media
2026-01-25T13:50:44.256956,janvicg_1767607265_182450247.mp4,https://t.me/+CgUFCvGWEk84NDQ1,Media
2026-01-25T13:50:44.257960,janvicg_1767663474_182450247.mp4,https://t.me/+CgUFCvGWEk84NDQ1,Media
2026-01-25T13:50:44.258964,janvicg_1767663484_182450247.mp4,https://t.me/+CgUFCvGWEk84NDQ1,Media
2026-01-25T13:50:44.259967,janvicg_1767663499_182450247.mp4,https://t.me/+CgUFCvGWEk84NDQ1,Media
2026-01-25T13:50:44.260968,janvicg_1767722795_182450247.mp4,https://t.me/+CgUFCvGWEk84NDQ1,Media
2026-01-25T13:50:44.261968,janvicg_1767722801_182450247.mp4,https://t.me/+CgUFCvGWEk84NDQ1,Media
2026-01-25T13:50:44.262968,janvicg_1767722814_182450247.mp4,https://t.me/+CgUFCvGWEk84NDQ1,Media
2026-01-25T13:50:44.265472,janvicg_1767722826_182450247.mp4,https://t.me/+CgUFCvGWEk84NDQ1,Media
2026-01-25T13:50:44.265472,janvicg_1767722839_182450247.mp4,https://t.me/+CgUFCvGWEk84NDQ1,Media
2026-01-25T13:50:44.266991,janvicg_1767722875_182450247.mp4,https://t.me/+CgUFCvGWEk84NDQ1,Media
2026-01-25T13:56:02.383821,janvicg_1767722881_182450247.mp4,https://t.me/+CgUFCvGWEk84NDQ1,Media
2026-01-25T13:56:02.383821,janvicg_1767722895_182450247.mp4,https://t.me/+CgUFCvGWEk84NDQ1,Media
2026-01-25T13:56:02.387330,janvicg_1767722912_182450247.mp4,https://t.me/+CgUFCvGWEk84NDQ1,Media
2026-01-25T13:56:02.388514,janvicg_1767722979_182450247.mp4,https://t.me/+CgUFCvGWEk84NDQ1,Media
2026-01-25T13:56:02.389513,janvicg_1767723022_182450247.mp4,https://t.me/+CgUFCvGWEk84NDQ1,Media
2026-01-25T13:56:02.390513,janvicg_1767723035_182450247.mp4,https://t.me/+CgUFCvGWEk84NDQ1,Media
2026-01-25T13:56:02.391513,janvicg_1767723053_182450247.mp4,https://t.me/+CgUFCvGWEk84NDQ1,Media
2026-01-25T13:56:02.392513,janvicg_1767723058_182450247.mp4,https://t.me/+CgUFCvGWEk84NDQ1,Media
2026-01-25T13:56:02.393513,janvicg_1767723064_182450247.mp4,https://t.me/+CgUFCvGWEk84NDQ1,Media
2026-01-25T13:56:02.394514,janvicg_1767723083_182450247.mp4,https://t.me/+CgUFCvGWEk84NDQ1,Media
2026-01-25T14:01:34.790675,janvicg_1767723087_182450247.mp4,https://t.me/+CgUFCvGWEk84NDQ1,Media
2026-01-25T14:01:34.791676,jatinsunnyhairport__1767107728_3799091279628360799_53778451900.mp4,https://t.me/+CgUFCvGWEk84NDQ1,Media
2026-01-25T14:01:34.793674,jenniferloverofficial_1766497966_3793978559988034432_75516798893.mp4,https://t.me/+CgUFCvGWEk84NDQ1,Media
2026-01-25T14:01:34.793674,jennyholic_1_1765639833_3786783844020080897_47174693304.jpg,https://t.me/+CgUFCvGWEk84NDQ1,Media
2026-01-25T14:01:34.795197,jennyholic_1_1765639833_3786783844020080897_47174693304.jpg,https://t.me/+CgUFCvGWEk84NDQ1,Media
2026-01-25T14:01:34.796223,jennyholic_1_1765639833_3786783844028494904_47174693304.jpg,https://t.me/+CgUFCvGWEk84NDQ1,Media
2026-01-25T14:01:34.796223,jennyholic_1_1765639833_3786783844028494904_47174693304.jpg,https://t.me/+CgUFCvGWEk84NDQ1,Media
2026-01-25T14:01:34.797743,jennyholic_1_1765639833_3786783844112368813_47174693304.jpg,https://t.me/+CgUFCvGWEk84NDQ1,Media
2026-01-25T14:01:34.798767,jennyholic_1_1765639833_3786783844112368813_47174693304.jpg,https://t.me/+CgUFCvGWEk84NDQ1,Media
2026-01-25T14:01:34.798767,jennyholic_1_1765639833_3786783844154304039_47174693304.jpg,https://t.me/+CgUFCvGWEk84NDQ1,Media
2026-01-25T14:02:34.020041,jonitamusic_1768850332_669364181.jpg,https://t.me/+CgUFCvGWEk84NDQ1,Media
2026-01-25T14:02:34.021041,jonitamusic_1768891575_669364181.jpg,https://t.me/+CgUFCvGWEk84NDQ1,Media
2026-01-25T14:02:34.022041,jonitamusic_1768892054_669364181.jpg,https://t.me/+CgUFCvGWEk84NDQ1,Media
2026-01-25T14:02:34.023042,jonitamusic_1768892600_669364181.jpg,https://t.me/+CgUFCvGWEk84NDQ1,Media
2026-01-25T14:02:34.024041,jonitamusic_1768924636_669364181.jpg,https://t.me/+CgUFCvGWEk84NDQ1,Media
2026-01-25T14:02:34.024041,jonitamusic_1768924639_669364181.jpg,https://t.me/+CgUFCvGWEk84NDQ1,Media
2026-01-25T14:02:34.024041,jonitamusic_1768924649_669364181.jpg,https://t.me/+CgUFCvGWEk84NDQ1,Media
2026-01-25T14:02:34.025545,jonitamusic_1768924652_669364181.jpg,https://t.me/+CgUFCvGWEk84NDQ1,Media
2026-01-25T14:02:34.026550,jonitamusic_1768931450_669364181.jpg,https://t.me/+CgUFCvGWEk84NDQ1,Media
2026-01-25T14:02:34.027568,jonitamusic_1768931455_669364181.jpg,https://t.me/+CgUFCvGWEk84NDQ1,Media
2026-01-25T14:54:08.283231,justbollywood.in_1765181273_3782936934280785960_48348493915.mp4,https://t.me/+CgUFCvGWEk84NDQ1,Media
2026-01-25T14:54:08.284231,justbollywood.in_1766839704_3796848887714062199_48348493915.mp4,https://t.me/+CgUFCvGWEk84NDQ1,Media
2026-01-25T14:54:08.285735,justbollywood.in_1766999182_3798186695954890818_48348493915.mp4,https://t.me/+CgUFCvGWEk84NDQ1,Media
2026-01-25T14:54:08.286739,justbollywood.in_1767101379_3799043969321646081_48348493915.mp4,https://t.me/+CgUFCvGWEk84NDQ1,Media
2026-01-25T14:54:08.287739,justbollywood.in_1767440014_3801884636297232190_48348493915.mp4,https://t.me/+CgUFCvGWEk84NDQ1,Media
2026-01-25T14:54:08.288743,justjanvi_1768549996_3811195453047945419_3481950794.mp4,https://t.me/+CgUFCvGWEk84NDQ1,Media
2026-01-25T14:54:08.305300,juvariaabbasi_1768392979_3809876776470596725_286810324.mp4,https://t.me/+CgUFCvGWEk84NDQ1,Media
2026-01-25T14:54:08.307304,juvariaabbasi_1768568523_3811350741969950736_286810324.mp4,https://t.me/+CgUFCvGWEk84NDQ1,Media
2026-01-25T14:54:08.309308,kajol_1767772462_2994654426.jpg,https://t.me/+CgUFCvGWEk84NDQ1,Media
2026-01-25T14:54:08.311307,kajol_1767772462_2994654426.jpg,https://t.me/+CgUFCvGWEk84NDQ1,Media
2026-01-25T15:04:29.699104,kapursahab_1766757515_3796158442361729263_1183286554.mp4,https://t.me/+CgUFCvGWEk84NDQ1,Media
2026-01-25T15:04:29.699104,karansharmaa_official_1764504432_3777259022555401617_1459175664.mp4,https://t.me/+CgUFCvGWEk84NDQ1,Media
2026-01-25T15:04:29.703634,kashhish_1768548278_2201993672.mp4,https://t.me/+CgUFCvGWEk84NDQ1,Media
2026-01-25T15:04:29.703634,kashhish_1768564692_2201993672.jpg,https://t.me/+CgUFCvGWEk84NDQ1,Media
2026-01-25T15:04:29.704634,kashhish_1768570013_2201993672.mp4,https://t.me/+CgUFCvGWEk84NDQ1,Media
2026-01-25T15:04:29.706139,kashhish_1768573726_2201993672.mp4,https://t.me/+CgUFCvGWEk84NDQ1,Media
2026-01-25T15:04:29.707144,kashmera1_1767657602_3803709734793664508_561375575.mp4,https://t.me/+CgUFCvGWEk84NDQ1,Media
2026-01-25T15:04:29.709143,kaveripriyam_official_1768718352_3040472929.mp4,https://t.me/+CgUFCvGWEk84NDQ1,Media
2026-01-25T15:04:29.709143,kaveripriyam_official_1768722835_3040472929.jpg,https://t.me/+CgUFCvGWEk84NDQ1,Media
2026-01-25T15:04:29.709143,kaveripriyam_official_1768726882_3040472929.mp4,https://t.me/+CgUFCvGWEk84NDQ1,Media
2026-01-25T15:06:45.318779,kaveripriyam_official_1768727610_3040472929.mp4,https://t.me/+CgUFCvGWEk84NDQ1,Media
2026-01-25T15:06:45.319779,kaveripriyam_official_1768728539_3040472929.mp4,https://t.me/+CgUFCvGWEk84NDQ1,Media
2026-01-25T15:06:45.320778,kaveripriyam_official_1768745003_3040472929.mp4,https://t.me/+CgUFCvGWEk84NDQ1,Media
2026-01-25T15:06:45.320778,kavitabanerjee_1766653290_1457001721.mp4,https://t.me/+CgUFCvGWEk84NDQ1,Media
2026-01-25T15:06:45.322290,kavitabanerjee_1766653299_1457001721.mp4,https://t.me/+CgUFCvGWEk84NDQ1,Media
2026-01-25T15:06:45.323294,kavitabanerjee_1766663635_1457001721.mp4,https://t.me/+CgUFCvGWEk84NDQ1,Media
2026-01-25T15:06:45.324295,kavitabanerjee_1766663717_1457001721.mp4,https://t.me/+CgUFCvGWEk84NDQ1,Media
2026-01-25T15:06:45.324295,kavitabanerjee_1766663727_1457001721.mp4,https://t.me/+CgUFCvGWEk84NDQ1,Media
2026-01-25T15:06:45.325806,kavitabanerjee_1766672986_1457001721.mp4,https://t.me/+CgUFCvGWEk84NDQ1,Media
2026-01-25T15:06:45.325806,kavitabanerjee_1766673009_1457001721.mp4,https://t.me/+CgUFCvGWEk84NDQ1,Media
2026-01-25T15:09:45.971971,kavitabanerjee_1766683759_1457001721.mp4,https://t.me/+CgUFCvGWEk84NDQ1,Media
2026-01-25T15:09:45.972957,kavitabanerjee_1766684188_1457001721.mp4,https://t.me/+CgUFCvGWEk84NDQ1,Media
2026-01-25T15:09:45.973957,kavitabanerjee_1766690855_1457001721.jpg,https://t.me/+CgUFCvGWEk84NDQ1,Media
2026-01-25T15:09:45.974956,kavitabanerjee_1766738242_1457001721.jpg,https://t.me/+CgUFCvGWEk84NDQ1,Media
2026-01-25T15:09:45.975963,kavitabanerjee_1766813302_1457001721.jpg,https://t.me/+CgUFCvGWEk84NDQ1,Media
2026-01-25T15:09:45.975963,kavitabanerjee_1766905021_1457001721.jpg,https://t.me/+CgUFCvGWEk84NDQ1,Media
2026-01-25T15:09:45.978350,kavitabanerjee_1766905066_1457001721.jpg,https://t.me/+CgUFCvGWEk84NDQ1,Media
2026-01-25T15:09:45.979350,kavitabanerjee_1768567095_1457001721.mp4,https://t.me/+CgUFCvGWEk84NDQ1,Media
2026-01-25T15:09:45.979350,kavitabanerjee_1768584808_1457001721.mp4,https://t.me/+CgUFCvGWEk84NDQ1,Media
2026-01-25T15:09:45.980854,kavitabanerjee_1768909399_1457001721.mp4,https://t.me/+CgUFCvGWEk84NDQ1,Media
2026-01-25T15:19:06.022250,kavitabanerjee_1768918980_1457001721.mp4,https://t.me/+CgUFCvGWEk84NDQ1,Media
2026-01-25T15:19:06.023249,kavitabanerjee_1768929157_1457001721.jpg,https://t.me/+CgUFCvGWEk84NDQ1,Media
2026-01-25T15:19:06.024249,khanzaadixqueen_1767775315_3804697563916782985_64131696865.jpg,https://t.me/+CgUFCvGWEk84NDQ1,Media
2026-01-25T15:19:06.026756,khanzaadixqueen_1767775315_3804697563916782985_64131696865.jpg,https://t.me/+CgUFCvGWEk84NDQ1,Media
2026-01-25T15:19:06.026756,khoyasaladka_1765280940_3783771768096315420_70806788509.mp4,https://t.me/+CgUFCvGWEk84NDQ1,Media
2026-01-25T15:19:06.028760,khushalmali_1768160516_3807927156539079352_495079101.mp4,https://t.me/+CgUFCvGWEk84NDQ1,Media
2026-01-25T15:19:06.030760,khushiii.vibes_1764320240_3775714043940192836_61708751931.mp4,https://t.me/+CgUFCvGWEk84NDQ1,Media
2026-01-25T15:19:06.032182,khushimali_14_1761416090_3751350304085168772_35460578157.mp4,https://t.me/+CgUFCvGWEk84NDQ1,Media
2026-01-25T15:19:06.033183,khushishah_1768588180_227332635.mp4,https://t.me/+CgUFCvGWEk84NDQ1,Media
2026-01-25T15:19:06.034183,khushishah_1768588629_227332635.mp4,https://t.me/+CgUFCvGWEk84NDQ1,Media
2026-01-25T15:28:55.355575,khushishah_1768592253_227332635.mp4,https://t.me/+CgUFCvGWEk84NDQ1,Media
2026-01-25T15:28:55.356575,khushishah_1768633476_227332635.mp4,https://t.me/+CgUFCvGWEk84NDQ1,Media
2026-01-25T15:28:55.358080,khushishah_1768650468_227332635.mp4,https://t.me/+CgUFCvGWEk84NDQ1,Media
2026-01-25T15:28:55.360686,khushishah_1768653485_227332635.mp4,https://t.me/+CgUFCvGWEk84NDQ1,Media
2026-01-25T15:28:55.361703,khushishah_1768663974_227332635.mp4,https://t.me/+CgUFCvGWEk84NDQ1,Media
2026-01-25T15:28:55.362711,khushishah_1768670087_227332635.mp4,https://t.me/+CgUFCvGWEk84NDQ1,Media
2026-01-25T15:28:55.363850,khushishah_1768670321_227332635.mp4,https://t.me/+CgUFCvGWEk84NDQ1,Media
2026-01-25T15:28:55.364855,khushishah_1768670433_227332635.mp4,https://t.me/+CgUFCvGWEk84NDQ1,Media
2026-01-25T15:28:55.366339,khushishah_1768867207_227332635.mp4,https://t.me/+CgUFCvGWEk84NDQ1,Media
2026-01-25T15:28:55.367849,khushishah_1768867312_227332635.mp4,https://t.me/+CgUFCvGWEk84NDQ1,Media
2026-01-25T15:34:42.962261,khushishah_1768931458_227332635.mp4,https://t.me/+CgUFCvGWEk84NDQ1,Media
2026-01-25T15:34:42.964261,khushishah_1768932486_227332635.mp4,https://t.me/+CgUFCvGWEk84NDQ1,Media
2026-01-25T15:34:42.965262,khushishah_1768934995_227332635.mp4,https://t.me/+CgUFCvGWEk84NDQ1,Media
2026-01-25T15:34:42.966275,kiaracverse_1766653539_3795287152377291868_71973223692.mp4,https://t.me/+CgUFCvGWEk84NDQ1,Media
2026-01-25T15:34:42.968786,kirtichoudhary04_1768225858_3808475026576979562_5552074846.mp4,https://t.me/+CgUFCvGWEk84NDQ1,Media
2026-01-25T15:34:42.969785,kirtichoudhary04_1768225858_3808475232659907864_5552074846.mp4,https://t.me/+CgUFCvGWEk84NDQ1,Media
2026-01-25T15:34:42.970794,kirtichoudhary04_1768225858_3808475233540726646_5552074846.mp4,https://t.me/+CgUFCvGWEk84NDQ1,Media
2026-01-25T15:34:42.971785,kirtichoudhary04_1768225858_3808476998118004510_5552074846.jpg,https://t.me/+CgUFCvGWEk84NDQ1,Media
2026-01-25T15:34:42.972785,kirtichoudhary04_1768225858_3808476998126340986_5552074846.jpg,https://t.me/+CgUFCvGWEk84NDQ1,Media
2026-01-25T15:34:42.972785,kirtichoudhary04_1768225858_3808476998143174997_5552074846.jpg,https://t.me/+CgUFCvGWEk84NDQ1,Media
2026-01-25T15:43:10.278492,kissikraja1995_1765263290_3783624381160220943_77663727666.mp4,https://t.me/+CgUFCvGWEk84NDQ1,Media
2026-01-25T15:43:10.280472,kiyaana_mehar3021_1768104081_3807449998707716371_50828429541.mp4,https://t.me/+CgUFCvGWEk84NDQ1,Media
2026-01-25T15:43:10.282444,kkundrra_1767266721_3800430877110172788_2193159.mp4,https://t.me/+CgUFCvGWEk84NDQ1,Media
2026-01-25T15:43:10.283448,kkundrra_1767266721_3800430907518847178_2193159.mp4,https://t.me/+CgUFCvGWEk84NDQ1,Media
2026-01-25T15:43:10.285455,kkundrra_1767266721_3800430955635869042_2193159.mp4,https://t.me/+CgUFCvGWEk84NDQ1,Media
2026-01-25T15:43:10.286445,kkundrra_1767266721_3800431006521222697_2193159.mp4,https://t.me/+CgUFCvGWEk84NDQ1,Media
2026-01-25T15:43:10.287444,kkundrra_1767266721_3800431169763475931_2193159.jpg,https://t.me/+CgUFCvGWEk84NDQ1,Media
2026-01-25T15:43:10.287444,kkundrra_1767266721_3800431169813842412_2193159.jpg,https://t.me/+CgUFCvGWEk84NDQ1,Media
2026-01-25T15:43:10.288444,kkundrra_1767266721_3800431169872557161_2193159.jpg,https://t.me/+CgUFCvGWEk84NDQ1,Media
2026-01-25T15:43:10.289452,kkundrra_1767266721_3800431170023585471_2193159.jpg,https://t.me/+CgUFCvGWEk84NDQ1,Media
2026-01-25T15:44:27.168240,kkundrra_1767266721_3800431170031943544_2193159.jpg,https://t.me/+CgUFCvGWEk84NDQ1,Media
2026-01-25T15:44:27.170219,knights_hunter__1764908900_3780652333903169517_39454768437.jpg,https://t.me/+CgUFCvGWEk84NDQ1,Media
2026-01-25T15:44:27.171122,knights_hunter__1764908900_3780652333903169517_39454768437.jpg,https://t.me/+CgUFCvGWEk84NDQ1,Media
2026-01-25T15:44:27.172108,kriti.kharbanda_1767272793_396118220.jpg,https://t.me/+CgUFCvGWEk84NDQ1,Media
2026-01-25T15:44:27.173110,kriti.kharbanda_1767297719_396118220.jpg,https://t.me/+CgUFCvGWEk84NDQ1,Media
2026-01-25T15:44:27.173110,kriti.kharbanda_1767689323_396118220.mp4,https://t.me/+CgUFCvGWEk84NDQ1,Media
2026-01-25T15:44:27.174108,kriti.kharbanda_1767692641_396118220.mp4,https://t.me/+CgUFCvGWEk84NDQ1,Media
2026-01-25T15:44:27.174108,kriti.kharbanda_1767728465_396118220.mp4,https://t.me/+CgUFCvGWEk84NDQ1,Media
2026-01-25T15:44:27.175116,kritikadagar21_1767119738_2278664885.mp4,https://t.me/+CgUFCvGWEk84NDQ1,Media
2026-01-25T15:44:27.176108,kritikadagar21_1767120375_2278664885.mp4,https://t.me/+CgUFCvGWEk84NDQ1,Media
2026-01-25T15:48:58.290619,kritikadagar21_1767165897_2278664885.jpg,https://t.me/+CgUFCvGWEk84NDQ1,Media
2026-01-25T15:48:58.290619,kritikadagar21_1767251997_2278664885.mp4,https://t.me/+CgUFCvGWEk84NDQ1,Media
2026-01-25T15:48:58.292619,kritikadagar21_1767253970_2278664885.jpg,https://t.me/+CgUFCvGWEk84NDQ1,Media
2026-01-25T15:48:58.294122,kritikadagar21_1767256457_2278664885.mp4,https://t.me/+CgUFCvGWEk84NDQ1,Media
2026-01-25T15:48:58.294122,kritikadagar21_1767258404_2278664885.mp4,https://t.me/+CgUFCvGWEk84NDQ1,Media
2026-01-25T15:48:58.295126,kritikadagar21_1767265930_2278664885.mp4,https://t.me/+CgUFCvGWEk84NDQ1,Media
2026-01-25T15:48:58.297636,kritikadagar21_1767272867_2278664885.mp4,https://t.me/+CgUFCvGWEk84NDQ1,Media
2026-01-25T15:48:58.298635,kritikadagar21_1767283069_2278664885.mp4,https://t.me/+CgUFCvGWEk84NDQ1,Media
2026-01-25T15:48:58.299640,kritikadagar21_1767283447_2278664885.mp4,https://t.me/+CgUFCvGWEk84NDQ1,Media
2026-01-25T15:48:58.300640,kritikadagar21_1767358321_2278664885.mp4,https://t.me/+CgUFCvGWEk84NDQ1,Media
2026-01-25T15:52:29.505334,kritikadagar21_1767367149_2278664885.mp4,https://t.me/+CgUFCvGWEk84NDQ1,Media
2026-01-25T15:52:29.506335,kritikadagar21_1767368577_2278664885.mp4,https://t.me/+CgUFCvGWEk84NDQ1,Media
2026-01-25T15:52:29.507335,kritikadagar21_1767371675_2278664885.mp4,https://t.me/+CgUFCvGWEk84NDQ1,Media
2026-01-25T15:52:29.507335,kritikadagar21_1767373622_2278664885.mp4,https://t.me/+CgUFCvGWEk84NDQ1,Media
2026-01-25T15:52:29.508335,kriti_sanon_addict45_1764881265_3780419511108476352_78539807969.mp4,https://t.me/+CgUFCvGWEk84NDQ1,Media
2026-01-25T15:52:29.510354,kushalsonar__1763787078_3771241510457635849_66858781174.mp4,https://t.me/+CgUFCvGWEk84NDQ1,Media
2026-01-25T15:52:29.511350,kyliejenner_1768503193_12281817.jpg,https://t.me/+CgUFCvGWEk84NDQ1,Media
2026-01-25T15:52:29.511350,kyliejenner_1768503295_12281817.jpg,https://t.me/+CgUFCvGWEk84NDQ1,Media
2026-01-25T15:52:29.512334,kyliejenner_1768503300_12281817.jpg,https://t.me/+CgUFCvGWEk84NDQ1,Media
2026-01-25T15:52:29.512334,kyliejenner_1768503311_12281817.jpg,https://t.me/+CgUFCvGWEk84NDQ1,Media
2026-01-25T15:53:58.765356,kyliejenner_1768505092_12281817.jpg,https://t.me/+CgUFCvGWEk84NDQ1,Media
2026-01-25T15:53:58.767367,kyliejenner_1768506158_12281817.mp4,https://t.me/+CgUFCvGWEk84NDQ1,Media
2026-01-25T15:53:58.768360,kyliejenner_1768506190_12281817.jpg,https://t.me/+CgUFCvGWEk84NDQ1,Media
2026-01-25T15:53:58.769359,kyliejenner_1768506206_12281817.mp4,https://t.me/+CgUFCvGWEk84NDQ1,Media
2026-01-25T15:53:58.770072,kyliejenner_1768515075_12281817.jpg,https://t.me/+CgUFCvGWEk84NDQ1,Media
2026-01-25T15:53:58.772079,kyliejenner_1768515238_12281817.jpg,https://t.me/+CgUFCvGWEk84NDQ1,Media
2026-01-25T15:53:58.772079,kyliejenner_1768515244_12281817.jpg,https://t.me/+CgUFCvGWEk84NDQ1,Media
2026-01-25T15:53:58.773245,kyliejenner_1768515250_12281817.jpg,https://t.me/+CgUFCvGWEk84NDQ1,Media
2026-01-25T15:53:58.773761,kyliejenner_1768515255_12281817.jpg,https://t.me/+CgUFCvGWEk84NDQ1,Media
2026-01-25T15:53:58.774267,kyliejenner_1768515274_12281817.jpg,https://t.me/+CgUFCvGWEk84NDQ1,Media
2026-01-25T15:57:12.734402,kyliejenner_1768520945_12281817.jpg,https://t.me/+CgUFCvGWEk84NDQ1,Media
2026-01-25T15:57:12.735406,kyliejenner_1768520953_12281817.jpg,https://t.me/+CgUFCvGWEk84NDQ1,Media
2026-01-25T15:57:12.736407,kyliejenner_1768520983_12281817.jpg,https://t.me/+CgUFCvGWEk84NDQ1,Media
2026-01-25T15:57:12.737406,kyliejenner_1768533015_12281817.jpg,https://t.me/+CgUFCvGWEk84NDQ1,Media
2026-01-25T15:57:12.738405,lav_here_1760852368_3746515854822079049_2085291873.mp4,https://t.me/+CgUFCvGWEk84NDQ1,Media
2026-01-25T15:57:12.740405,laxmikantbabloo_1761456741_3751693355605215395_58763685738.mp4,https://t.me/+CgUFCvGWEk84NDQ1,Media
2026-01-25T15:57:12.741413,life.of.paarth_1766814821_3796639950867818767_67141368257.mp4,https://t.me/+CgUFCvGWEk84NDQ1,Media
2026-01-25T15:57:12.742406,lifeatfilmygyan_1768241866_3808611281645639684_48619548414.jpg,https://t.me/+CgUFCvGWEk84NDQ1,Media
2026-01-25T15:57:12.743911,lifeatfilmygyan_1768241866_3808611281653996502_48619548414.jpg,https://t.me/+CgUFCvGWEk84NDQ1,Media
2026-01-25T15:57:12.744921,lifeatfilmygyan_1768241866_3808611281662412775_48619548414.jpg,https://t.me/+CgUFCvGWEk84NDQ1,Media
2026-01-25T15:58:40.482657,lifeatfilmygyan_1768241866_3808611281981164361_48619548414.jpg,https://t.me/+CgUFCvGWEk84NDQ1,Media
2026-01-25T15:58:40.484776,lloveeely_1768127719_3807653742695825571_1651976328.jpg,https://t.me/+CgUFCvGWEk84NDQ1,Media
2026-01-25T15:58:40.485781,lloveeely_1768127719_3807653742695826849_1651976328.jpg,https://t.me/+CgUFCvGWEk84NDQ1,Media
2026-01-25T15:58:40.485781,lloveeely_1768127719_3807653742695842149_1651976328.jpg,https://t.me/+CgUFCvGWEk84NDQ1,Media
2026-01-25T15:58:40.488301,lloveeely_1768127719_3807653742695855499_1651976328.jpg,https://t.me/+CgUFCvGWEk84NDQ1,Media
2026-01-25T15:58:40.488301,lloveeely_1768127719_3807653742695857115_1651976328.jpg,https://t.me/+CgUFCvGWEk84NDQ1,Media
2026-01-25T15:58:40.489291,lloveeely_1768127719_3807653742704211051_1651976328.jpg,https://t.me/+CgUFCvGWEk84NDQ1,Media
2026-01-25T15:58:40.490291,lloveeely_1768127719_3807653742704253449_1651976328.jpg,https://t.me/+CgUFCvGWEk84NDQ1,Media
2026-01-25T15:58:40.491291,lloveeely_1768127719_3807653742712643231_1651976328.jpg,https://t.me/+CgUFCvGWEk84NDQ1,Media
2026-01-25T15:58:40.491291,lloveeely_1768127719_3807653742863581662_1651976328.jpg,https://t.me/+CgUFCvGWEk84NDQ1,Media
2026-01-25T16:02:28.088137,lloveeely_1768127719_3807653742981031545_1651976328.jpg,https://t.me/+CgUFCvGWEk84NDQ1,Media
2026-01-25T16:02:28.090233,lloveeely_1768127719_3807653742981037054_1651976328.jpg,https://t.me/+CgUFCvGWEk84NDQ1,Media
2026-01-25T16:02:28.091151,lloveeely_1768127719_3807653743022992324_1651976328.jpg,https://t.me/+CgUFCvGWEk84NDQ1,Media
2026-01-25T16:02:28.093151,lloveeely_1768127719_3807653743115250943_1651976328.jpg,https://t.me/+CgUFCvGWEk84NDQ1,Media
2026-01-25T16:02:28.094216,lokhandeankita_1767016946_2930538200.jpg,https://t.me/+CgUFCvGWEk84NDQ1,Media
2026-01-25T16:02:28.094814,lokhandeankita_1767016950_2930538200.jpg,https://t.me/+CgUFCvGWEk84NDQ1,Media
2026-01-25T16:02:28.095856,lokhandeankita_1767018372_2930538200.mp4,https://t.me/+CgUFCvGWEk84NDQ1,Media
2026-01-25T16:02:28.095856,lokhandeankita_1767024686_2930538200.mp4,https://t.me/+CgUFCvGWEk84NDQ1,Media
2026-01-25T16:02:28.097905,lokhandeankita_1767067952_2930538200.mp4,https://t.me/+CgUFCvGWEk84NDQ1,Media
2026-01-25T16:02:28.098881,lokhandeankita_1767067971_2930538200.mp4,https://t.me/+CgUFCvGWEk84NDQ1,Media
2026-01-25T16:04:54.320996,lokhandeankita_1767254313_2930538200.jpg,https://t.me/+CgUFCvGWEk84NDQ1,Media
2026-01-25T16:04:54.322954,lokhandeankita_1767254323_2930538200.jpg,https://t.me/+CgUFCvGWEk84NDQ1,Media
2026-01-25T16:04:54.323955,lokhandeankita_1767254326_2930538200.jpg,https://t.me/+CgUFCvGWEk84NDQ1,Media
2026-01-25T16:04:54.325954,lokhandeankita_1767254334_2930538200.jpg,https://t.me/+CgUFCvGWEk84NDQ1,Media
2026-01-25T16:04:54.325954,lokhandeankita_1767254449_2930538200.mp4,https://t.me/+CgUFCvGWEk84NDQ1,Media
2026-01-25T16:04:54.326955,lokhandeankita_1767254459_2930538200.mp4,https://t.me/+CgUFCvGWEk84NDQ1,Media
2026-01-25T16:04:54.327954,lokhandeankita_1767295252_2930538200.mp4,https://t.me/+CgUFCvGWEk84NDQ1,Media
2026-01-25T16:04:54.327954,lokhandeankita_1768393319_2930538200.mp4,https://t.me/+CgUFCvGWEk84NDQ1,Media
2026-01-25T16:04:54.328954,lokhandeankita_1768394817_2930538200.jpg,https://t.me/+CgUFCvGWEk84NDQ1,Media
2026-01-25T16:04:54.330953,lokhandeankita_1768410230_2930538200.mp4,https://t.me/+CgUFCvGWEk84NDQ1,Media
2026-01-25T16:08:13.630914,lokhandeankita_1768414930_2930538200.mp4,https://t.me/+CgUFCvGWEk84NDQ1,Media
2026-01-25T16:08:13.631912,lsjournalists_1765488982_3785518153405069926_77237295166.mp4,https://t.me/+CgUFCvGWEk84NDQ1,Media
2026-01-25T16:08:13.631912,lyricslove141_1764940630_3780917446220842253_56764186335.mp4,https://t.me/+CgUFCvGWEk84NDQ1,Media
2026-01-25T16:08:13.632912,madhurimatuli_1766743976_643103992.jpg,https://t.me/+CgUFCvGWEk84NDQ1,Media
2026-01-25T16:08:13.632912,madhurimatuli_1766747906_643103992.mp4,https://t.me/+CgUFCvGWEk84NDQ1,Media
2026-01-25T16:08:13.635422,madhurimatuli_1768543510_643103992.jpg,https://t.me/+CgUFCvGWEk84NDQ1,Media
2026-01-25T16:08:13.635422,madhurimatuli_1768576417_643103992.mp4,https://t.me/+CgUFCvGWEk84NDQ1,Media
2026-01-25T16:08:13.637422,madhurimatuli_1768636695_643103992.mp4,https://t.me/+CgUFCvGWEk84NDQ1,Media
2026-01-25T16:08:13.639528,madhurimatuli_1768659192_643103992.jpg,https://t.me/+CgUFCvGWEk84NDQ1,Media
2026-01-25T16:08:13.640531,madhurimatuli_1768660507_643103992.mp4,https://t.me/+CgUFCvGWEk84NDQ1,Media
2026-01-25T16:13:25.458498,madhurimatuli_1768660534_643103992.mp4,https://t.me/+CgUFCvGWEk84NDQ1,Media
2026-01-25T16:13:25.459503,madhurimatuli_1768726080_643103992.mp4,https://t.me/+CgUFCvGWEk84NDQ1,Media
2026-01-25T16:13:25.460503,madhurimatuli_1768726102_643103992.mp4,https://t.me/+CgUFCvGWEk84NDQ1,Media
2026-01-25T16:13:25.461513,madhurimatuli_1768726134_643103992.mp4,https://t.me/+CgUFCvGWEk84NDQ1,Media
2026-01-25T16:13:25.462503,madhurimatuli_1768729067_643103992.mp4,https://t.me/+CgUFCvGWEk84NDQ1,Media
2026-01-25T16:13:25.463502,madhurimatuli_1768747103_643103992.mp4,https://t.me/+CgUFCvGWEk84NDQ1,Media
2026-01-25T16:13:25.464504,madhurimatuli_1768747133_643103992.jpg,https://t.me/+CgUFCvGWEk84NDQ1,Media
2026-01-25T16:13:25.464504,madhurimatuli_1768932746_643103992.mp4,https://t.me/+CgUFCvGWEk84NDQ1,Media
2026-01-25T16:13:25.465815,maeramishra_1766559495_3794498046718539470_1079501874.mp4,https://t.me/+CgUFCvGWEk84NDQ1,Media
2026-01-25T16:13:25.466815,maeramishra_1766642206_3795192357198105561_1079501874.jpg,https://t.me/+CgUFCvGWEk84NDQ1,Media
2026-01-25T17:25:54.887206,maeramishra_1766642206_3795192357198125083_1079501874.jpg,https://t.me/+CgUFCvGWEk84NDQ1,Media
2026-01-25T17:25:54.888277,maeramishra_1766642206_3795192357198139256_1079501874.jpg,https://t.me/+CgUFCvGWEk84NDQ1,Media
2026-01-25T17:25:54.889272,maeramishra_1766642206_3795192357206545451_1079501874.jpg,https://t.me/+CgUFCvGWEk84NDQ1,Media
2026-01-25T17:25:54.890215,maeramishra_1766642206_3795192357340713429_1079501874.jpg,https://t.me/+CgUFCvGWEk84NDQ1,Media
2026-01-25T17:25:54.890215,maeramishra_1766642206_3795192357365883792_1079501874.jpg,https://t.me/+CgUFCvGWEk84NDQ1,Media
2026-01-25T17:25:54.890215,maeramishra_1766642206_3795192357483359443_1079501874.jpg,https://t.me/+CgUFCvGWEk84NDQ1,Media
2026-01-25T17:25:54.892108,maeramishra_1766642206_3795192357508520288_1079501874.jpg,https://t.me/+CgUFCvGWEk84NDQ1,Media
2026-01-25T17:25:54.893143,maeramishra_1766642206_3795192357567259354_1079501874.jpg,https://t.me/+CgUFCvGWEk84NDQ1,Media
2026-01-25T17:25:54.894132,maeramishra_1767078745_3798852256352312964_1079501874.mp4,https://t.me/+CgUFCvGWEk84NDQ1,Media
2026-01-25T17:25:54.898119,maeramishra_1767164079_3799570144558207128_1079501874.jpg,https://t.me/+CgUFCvGWEk84NDQ1,Media
2026-01-25T17:26:18.372916,maeramishra_1767164079_3799570144558220733_1079501874.jpg,https://t.me/+CgUFCvGWEk84NDQ1,Media
2026-01-25T17:26:18.372916,maeramishra_1767164079_3799570144566595709_1079501874.jpg,https://t.me/+CgUFCvGWEk84NDQ1,Media
2026-01-25T17:26:18.374921,maeramishra_1767164079_3799570144566604672_1079501874.jpg,https://t.me/+CgUFCvGWEk84NDQ1,Media
2026-01-25T17:26:18.374921,maeramishra_1767164079_3799570144566628993_1079501874.jpg,https://t.me/+CgUFCvGWEk84NDQ1,Media
2026-01-25T17:26:18.375921,maeramishra_1767164079_3799570144725985549_1079501874.jpg,https://t.me/+CgUFCvGWEk84NDQ1,Media
2026-01-25T17:26:18.376921,maeramishra_1767164079_3799570144876998039_1079501874.jpg,https://t.me/+CgUFCvGWEk84NDQ1,Media
2026-01-25T17:26:18.377921,maeramishra_1767164079_3799570144885375699_1079501874.jpg,https://t.me/+CgUFCvGWEk84NDQ1,Media
2026-01-25T17:26:18.377921,maeramishra_1767509881_3802470946142165151_1079501874.jpg,https://t.me/+CgUFCvGWEk84NDQ1,Media
2026-01-25T17:26:18.378925,maeramishra_1767509881_3802470946142169213_1079501874.jpg,https://t.me/+CgUFCvGWEk84NDQ1,Media
2026-01-25T17:26:18.378925,maeramishra_1767509881_3802470946150571604_1079501874.jpg,https://t.me/+CgUFCvGWEk84NDQ1,Media
2026-01-25T17:28:05.601432,maeramishra_1767509881_3802470946150576252_1079501874.jpg,https://t.me/+CgUFCvGWEk84NDQ1,Media
2026-01-25T17:28:05.601956,maeramishra_1767509881_3802470946150580767_1079501874.jpg,https://t.me/+CgUFCvGWEk84NDQ1,Media
2026-01-25T17:28:05.602958,maeramishra_1767509881_3802470946150580787_1079501874.jpg,https://t.me/+CgUFCvGWEk84NDQ1,Media
2026-01-25T17:28:05.604987,maeramishra_1767595509_3803187111294411731_1079501874.mp4,https://t.me/+CgUFCvGWEk84NDQ1,Media
2026-01-25T17:28:05.606005,maeramishra_1768111133_3807513740477369479_1079501874.mp4,https://t.me/+CgUFCvGWEk84NDQ1,Media
2026-01-25T17:28:05.607968,maeramishra_1768287982_3808995559550894920_1079501874.jpg,https://t.me/+CgUFCvGWEk84NDQ1,Media
2026-01-25T17:28:05.608979,maeramishra_1768287982_3808995580279185467_1079501874.jpg,https://t.me/+CgUFCvGWEk84NDQ1,Media
2026-01-25T17:28:05.611494,maeramishra_1768287982_3808995585404608659_1079501874.jpg,https://t.me/+CgUFCvGWEk84NDQ1,Media
2026-01-25T17:28:05.613233,maeramishra_1768287982_3808995587619225520_1079501874.jpg,https://t.me/+CgUFCvGWEk84NDQ1,Media
2026-01-25T17:28:05.614243,maeramishra_1768287982_3808995592207775498_1079501874.jpg,https://t.me/+CgUFCvGWEk84NDQ1,Media
2026-01-25T17:28:33.458380,maeramishra_1768287982_3808995596360110883_1079501874.jpg,https://t.me/+CgUFCvGWEk84NDQ1,Media
2026-01-25T17:28:33.458380,maeramishra_1768287982_3808995599765925987_1079501874.jpg,https://t.me/+CgUFCvGWEk84NDQ1,Media
2026-01-25T17:28:33.459393,maeramishra_1768287982_3808995604379641233_1079501874.jpg,https://t.me/+CgUFCvGWEk84NDQ1,Media
2026-01-25T17:28:33.460392,maeramishra_1768287982_3808995606124450139_1079501874.jpg,https://t.me/+CgUFCvGWEk84NDQ1,Media
2026-01-25T17:28:33.462043,maeramishra_1768369373_3809680618335382336_1079501874.jpg,https://t.me/+CgUFCvGWEk84NDQ1,Media
2026-01-25T17:28:33.464180,maeramishra_1768369373_3809680626833061222_1079501874.jpg,https://t.me/+CgUFCvGWEk84NDQ1,Media
2026-01-25T17:28:33.466188,maeramishra_1768369373_3809680627353139836_1079501874.jpg,https://t.me/+CgUFCvGWEk84NDQ1,Media
2026-01-25T17:28:33.467293,maeramishra_1768369373_3809680627504181443_1079501874.jpg,https://t.me/+CgUFCvGWEk84NDQ1,Media
2026-01-25T17:28:33.468189,maeramishra_1768369373_3809680630347894666_1079501874.jpg,https://t.me/+CgUFCvGWEk84NDQ1,Media
2026-01-25T17:28:33.469192,maeramishra_1768369373_3809680633309073180_1079501874.jpg,https://t.me/+CgUFCvGWEk84NDQ1,Media
2026-01-25T17:37:05.979717,maeramishra_1768369373_3809680634785487430_1079501874.jpg,https://t.me/+CgUFCvGWEk84NDQ1,Media
2026-01-25T17:37:05.981728,maeramishra_1768717133_3812596732778444271_1079501874.mp4,https://t.me/+CgUFCvGWEk84NDQ1,Media
2026-01-25T17:37:05.983727,maeramishra_1768799562_3813287716788659572_1079501874.mp4,https://t.me/+CgUFCvGWEk84NDQ1,Media
2026-01-25T17:37:05.985241,magicmomentsmumbai_1766314267_3792441403231151035_68360622986.jpg,https://t.me/+CgUFCvGWEk84NDQ1,Media
2026-01-25T17:37:05.986253,magicmomentsmumbai_1766314267_3792441403231151035_68360622986.jpg,https://t.me/+CgUFCvGWEk84NDQ1,Media
2026-01-25T17:37:05.987764,magicmomentsmumbai_1766314267_3792441403264695560_68360622986.jpg,https://t.me/+CgUFCvGWEk84NDQ1,Media
2026-01-25T17:37:05.988776,magicmomentsmumbai_1766314267_3792441403264695560_68360622986.jpg,https://t.me/+CgUFCvGWEk84NDQ1,Media
2026-01-25T17:37:05.989776,magicmomentsmumbai_1766314267_3792441403281467898_68360622986.jpg,https://t.me/+CgUFCvGWEk84NDQ1,Media
2026-01-25T17:37:05.990774,magicmomentsmumbai_1766314267_3792441403281467898_68360622986.jpg,https://t.me/+CgUFCvGWEk84NDQ1,Media
2026-01-25T17:37:05.990774,magicmomentsmumbai_1766314267_3792441403449260798_68360622986.jpg,https://t.me/+CgUFCvGWEk84NDQ1,Media
2026-01-25T17:38:16.383694,mahima_makwana_1767157039_3799511088782427900_1296280177.jpg,https://t.me/+CgUFCvGWEk84NDQ1,Media
2026-01-25T17:38:16.384694,mahima_makwana_1767157039_3799511088790805553_1296280177.jpg,https://t.me/+CgUFCvGWEk84NDQ1,Media
2026-01-25T17:38:16.385693,mahima_makwana_1767157039_3799511088799192880_1296280177.jpg,https://t.me/+CgUFCvGWEk84NDQ1,Media
2026-01-25T17:38:16.386199,mahima_makwana_1767664321_1296280177.mp4,https://t.me/+CgUFCvGWEk84NDQ1,Media
2026-01-25T17:38:16.387706,mahima_makwana_1767678167_1296280177.mp4,https://t.me/+CgUFCvGWEk84NDQ1,Media
2026-01-25T17:38:16.388715,mahima_makwana_1767701212_1296280177.mp4,https://t.me/+CgUFCvGWEk84NDQ1,Media
2026-01-25T17:38:16.389717,mahima_makwana_1767701461_1296280177.mp4,https://t.me/+CgUFCvGWEk84NDQ1,Media
2026-01-25T17:38:16.392040,mahima_makwana_1768195593_1296280177.mp4,https://t.me/+CgUFCvGWEk84NDQ1,Media
2026-01-25T17:38:16.393037,mahima_makwana_1768223260_1296280177.mp4,https://t.me/+CgUFCvGWEk84NDQ1,Media
2026-01-25T17:38:16.394038,mahima_makwana_1768223448_1296280177.mp4,https://t.me/+CgUFCvGWEk84NDQ1,Media
2026-01-25T17:39:34.440689,mahima_makwana_1768238681_1296280177.mp4,https://t.me/+CgUFCvGWEk84NDQ1,Media
2026-01-25T17:39:34.442679,mahima_makwana_1768238766_1296280177.mp4,https://t.me/+CgUFCvGWEk84NDQ1,Media
2026-01-25T17:39:34.445405,mahima_makwana_1768284891_1296280177.mp4,https://t.me/+CgUFCvGWEk84NDQ1,Media
2026-01-25T17:39:34.446412,mahima_makwana_1768299430_1296280177.mp4,https://t.me/+CgUFCvGWEk84NDQ1,Media
2026-01-25T17:39:34.447918,mahima_makwana_1768308352_1296280177.mp4,https://t.me/+CgUFCvGWEk84NDQ1,Media
2026-01-25T17:39:34.448925,mahima_makwana_1768322618_1296280177.mp4,https://t.me/+CgUFCvGWEk84NDQ1,Media
2026-01-25T17:39:34.450932,mahima_makwana_1768380673_1296280177.mp4,https://t.me/+CgUFCvGWEk84NDQ1,Media
2026-01-25T17:39:34.452930,mahima_makwana_1768387937_1296280177.mp4,https://t.me/+CgUFCvGWEk84NDQ1,Media
2026-01-25T17:39:34.453930,mahima_makwana_1768397463_1296280177.mp4,https://t.me/+CgUFCvGWEk84NDQ1,Media
2026-01-25T17:39:34.455371,mahima_makwana_1768588203_1296280177.mp4,https://t.me/+CgUFCvGWEk84NDQ1,Media
2026-01-25T18:35:49.193357,mahima_makwana_1768637724_1296280177.mp4,https://t.me/+CgUFCvGWEk84NDQ1,Media
2026-01-25T18:35:49.195356,mahima_makwana_1768638020_1296280177.mp4,https://t.me/+CgUFCvGWEk84NDQ1,Media
2026-01-25T18:35:49.196348,mahima_makwana_1768657841_1296280177.mp4,https://t.me/+CgUFCvGWEk84NDQ1,Media
2026-01-25T18:35:49.197352,mahima_makwana_1768659610_1296280177.mp4,https://t.me/+CgUFCvGWEk84NDQ1,Media
2026-01-25T18:35:49.198858,mahima_makwana_1768659707_1296280177.mp4,https://t.me/+CgUFCvGWEk84NDQ1,Media
2026-01-25T18:35:49.199864,mahima_makwana_1768666406_1296280177.mp4,https://t.me/+CgUFCvGWEk84NDQ1,Media
2026-01-25T18:35:49.199864,mahirasharma_1766749913_3796095870366997426_1386095617.jpg,https://t.me/+CgUFCvGWEk84NDQ1,Media
2026-01-25T18:35:49.201380,maisvault_1768219563_3808423372246950181_44383546.mp4,https://t.me/+CgUFCvGWEk84NDQ1,Media
2026-01-25T18:35:49.204403,makeupbysabashaikh_1768225338_3808472630538539775_3100201606.jpg,https://t.me/+CgUFCvGWEk84NDQ1,Media
2026-01-25T18:35:49.206477,makeupbysabashaikh_1768225338_3808472630538567512_3100201606.jpg,https://t.me/+CgUFCvGWEk84NDQ1,Media
2026-01-25T18:41:52.025535,makeupbysabashaikh_1768225338_3808472630538578193_3100201606.jpg,https://t.me/+CgUFCvGWEk84NDQ1,Media
2026-01-25T18:41:52.027542,malavikamohanan__1766819018_237307960.jpg,https://t.me/+CgUFCvGWEk84NDQ1,Media
2026-01-25T18:41:52.028665,malavikamohanan__1766822059_237307960.jpg,https://t.me/+CgUFCvGWEk84NDQ1,Media
2026-01-25T18:41:52.030709,malavikamohanan__1766847378_237307960.mp4,https://t.me/+CgUFCvGWEk84NDQ1,Media
2026-01-25T18:41:52.032242,malavikamohanan__1766899794_237307960.mp4,https://t.me/+CgUFCvGWEk84NDQ1,Media
2026-01-25T18:41:52.033264,malavikamohanan__1766900154_237307960.mp4,https://t.me/+CgUFCvGWEk84NDQ1,Media
2026-01-25T18:41:52.034264,malavikamohanan__1767025581_237307960.mp4,https://t.me/+CgUFCvGWEk84NDQ1,Media
2026-01-25T18:41:52.035264,malavikamohanan__1767027426_237307960.mp4,https://t.me/+CgUFCvGWEk84NDQ1,Media
2026-01-25T18:41:52.037254,malavikamohanan__1767029030_3798437004124668176_237307960.mp4,https://t.me/+CgUFCvGWEk84NDQ1,Media
2026-01-25T18:41:52.042345,malavikamohanan__1767060926_237307960.mp4,https://t.me/+CgUFCvGWEk84NDQ1,Media
2026-01-25T18:46:03.890817,malavikamohanan__1767079191_237307960.mp4,https://t.me/+CgUFCvGWEk84NDQ1,Media
2026-01-25T18:46:03.892848,malavikamohanan__1767079676_237307960.mp4,https://t.me/+CgUFCvGWEk84NDQ1,Media
2026-01-25T18:46:03.894863,malavikamohanan__1767467318_237307960.jpg,https://t.me/+CgUFCvGWEk84NDQ1,Media
2026-01-25T18:46:03.896861,malavikamohanan__1767618935_237307960.mp4,https://t.me/+CgUFCvGWEk84NDQ1,Media
2026-01-25T18:46:03.897859,malavikamohanan__1767626932_237307960.jpg,https://t.me/+CgUFCvGWEk84NDQ1,Media
2026-01-25T18:46:03.897859,malavikamohanan__1767710691_237307960.mp4,https://t.me/+CgUFCvGWEk84NDQ1,Media
2026-01-25T18:46:03.900369,malavikamohanan__1768219461_237307960.mp4,https://t.me/+CgUFCvGWEk84NDQ1,Media
2026-01-25T18:46:03.900878,malavikamohanan__1768224504_237307960.mp4,https://t.me/+CgUFCvGWEk84NDQ1,Media
2026-01-25T18:46:03.901891,malavikamohanan__1768397054_237307960.mp4,https://t.me/+CgUFCvGWEk84NDQ1,Media
2026-01-25T18:46:03.903908,malavikamohanan__1768567877_237307960.jpg,https://t.me/+CgUFCvGWEk84NDQ1,Media
2026-01-25T18:48:35.542637,malavikamohanan__1768567909_237307960.jpg,https://t.me/+CgUFCvGWEk84NDQ1,Media
2026-01-25T18:48:35.543655,malavikamohanan__1768567919_237307960.mp4,https://t.me/+CgUFCvGWEk84NDQ1,Media
2026-01-25T18:48:35.544655,malavikamohanan__1768568498_237307960.jpg,https://t.me/+CgUFCvGWEk84NDQ1,Media
2026-01-25T18:48:35.545654,malavikamohanan__1768568936_237307960.jpg,https://t.me/+CgUFCvGWEk84NDQ1,Media
2026-01-25T18:48:35.546652,malavikamohanan__1768573230_237307960.mp4,https://t.me/+CgUFCvGWEk84NDQ1,Media
2026-01-25T18:48:35.547657,malavikamohanan__1768642178_237307960.mp4,https://t.me/+CgUFCvGWEk84NDQ1,Media
2026-01-25T18:48:35.548656,malavikamohanan__1768668885_237307960.jpg,https://t.me/+CgUFCvGWEk84NDQ1,Media
2026-01-25T18:48:35.550712,malavikamohanan__1768909899_237307960.mp4,https://t.me/+CgUFCvGWEk84NDQ1,Media
2026-01-25T18:48:35.560725,malavikamohanan__1768913094_237307960.mp4,https://t.me/+CgUFCvGWEk84NDQ1,Media
2026-01-25T18:48:35.562761,malavikamohanan__1768924401_237307960.mp4,https://t.me/+CgUFCvGWEk84NDQ1,Media
2026-01-25T18:48:55.274889,malhaar_rathod_1764863580_3780272161131640795_936983326.jpg,https://t.me/+CgUFCvGWEk84NDQ1,Media
2026-01-25T18:48:55.276900,malhaar_rathod_1764863580_3780272161131640795_936983326.jpg,https://t.me/+CgUFCvGWEk84NDQ1,Media
2026-01-25T18:48:55.277909,malhaar_rathod_1764863580_3780272161140017273_936983326.jpg,https://t.me/+CgUFCvGWEk84NDQ1,Media
2026-01-25T18:48:55.278900,malhaar_rathod_1764863580_3780272161140017273_936983326.jpg,https://t.me/+CgUFCvGWEk84NDQ1,Media
2026-01-25T18:48:55.280911,malhaar_rathod_1764863580_3780272161140025760_936983326.jpg,https://t.me/+CgUFCvGWEk84NDQ1,Media
2026-01-25T18:48:55.281918,malhaar_rathod_1764863580_3780272161140025760_936983326.jpg,https://t.me/+CgUFCvGWEk84NDQ1,Media
2026-01-25T18:48:55.281918,malhaar_rathod_1764863580_3780272161140030221_936983326.jpg,https://t.me/+CgUFCvGWEk84NDQ1,Media
2026-01-25T18:48:55.283926,malhaar_rathod_1764863580_3780272161140030221_936983326.jpg,https://t.me/+CgUFCvGWEk84NDQ1,Media
2026-01-25T18:48:55.284926,malhaar_rathod_1764863580_3780272161148376110_936983326.jpg,https://t.me/+CgUFCvGWEk84NDQ1,Media
2026-01-25T18:48:55.284926,malhaar_rathod_1764863580_3780272161148376110_936983326.jpg,https://t.me/+CgUFCvGWEk84NDQ1,Media
2026-01-25T18:49:15.980471,malhaar_rathod_1764863580_3780272161148380064_936983326.jpg,https://t.me/+CgUFCvGWEk84NDQ1,Media
2026-01-25T18:49:15.980977,malhaar_rathod_1764863580_3780272161148380064_936983326.jpg,https://t.me/+CgUFCvGWEk84NDQ1,Media
2026-01-25T18:49:15.981987,malhaar_rathod_1764863580_3780272161148392417_936983326.jpg,https://t.me/+CgUFCvGWEk84NDQ1,Media
2026-01-25T18:49:15.982986,malhaar_rathod_1764863580_3780272161148392417_936983326.jpg,https://t.me/+CgUFCvGWEk84NDQ1,Media
2026-01-25T18:49:15.983994,malhaar_rathod_1764863580_3780272161156764981_936983326.jpg,https://t.me/+CgUFCvGWEk84NDQ1,Media
2026-01-25T18:49:15.985003,malhaar_rathod_1764863580_3780272161156764981_936983326.jpg,https://t.me/+CgUFCvGWEk84NDQ1,Media
2026-01-25T18:49:15.985999,malhaar_rathod_1764863580_3780272161156808769_936983326.jpg,https://t.me/+CgUFCvGWEk84NDQ1,Media
2026-01-25T18:49:15.987995,malhaar_rathod_1764863580_3780272161156808769_936983326.jpg,https://t.me/+CgUFCvGWEk84NDQ1,Media
2026-01-25T18:49:15.989003,malhaar_rathod_1764863580_3780272161299418826_936983326.jpg,https://t.me/+CgUFCvGWEk84NDQ1,Media
2026-01-25T18:49:15.989996,malhaar_rathod_1764863580_3780272161299418826_936983326.jpg,https://t.me/+CgUFCvGWEk84NDQ1,Media
2026-01-25T18:56:00.122306,malhaar_rathod_1764863580_3780272161307793861_936983326.jpg,https://t.me/+CgUFCvGWEk84NDQ1,Media
2026-01-25T18:56:00.123817,malhaar_rathod_1764863580_3780272161307793861_936983326.jpg,https://t.me/+CgUFCvGWEk84NDQ1,Media
2026-01-25T18:56:00.124817,malhaar_rathod_1764863580_3780272161307807474_936983326.jpg,https://t.me/+CgUFCvGWEk84NDQ1,Media
2026-01-25T18:56:00.124817,malhaar_rathod_1764863580_3780272161307807474_936983326.jpg,https://t.me/+CgUFCvGWEk84NDQ1,Media
2026-01-25T18:56:00.125816,malhaar_rathod_1764863580_3780272161366492200_936983326.jpg,https://t.me/+CgUFCvGWEk84NDQ1,Media
2026-01-25T18:56:00.126323,malhaar_rathod_1764863580_3780272161366492200_936983326.jpg,https://t.me/+CgUFCvGWEk84NDQ1,Media
2026-01-25T18:56:00.126323,malhaar_rathod_1764863580_3780272161366494117_936983326.jpg,https://t.me/+CgUFCvGWEk84NDQ1,Media
2026-01-25T18:56:00.127331,malhaar_rathod_1764863580_3780272161366494117_936983326.jpg,https://t.me/+CgUFCvGWEk84NDQ1,Media
2026-01-25T18:56:00.128337,malhaar_rathod_1764863580_3780272161366522627_936983326.jpg,https://t.me/+CgUFCvGWEk84NDQ1,Media
2026-01-25T18:56:00.129336,malhaar_rathod_1764863580_3780272161366522627_936983326.jpg,https://t.me/+CgUFCvGWEk84NDQ1,Media
2026-01-25T18:57:48.349841,malhar028_1768737558_3812769191007745525_2117301818.mp4,https://t.me/+CgUFCvGWEk84NDQ1,Media
2026-01-25T18:57:48.351120,maltichahar_1765638408_3786771888291483136_1160584910.jpg,https://t.me/+CgUFCvGWEk84NDQ1,Media
2026-01-25T18:57:48.352129,maltichahar_1765638408_3786771888291483136_1160584910.jpg,https://t.me/+CgUFCvGWEk84NDQ1,Media
2026-01-25T18:57:48.353140,maltichahar_1765638408_3786771888291485867_1160584910.jpg,https://t.me/+CgUFCvGWEk84NDQ1,Media
2026-01-25T18:57:48.354150,maltichahar_1765638408_3786771888291485867_1160584910.jpg,https://t.me/+CgUFCvGWEk84NDQ1,Media
2026-01-25T18:57:48.355661,maltichahar_1765638408_3786771888366983990_1160584910.jpg,https://t.me/+CgUFCvGWEk84NDQ1,Media
2026-01-25T18:57:48.357252,maltichahar_1765638408_3786771888366983990_1160584910.jpg,https://t.me/+CgUFCvGWEk84NDQ1,Media
2026-01-25T18:57:48.357252,maltichahar_1768281626_3808944777753026061_1160584910.mp4,https://t.me/+CgUFCvGWEk84NDQ1,Media
2026-01-25T18:57:48.359311,maneeshaa.saxenaa_1767345835_2007699317.jpg,https://t.me/+CgUFCvGWEk84NDQ1,Media
2026-01-25T18:57:48.360286,maneeshaa.saxenaa_1767346961_2007699317.mp4,https://t.me/+CgUFCvGWEk84NDQ1,Media
2026-01-25T19:04:16.639835,maneeshaa.saxenaa_1767357276_2007699317.mp4,https://t.me/+CgUFCvGWEk84NDQ1,Media
2026-01-25T19:04:16.640839,mangesh_0981_1768378108_3809753835866962511_2037615171.mp4,https://t.me/+CgUFCvGWEk84NDQ1,Media
2026-01-25T19:04:16.642359,manishhaaaaaaaa_1768541940_3810009153310732776_65645796250.mp4,https://t.me/+CgUFCvGWEk84NDQ1,Media
2026-01-25T19:04:16.644386,manojstillwala_1767164189_3799570823976839272_2957376639.mp4,https://t.me/+CgUFCvGWEk84NDQ1,Media
2026-01-25T19:04:16.646914,manojstillwala_1768504620_3810815278264348848_2957376639.mp4,https://t.me/+CgUFCvGWEk84NDQ1,Media
2026-01-25T19:04:16.648931,manvikapoor18_1768456562_3810412277976079195_61450544786.jpg,https://t.me/+CgUFCvGWEk84NDQ1,Media
2026-01-25T19:04:16.649924,manvikapoor18_1768456562_3810412277976094452_61450544786.jpg,https://t.me/+CgUFCvGWEk84NDQ1,Media
2026-01-25T19:04:16.650938,manvikapoor18_1768456562_3810412277984490461_61450544786.jpg,https://t.me/+CgUFCvGWEk84NDQ1,Media
2026-01-25T19:04:16.650938,manvikapoor18_1768456562_3810412278018023826_61450544786.jpg,https://t.me/+CgUFCvGWEk84NDQ1,Media
2026-01-25T19:04:16.652459,manvikapoor18_1768456562_3810412278085128972_61450544786.jpg,https://t.me/+CgUFCvGWEk84NDQ1,Media
2026-01-25T19:07:49.904254,maroofmian.sayyed_1760702570_3745366553332856703_50197273484.mp4,https://t.me/+CgUFCvGWEk84NDQ1,Media
2026-01-25T19:07:49.906768,maroofmian.sayyed_1762000394_3756252588355494866_50197273484.mp4,https://t.me/+CgUFCvGWEk84NDQ1,Media
2026-01-25T19:07:49.909776,mbcbollywood_1767207303_3799762183819774174_1972879649.mp4,https://t.me/+CgUFCvGWEk84NDQ1,Media
2026-01-25T19:07:49.912280,mehakghaiii_1766735995_653708834.jpg,https://t.me/+CgUFCvGWEk84NDQ1,Media
2026-01-25T19:07:49.914286,mehakghaiii_1766736144_653708834.mp4,https://t.me/+CgUFCvGWEk84NDQ1,Media
2026-01-25T19:07:49.915791,mehakghaiii_1766736179_653708834.jpg,https://t.me/+CgUFCvGWEk84NDQ1,Media
2026-01-25T19:07:49.917797,mehakghaiii_1766736355_653708834.mp4,https://t.me/+CgUFCvGWEk84NDQ1,Media
2026-01-25T19:07:49.918802,mehakghaiii_1766736407_653708834.jpg,https://t.me/+CgUFCvGWEk84NDQ1,Media
2026-01-25T19:07:49.919801,mehakghaiii_1766736584_653708834.mp4,https://t.me/+CgUFCvGWEk84NDQ1,Media
2026-01-25T19:07:49.922337,mehakghaiii_1766736626_653708834.jpg,https://t.me/+CgUFCvGWEk84NDQ1,Media
2026-01-25T19:08:59.652366,mehakghaiii_1766736905_653708834.mp4,https://t.me/+CgUFCvGWEk84NDQ1,Media
2026-01-25T19:08:59.653377,mehakghaiii_1766737001_653708834.jpg,https://t.me/+CgUFCvGWEk84NDQ1,Media
2026-01-25T19:08:59.655386,mehakghaiii_1766737155_653708834.mp4,https://t.me/+CgUFCvGWEk84NDQ1,Media
2026-01-25T19:08:59.656920,mehakghaiii_1766737388_653708834.jpg,https://t.me/+CgUFCvGWEk84NDQ1,Media
2026-01-25T19:08:59.657911,mehakghaiii_1766760823_653708834.mp4,https://t.me/+CgUFCvGWEk84NDQ1,Media
2026-01-25T19:08:59.659443,mehakghaiii_1767015253_653708834.mp4,https://t.me/+CgUFCvGWEk84NDQ1,Media
2026-01-25T19:08:59.660431,mehakghaiii_1767084305_653708834.jpg,https://t.me/+CgUFCvGWEk84NDQ1,Media
2026-01-25T19:08:59.662435,mehakghaiii_1767084485_653708834.mp4,https://t.me/+CgUFCvGWEk84NDQ1,Media
2026-01-25T19:08:59.662950,mehakghaiii_1767084551_653708834.jpg,https://t.me/+CgUFCvGWEk84NDQ1,Media
2026-01-25T19:08:59.663970,mehakghaiii_1767084598_653708834.jpg,https://t.me/+CgUFCvGWEk84NDQ1,Media
2026-01-25T19:12:28.158302,mehakghaiii_1767084672_653708834.mp4,https://t.me/+CgUFCvGWEk84NDQ1,Media
2026-01-25T19:12:28.159299,mehakghaiii_1767084773_653708834.mp4,https://t.me/+CgUFCvGWEk84NDQ1,Media
2026-01-25T19:12:28.161297,mehakghaiii_1767084867_653708834.mp4,https://t.me/+CgUFCvGWEk84NDQ1,Media
2026-01-25T19:12:28.162297,mehakghaiii_1767084963_653708834.mp4,https://t.me/+CgUFCvGWEk84NDQ1,Media
2026-01-25T19:12:28.162297,mehakghaiii_1767085056_653708834.mp4,https://t.me/+CgUFCvGWEk84NDQ1,Media
2026-01-25T19:12:28.164371,mehakghaiii_1767085116_653708834.jpg,https://t.me/+CgUFCvGWEk84NDQ1,Media
2026-01-25T19:12:28.164371,mehakghaiii_1767085210_653708834.mp4,https://t.me/+CgUFCvGWEk84NDQ1,Media
2026-01-25T19:12:28.166465,mehakghaiii_1767085254_653708834.mp4,https://t.me/+CgUFCvGWEk84NDQ1,Media
2026-01-25T19:12:28.167705,mehakghaiii_1767085271_653708834.jpg,https://t.me/+CgUFCvGWEk84NDQ1,Media
2026-01-25T19:12:28.169716,mehakghaiii_1767085548_653708834.mp4,https://t.me/+CgUFCvGWEk84NDQ1,Media
2026-01-25T19:15:18.593945,mehakghaiii_1767085634_653708834.mp4,https://t.me/+CgUFCvGWEk84NDQ1,Media
2026-01-25T19:15:18.596457,mehakghaiii_1767085654_653708834.jpg,https://t.me/+CgUFCvGWEk84NDQ1,Media
2026-01-25T19:15:18.597457,mehakghaiii_1767085713_653708834.jpg,https://t.me/+CgUFCvGWEk84NDQ1,Media
2026-01-25T19:15:18.599472,mehakghaiii_1767085969_653708834.mp4,https://t.me/+CgUFCvGWEk84NDQ1,Media
2026-01-25T19:15:18.601714,mehakghaiii_1767086042_653708834.mp4,https://t.me/+CgUFCvGWEk84NDQ1,Media
2026-01-25T19:15:18.602715,mehakghaiii_1767086123_653708834.jpg,https://t.me/+CgUFCvGWEk84NDQ1,Media
2026-01-25T19:15:18.604233,mehakghaiii_1767086218_653708834.mp4,https://t.me/+CgUFCvGWEk84NDQ1,Media
2026-01-25T19:15:18.605745,mehakghaiii_1767086311_653708834.mp4,https://t.me/+CgUFCvGWEk84NDQ1,Media
2026-01-25T19:15:18.607755,mehakghaiii_1767086393_653708834.jpg,https://t.me/+CgUFCvGWEk84NDQ1,Media
2026-01-25T19:15:18.608757,mehakghaiii_1767086561_653708834.mp4,https://t.me/+CgUFCvGWEk84NDQ1,Media
2026-01-25T19:20:56.926327,mehakghaiii_1767086657_653708834.mp4,https://t.me/+CgUFCvGWEk84NDQ1,Media
2026-01-25T19:20:56.928396,mehakghaiii_1767086770_653708834.mp4,https://t.me/+CgUFCvGWEk84NDQ1,Media
2026-01-25T19:20:56.929912,mehakghaiii_1767086793_653708834.jpg,https://t.me/+CgUFCvGWEk84NDQ1,Media
2026-01-25T19:20:56.930926,mehakghaiii_1767086909_653708834.mp4,https://t.me/+CgUFCvGWEk84NDQ1,Media
2026-01-25T19:20:56.931924,mehakghaiii_1767087032_653708834.mp4,https://t.me/+CgUFCvGWEk84NDQ1,Media
2026-01-25T19:20:56.932924,mehakghaiii_1767087232_653708834.mp4,https://t.me/+CgUFCvGWEk84NDQ1,Media
2026-01-25T19:20:56.934435,mehakghaiii_1767087432_653708834.mp4,https://t.me/+CgUFCvGWEk84NDQ1,Media
2026-01-25T19:20:56.936465,mehakghaiii_1767087552_653708834.jpg,https://t.me/+CgUFCvGWEk84NDQ1,Media
2026-01-25T19:20:56.936465,mehakghaiii_1767087569_653708834.jpg,https://t.me/+CgUFCvGWEk84NDQ1,Media
2026-01-25T19:20:56.937445,mehakghaiii_1767087604_653708834.jpg,https://t.me/+CgUFCvGWEk84NDQ1,Media
2026-01-25T19:22:19.036912,mehakghaiii_1767087757_653708834.jpg,https://t.me/+CgUFCvGWEk84NDQ1,Media
2026-01-25T19:22:19.038994,mehakghaiii_1767087859_653708834.jpg,https://t.me/+CgUFCvGWEk84NDQ1,Media
2026-01-25T19:22:19.040456,mehakghaiii_1767087884_653708834.jpg,https://t.me/+CgUFCvGWEk84NDQ1,Media
2026-01-25T19:22:19.040456,mehreenpirzadaa_1766660414_214157728.mp4,https://t.me/+CgUFCvGWEk84NDQ1,Media
2026-01-25T19:22:19.041479,mehreenpirzadaa_1766667089_214157728.mp4,https://t.me/+CgUFCvGWEk84NDQ1,Media
2026-01-25T19:22:19.044003,mehreenpirzadaa_1766667165_214157728.jpg,https://t.me/+CgUFCvGWEk84NDQ1,Media
2026-01-25T19:22:19.045000,mehreenpirzadaa_1766667287_214157728.jpg,https://t.me/+CgUFCvGWEk84NDQ1,Media
2026-01-25T19:22:19.045999,mehreenpirzadaa_1766667319_214157728.jpg,https://t.me/+CgUFCvGWEk84NDQ1,Media
2026-01-25T19:22:19.046998,mehreenpirzadaa_1766668254_214157728.mp4,https://t.me/+CgUFCvGWEk84NDQ1,Media
2026-01-25T19:22:19.048999,mehreenpirzadaa_1766668384_214157728.jpg,https://t.me/+CgUFCvGWEk84NDQ1,Media
2026-01-25T19:24:24.642616,mehreenpirzadaa_1766668548_214157728.jpg,https://t.me/+CgUFCvGWEk84NDQ1,Media
2026-01-25T19:24:24.644956,mehreenpirzadaa_1768223228_214157728.mp4,https://t.me/+CgUFCvGWEk84NDQ1,Media
2026-01-25T19:24:24.645974,mehreenpirzadaa_1768234875_214157728.mp4,https://t.me/+CgUFCvGWEk84NDQ1,Media
2026-01-25T19:24:24.647975,mehreenpirzadaa_1768235123_214157728.jpg,https://t.me/+CgUFCvGWEk84NDQ1,Media
2026-01-25T19:24:24.648976,mehreenpirzadaa_1768277857_214157728.jpg,https://t.me/+CgUFCvGWEk84NDQ1,Media
2026-01-25T19:24:24.650481,mehreenpirzadaa_1768289658_214157728.jpg,https://t.me/+CgUFCvGWEk84NDQ1,Media
2026-01-25T19:24:24.651504,mehreenpirzadaa_1768313384_214157728.mp4,https://t.me/+CgUFCvGWEk84NDQ1,Media
2026-01-25T19:24:24.653021,mehreenpirzadaa_1768313441_214157728.mp4,https://t.me/+CgUFCvGWEk84NDQ1,Media
2026-01-25T19:24:24.655038,mehreenpirzadaa_1768320122_214157728.mp4,https://t.me/+CgUFCvGWEk84NDQ1,Media
2026-01-25T19:24:24.656035,mehreenpirzadaa_1768331125_214157728 (1).jpg,https://t.me/+CgUFCvGWEk84NDQ1,Media
2026-01-25T19:25:37.448404,mehreenpirzadaa_1768331125_214157728.jpg,https://t.me/+CgUFCvGWEk84NDQ1,Media
2026-01-25T19:25:37.449914,mehreenpirzadaa_1768331208_214157728 (1).jpg,https://t.me/+CgUFCvGWEk84NDQ1,Media
2026-01-25T19:25:37.451922,mehreenpirzadaa_1768331208_214157728.jpg,https://t.me/+CgUFCvGWEk84NDQ1,Media
2026-01-25T19:25:37.453431,mehreenpirzadaa_1768331318_214157728 (1).jpg,https://t.me/+CgUFCvGWEk84NDQ1,Media
2026-01-25T19:25:37.454557,mehreenpirzadaa_1768331318_214157728.jpg,https://t.me/+CgUFCvGWEk84NDQ1,Media
2026-01-25T19:25:37.454557,mehreenpirzadaa_1768331444_214157728 (1).jpg,https://t.me/+CgUFCvGWEk84NDQ1,Media
2026-01-25T19:25:37.456574,mehreenpirzadaa_1768331444_214157728.jpg,https://t.me/+CgUFCvGWEk84NDQ1,Media
2026-01-25T19:25:37.458439,mehreenpirzadaa_1768331477_214157728 (1).jpg,https://t.me/+CgUFCvGWEk84NDQ1,Media
2026-01-25T19:25:37.459952,mehreenpirzadaa_1768331477_214157728.jpg,https://t.me/+CgUFCvGWEk84NDQ1,Media
2026-01-25T19:25:37.460962,mehreenpirzadaa_1768331777_214157728 (1).mp4,https://t.me/+CgUFCvGWEk84NDQ1,Media
2026-01-25T19:29:51.929729,mehreenpirzadaa_1768331777_214157728.mp4,https://t.me/+CgUFCvGWEk84NDQ1,Media
2026-01-25T19:29:51.931928,mehreenpirzadaa_1768339523_214157728.jpg,https://t.me/+CgUFCvGWEk84NDQ1,Media
2026-01-25T19:29:51.933069,mehreenpirzadaa_1768365184_214157728.mp4,https://t.me/+CgUFCvGWEk84NDQ1,Media
2026-01-25T19:29:51.934081,mehreenpirzadaa_1768365429_214157728.mp4,https://t.me/+CgUFCvGWEk84NDQ1,Media
2026-01-25T19:29:51.936096,mehreenpirzadaa_1768379065_214157728.mp4,https://t.me/+CgUFCvGWEk84NDQ1,Media
2026-01-25T19:29:51.938093,mehreenpirzadaa_1768379071_214157728.mp4,https://t.me/+CgUFCvGWEk84NDQ1,Media
2026-01-25T19:29:51.939618,mehreenpirzadaa_1768379324_214157728.jpg,https://t.me/+CgUFCvGWEk84NDQ1,Media
2026-01-25T19:29:51.940636,memesxedites_1762144686_3757463877161106379_61814424911.mp4,https://t.me/+CgUFCvGWEk84NDQ1,Media
2026-01-25T19:29:51.943139,meryam_elmehdani_1767010995_3798282953764407848_67075484287.mp4,https://t.me/+CgUFCvGWEk84NDQ1,Media
2026-01-25T19:29:51.945536,mgmotor_mumbaiwest_1765807682_3788191865858701503_16394807229.jpg,https://t.me/+CgUFCvGWEk84NDQ1,Media
2026-01-25T19:30:45.471363,mgmotor_mumbaiwest_1765807682_3788191866169128749_16394807229.jpg,https://t.me/+CgUFCvGWEk84NDQ1,Media
2026-01-25T19:30:45.471363,mgmotor_mumbaiwest_1765807682_3788191866177463196_16394807229.jpg,https://t.me/+CgUFCvGWEk84NDQ1,Media
2026-01-25T19:30:45.472882,mgmotor_mumbaiwest_1765807682_3788191866177463196_16394807229.jpg,https://t.me/+CgUFCvGWEk84NDQ1,Media
2026-01-25T19:30:45.473900,miffynomnom_1766420434_3793329782268705654_64202498285.mp4,https://t.me/+CgUFCvGWEk84NDQ1,Media
2026-01-25T19:30:45.474970,milliebobbybrqwn_1768072522_3807190716389681066_77471383620.jpg,https://t.me/+CgUFCvGWEk84NDQ1,Media
2026-01-25T19:30:45.475950,milliebobbybrqwn_1768584397_3811484634739992192_77471383620.jpg,https://t.me/+CgUFCvGWEk84NDQ1,Media
2026-01-25T19:30:45.476900,mira.kapoor_1766770798_6311470602.jpg,https://t.me/+CgUFCvGWEk84NDQ1,Media
2026-01-25T19:30:45.477909,mira.kapoor_1766770905_6311470602.jpg,https://t.me/+CgUFCvGWEk84NDQ1,Media
2026-01-25T19:30:45.479686,mira.kapoor_1766848994_6311470602.mp4,https://t.me/+CgUFCvGWEk84NDQ1,Media
2026-01-25T19:30:45.480696,mira.kapoor_1766854704_6311470602.jpg,https://t.me/+CgUFCvGWEk84NDQ1,Media
2026-01-25T19:31:25.719705,mira.kapoor_1766854954_6311470602.mp4,https://t.me/+CgUFCvGWEk84NDQ1,Media
2026-01-25T19:31:25.720213,mira.kapoor_1766855017_6311470602.jpg,https://t.me/+CgUFCvGWEk84NDQ1,Media
2026-01-25T19:31:25.721222,mira.kapoor_1766870973_3797111397055424033_6311470602.jpg,https://t.me/+CgUFCvGWEk84NDQ1,Media
2026-01-25T19:31:25.723739,mira.kapoor_1766870973_3797111397055427802_6311470602.jpg,https://t.me/+CgUFCvGWEk84NDQ1,Media
2026-01-25T19:31:25.724740,mira.kapoor_1766870973_3797111397390996984_6311470602.jpg,https://t.me/+CgUFCvGWEk84NDQ1,Media
2026-01-25T19:31:25.725753,mira.kapoor_1766924319_6311470602.jpg,https://t.me/+CgUFCvGWEk84NDQ1,Media
2026-01-25T19:31:25.727762,mira.kapoor_1766949140_6311470602.jpg,https://t.me/+CgUFCvGWEk84NDQ1,Media
2026-01-25T19:31:25.728751,mira.kapoor_1767099875_6311470602.jpg,https://t.me/+CgUFCvGWEk84NDQ1,Media
2026-01-25T19:31:25.729750,mira.kapoor_1767099971_6311470602.jpg,https://t.me/+CgUFCvGWEk84NDQ1,Media
2026-01-25T19:31:25.731208,mira.kapoor_1767099994_6311470602.jpg,https://t.me/+CgUFCvGWEk84NDQ1,Media
2026-01-25T19:32:43.182909,mira.kapoor_1767100026_6311470602.jpg,https://t.me/+CgUFCvGWEk84NDQ1,Media
2026-01-25T19:32:43.183922,mira.kapoor_1767123559_6311470602.mp4,https://t.me/+CgUFCvGWEk84NDQ1,Media
2026-01-25T19:32:43.184920,mira.kapoor_1767124053_6311470602.mp4,https://t.me/+CgUFCvGWEk84NDQ1,Media
2026-01-25T19:32:43.186926,mira.kapoor_1767558208_6311470602.jpg,https://t.me/+CgUFCvGWEk84NDQ1,Media
2026-01-25T19:32:43.188363,mira.kapoor_1767672117_6311470602.jpg,https://t.me/+CgUFCvGWEk84NDQ1,Media
2026-01-25T19:32:43.188884,mira.kapoor_1767721410_6311470602.mp4,https://t.me/+CgUFCvGWEk84NDQ1,Media
2026-01-25T19:32:43.189996,mira.kapoor_1768194690_3808215535079433899_6311470602.jpg,https://t.me/+CgUFCvGWEk84NDQ1,Media
2026-01-25T19:32:43.191004,mira.kapoor_1768209230_6311470602.jpg,https://t.me/+CgUFCvGWEk84NDQ1,Media
2026-01-25T19:32:43.192004,mira.kapoor_1768209318_6311470602.jpg,https://t.me/+CgUFCvGWEk84NDQ1,Media
2026-01-25T19:32:43.193008,mira.kapoor_1768209366_6311470602.jpg,https://t.me/+CgUFCvGWEk84NDQ1,Media
2026-01-25T19:39:30.742476,mira.kapoor_1768209409_6311470602.jpg,https://t.me/+CgUFCvGWEk84NDQ1,Media
2026-01-25T19:39:30.744781,mira.kapoor_1768209459_6311470602.jpg,https://t.me/+CgUFCvGWEk84NDQ1,Media
2026-01-25T19:39:30.746801,mira.kapoor_1768209493_6311470602.jpg,https://t.me/+CgUFCvGWEk84NDQ1,Media
2026-01-25T19:39:30.747787,mira.kapoor_1768219492_6311470602.jpg,https://t.me/+CgUFCvGWEk84NDQ1,Media
2026-01-25T19:39:30.747787,mira.kapoor_1768237089_6311470602.jpg,https://t.me/+CgUFCvGWEk84NDQ1,Media
2026-01-25T19:39:30.748952,mira.kapoor_1768293447_6311470602.jpg,https://t.me/+CgUFCvGWEk84NDQ1,Media
2026-01-25T19:39:30.749943,mira.kapoor_1768312462_6311470602.jpg,https://t.me/+CgUFCvGWEk84NDQ1,Media
2026-01-25T19:39:30.751945,mira.kapoor_1768362706_6311470602.jpg,https://t.me/+CgUFCvGWEk84NDQ1,Media
2026-01-25T19:39:30.753174,mira.kapoor_1768362722_6311470602.mp4,https://t.me/+CgUFCvGWEk84NDQ1,Media
2026-01-25T19:39:30.754186,mira.kapoor_1768376755_6311470602.mp4,https://t.me/+CgUFCvGWEk84NDQ1,Media
2026-01-25T20:13:35.698166,mira.kapoor_1768387665_6311470602.jpg,https://t.me/+CgUFCvGWEk84NDQ1,Media
2026-01-25T20:13:35.700817,mira.kapoor_1768721688_6311470602.jpg,https://t.me/+CgUFCvGWEk84NDQ1,Media
2026-01-25T20:13:35.704208,mira.kapoor_1768880157_6311470602.jpg,https://t.me/+CgUFCvGWEk84NDQ1,Media
2026-01-25T20:13:35.706484,mira.kapoor_1768922284_6311470602.jpg,https://t.me/+CgUFCvGWEk84NDQ1,Media
2026-01-25T20:13:35.708627,mirchiplus_1765798889_3788116363270246009_807360616.mp4,https://t.me/+CgUFCvGWEk84NDQ1,Media
2026-01-25T20:13:35.710141,miss.enchantressuniverse_1765435187_3785067001585530114_49859251249.mp4,https://t.me/+CgUFCvGWEk84NDQ1,Media
2026-01-25T20:13:35.712148,missmalini_1768116119_3807555744434231114_269548788.mp4,https://t.me/+CgUFCvGWEk84NDQ1,Media
2026-01-25T20:13:35.714191,missmalini_1768566507_3811333588911324682_269548788.mp4,https://t.me/+CgUFCvGWEk84NDQ1,Media
2026-01-25T20:13:35.716213,mj.vishal_1760160776_3740822067613327389_2125806702.mp4,https://t.me/+CgUFCvGWEk84NDQ1,Media
2026-01-25T20:13:35.720244,mj.vishal_1761850535_3754996769546393775_2125806702.mp4,https://t.me/+CgUFCvGWEk84NDQ1,Media
2026-01-25T20:26:28.975415,mj.vishal_1765490122_3785526780829172383_2125806702.mp4,https://t.me/+CgUFCvGWEk84NDQ1,Media
2026-01-25T20:26:28.976929,mj.vishal_1766648325_3795243358634245723_2125806702.mp4,https://t.me/+CgUFCvGWEk84NDQ1,Media
2026-01-25T20:26:28.978391,mj.vishal_1766952623_3797795996420613378_2125806702.mp4,https://t.me/+CgUFCvGWEk84NDQ1,Media
2026-01-25T20:26:28.980417,mj.vishal_1766952816_3797797666273753094_2125806702.mp4,https://t.me/+CgUFCvGWEk84NDQ1,Media
2026-01-25T20:26:28.981729,mj.vishal_1767344493_3801083152090119557_2125806702.mp4,https://t.me/+CgUFCvGWEk84NDQ1,Media
2026-01-25T20:26:28.983156,mj.vishal_1767855841_3805372138191212367_2125806702.mp4,https://t.me/+CgUFCvGWEk84NDQ1,Media
2026-01-25T20:26:28.985893,mj.vishal_1768238543_3808583188441048673_2125806702.mp4,https://t.me/+CgUFCvGWEk84NDQ1,Media
2026-01-25T20:26:28.987907,mobieventzindia_1765780338_3787961779427782621_78013487980.mp4,https://t.me/+CgUFCvGWEk84NDQ1,Media
2026-01-25T20:26:28.992117,mohak.narang_1767264423_5698141340.mp4,https://t.me/+CgUFCvGWEk84NDQ1,Media
2026-01-25T20:26:28.994180,mohak.narang_1767264565_5698141340.mp4,https://t.me/+CgUFCvGWEk84NDQ1,Media
2026-01-25T20:33:11.310951,mohak.narang_1767293804_5698141340.mp4,https://t.me/+CgUFCvGWEk84NDQ1,Media
2026-01-25T20:33:11.313465,mohdxadnan_1765715650_3787419689358732179_60791772491.mp4,https://t.me/+CgUFCvGWEk84NDQ1,Media
2026-01-25T20:33:11.316465,mohtaajj_1761993313_3756194835489930980_64170794809.mp4,https://t.me/+CgUFCvGWEk84NDQ1,Media
2026-01-25T20:33:11.318970,mohtaajj_1768042145_3806935676994753701_64170794809.mp4,https://t.me/+CgUFCvGWEk84NDQ1,Media
2026-01-25T20:33:11.319977,mouni__4__ever_1761903170_3755436980609024804_66289871882.mp4,https://t.me/+CgUFCvGWEk84NDQ1,Media
2026-01-25T20:33:11.323492,movie_review_preview_1763795641_3771313450295281639_39574660971.mp4,https://t.me/+CgUFCvGWEk84NDQ1,Media
2026-01-25T20:33:11.326497,movie_review_preview_1763796660_3771322016205760750_39574660971.mp4,https://t.me/+CgUFCvGWEk84NDQ1,Media
2026-01-25T20:33:11.327497,movie_review_preview_1765372079_3784537566066360927_39574660971.mp4,https://t.me/+CgUFCvGWEk84NDQ1,Media
2026-01-25T20:33:11.330008,movie_review_preview_1765647069_3786844326169042957_39574660971.mp4,https://t.me/+CgUFCvGWEk84NDQ1,Media
2026-01-25T20:33:11.332515,movie_review_preview_1765868289_3788700095739453869_39574660971.mp4,https://t.me/+CgUFCvGWEk84NDQ1,Media
2026-01-25T20:39:48.307572,movie_review_preview_1767091881_3798964298928620348_39574660971.mp4,https://t.me/+CgUFCvGWEk84NDQ1,Media
2026-01-25T20:39:48.309254,movie_review_preview_1767378619_3801369661003428429_39574660971.mp4,https://t.me/+CgUFCvGWEk84NDQ1,Media
2026-01-25T20:39:48.311261,movie_review_preview_1767608335_3803296658034143834_39574660971.mp4,https://t.me/+CgUFCvGWEk84NDQ1,Media
2026-01-25T20:39:48.313452,movie_review_preview_1768646836_3812008194230864607_39574660971.mp4,https://t.me/+CgUFCvGWEk84NDQ1,Media
2026-01-25T20:39:48.315452,mrbold000_1765001090_3781425356511951476_1702294151.mp4,https://t.me/+CgUFCvGWEk84NDQ1,Media
2026-01-25T20:39:48.316452,mr_devadiga61_1767624167_3803429641352946744_3185769151.jpg,https://t.me/+CgUFCvGWEk84NDQ1,Media
2026-01-25T20:39:48.317946,mr_devadiga61_1767624167_3803429641352946744_3185769151.jpg,https://t.me/+CgUFCvGWEk84NDQ1,Media
2026-01-25T20:39:48.319964,mtv.drafts.__1767617091_3803370110413907623_75440651025.mp4,https://t.me/+CgUFCvGWEk84NDQ1,Media
2026-01-25T20:39:48.320969,mtvsplitsvilla_1768231902_3808527466650251889_214497208.mp4,https://t.me/+CgUFCvGWEk84NDQ1,Media
2026-01-25T20:39:48.324485,mtvsplitsvilla_1768465998_3810491201405737209_214497208.mp4,https://t.me/+CgUFCvGWEk84NDQ1,Media
2026-01-25T20:54:54.639005,mtvsplitsvilla_1768496704_3810748759706872302_214497208.mp4,https://t.me/+CgUFCvGWEk84NDQ1,Media
2026-01-25T20:54:54.641208,mubeensaudagar_1767441155_3801891447596102699_1273266767.mp4,https://t.me/+CgUFCvGWEk84NDQ1,Media
2026-01-25T20:54:54.644208,mundenews_1763758421_3770998075125462454_56557824690.mp4,https://t.me/+CgUFCvGWEk84NDQ1,Media
2026-01-25T20:54:54.646329,mundenews_1764783217_3779595899832425590_56557824690.mp4,https://t.me/+CgUFCvGWEk84NDQ1,Media
2026-01-25T20:54:54.647328,murtazaviews_1765486440_3785495921329631964_25506664984.mp4,https://t.me/+CgUFCvGWEk84NDQ1,Media
2026-01-25T20:54:54.649846,mvm.worldwide_1767187486_3799765759363169573_48771160669.mp4,https://t.me/+CgUFCvGWEk84NDQ1,Media
2026-01-25T20:54:54.654852,mxwebworld_1757518147_3718653990553606709_65142846310.mp4,https://t.me/+CgUFCvGWEk84NDQ1,Media
2026-01-25T20:54:54.658328,naagin.ki.duniyaa_1764863420_3780270823391888205_75184128394.jpg,https://t.me/+CgUFCvGWEk84NDQ1,Media
2026-01-25T20:54:54.661343,naagin.ki.duniyaa_1764863420_3780270823391888205_75184128394.jpg,https://t.me/+CgUFCvGWEk84NDQ1,Media
2026-01-25T20:54:54.663344,naagin.ki.duniyaa_1764863420_3780270823391929191_75184128394.jpg,https://t.me/+CgUFCvGWEk84NDQ1,Media
2026-01-25T20:56:30.117210,naagin.ki.duniyaa_1764863420_3780270823643558475_75184128394.jpg,https://t.me/+CgUFCvGWEk84NDQ1,Media
2026-01-25T20:56:30.118716,naagin.ki.duniyaa_1768683250_3812312517285022285_75184128394.mp4,https://t.me/+CgUFCvGWEk84NDQ1,Media
2026-01-25T20:56:30.121730,naaginfantacy_1767541248_3802733824019270648_68942273640.mp4,https://t.me/+CgUFCvGWEk84NDQ1,Media
2026-01-25T20:56:30.123730,naagin_blockbuster_1764778489_38349724371.jpg,https://t.me/+CgUFCvGWEk84NDQ1,Media
2026-01-25T20:56:30.125731,naagin_blockbuster_1764778489_38349724371.jpg,https://t.me/+CgUFCvGWEk84NDQ1,Media
2026-01-25T20:56:30.126733,naagin_blockbuster_1764845630_38349724371.jpg,https://t.me/+CgUFCvGWEk84NDQ1,Media
2026-01-25T20:56:30.128459,naagin_blockbuster_1764845630_38349724371.jpg,https://t.me/+CgUFCvGWEk84NDQ1,Media
2026-01-25T20:56:30.130760,naagin_blockbuster_1764846148_38349724371.jpg,https://t.me/+CgUFCvGWEk84NDQ1,Media
2026-01-25T20:56:30.132770,naagin_blockbuster_1764846148_38349724371.jpg,https://t.me/+CgUFCvGWEk84NDQ1,Media
2026-01-25T20:56:30.133770,naagin_blockbuster_1765616129_38349724371.jpg,https://t.me/+CgUFCvGWEk84NDQ1,Media
2026-01-25T20:56:58.818415,naagin_blockbuster_1766073830_38349724371.jpg,https://t.me/+CgUFCvGWEk84NDQ1,Media
2026-01-25T20:56:58.820426,naagin_blockbuster_1766076514_38349724371.jpg,https://t.me/+CgUFCvGWEk84NDQ1,Media
2026-01-25T20:56:58.821433,naagin_blockbuster_1766076514_38349724371.jpg,https://t.me/+CgUFCvGWEk84NDQ1,Media
2026-01-25T20:56:58.823431,naagin_blockbuster_1766488194_38349724371.jpg,https://t.me/+CgUFCvGWEk84NDQ1,Media
2026-01-25T20:56:58.824433,naagin_blockbuster_1766488194_38349724371.jpg,https://t.me/+CgUFCvGWEk84NDQ1,Media
2026-01-25T20:56:58.825433,naagin_blockbuster_1766493341_38349724371.jpg,https://t.me/+CgUFCvGWEk84NDQ1,Media
2026-01-25T20:56:58.827432,naagin_blockbuster_1766493341_38349724371.jpg,https://t.me/+CgUFCvGWEk84NDQ1,Media
2026-01-25T20:56:58.828433,naagin_blockbuster_1766817751_38349724371.jpg,https://t.me/+CgUFCvGWEk84NDQ1,Media
2026-01-25T20:56:58.829486,naagin_blockbuster_1766817751_38349724371.jpg,https://t.me/+CgUFCvGWEk84NDQ1,Media
2026-01-25T20:56:58.830486,naagin_blockbuster_1766823741_38349724371.mp4,https://t.me/+CgUFCvGWEk84NDQ1,Media
2026-01-25T21:02:50.020653,naagin_blockbuster_1766823997_38349724371.mp4,https://t.me/+CgUFCvGWEk84NDQ1,Media
2026-01-25T21:02:50.023654,naagin_blockbuster_1766824049_38349724371.mp4,https://t.me/+CgUFCvGWEk84NDQ1,Media
2026-01-25T21:02:50.024654,naagin_blockbuster_1766824068_38349724371.mp4,https://t.me/+CgUFCvGWEk84NDQ1,Media
2026-01-25T21:02:50.026539,naagin_blockbuster_1766824224_38349724371.jpg,https://t.me/+CgUFCvGWEk84NDQ1,Media
2026-01-25T21:02:50.028547,naagin_blockbuster_1766824224_38349724371.jpg,https://t.me/+CgUFCvGWEk84NDQ1,Media
2026-01-25T21:02:50.029055,naagin_blockbuster_1766827009_38349724371.mp4,https://t.me/+CgUFCvGWEk84NDQ1,Media
2026-01-25T21:02:50.033063,naagin_blockbuster_1766827179_38349724371.mp4,https://t.me/+CgUFCvGWEk84NDQ1,Media
2026-01-25T21:02:50.035062,naagin_blockbuster_1766827458_38349724371.mp4,https://t.me/+CgUFCvGWEk84NDQ1,Media
2026-01-25T21:02:50.036568,naagin_blockbuster_1766827931_38349724371.jpg,https://t.me/+CgUFCvGWEk84NDQ1,Media
2026-01-25T21:02:50.038579,naagin_blockbuster_1766827931_38349724371.jpg,https://t.me/+CgUFCvGWEk84NDQ1,Media
2026-01-25T21:04:36.856493,naagin_blockbuster_1766828280_38349724371.jpg,https://t.me/+CgUFCvGWEk84NDQ1,Media
2026-01-25T21:04:36.858511,naagin_blockbuster_1766828280_38349724371.jpg,https://t.me/+CgUFCvGWEk84NDQ1,Media
2026-01-25T21:04:36.859524,naagin_blockbuster_1766828589_38349724371.mp4,https://t.me/+CgUFCvGWEk84NDQ1,Media
2026-01-25T21:04:36.861529,naagin_blockbuster_1766828992_38349724371.mp4,https://t.me/+CgUFCvGWEk84NDQ1,Media
2026-01-25T21:04:36.863529,naagin_blockbuster_1766830088_38349724371.jpg,https://t.me/+CgUFCvGWEk84NDQ1,Media
2026-01-25T21:04:36.865529,naagin_blockbuster_1766830088_38349724371.jpg,https://t.me/+CgUFCvGWEk84NDQ1,Media
2026-01-25T21:04:36.866528,naagin_blockbuster_1766832347_38349724371.mp4,https://t.me/+CgUFCvGWEk84NDQ1,Media
2026-01-25T21:04:36.869399,naagin_blockbuster_1766834406_38349724371.jpg,https://t.me/+CgUFCvGWEk84NDQ1,Media
2026-01-25T21:04:36.871403,naagin_blockbuster_1766834406_38349724371.jpg,https://t.me/+CgUFCvGWEk84NDQ1,Media
2026-01-25T21:04:36.872399,naagin_blockbuster_1766840117_38349724371.mp4,https://t.me/+CgUFCvGWEk84NDQ1,Media
2026-01-25T21:06:04.290523,naagin_blockbuster_1766840193_38349724371.mp4,https://t.me/+CgUFCvGWEk84NDQ1,Media
2026-01-25T21:06:04.292524,naagin_blockbuster_1766840462_38349724371.jpg,https://t.me/+CgUFCvGWEk84NDQ1,Media
2026-01-25T21:06:04.294522,naagin_blockbuster_1766840462_38349724371.jpg,https://t.me/+CgUFCvGWEk84NDQ1,Media
2026-01-25T21:06:04.295523,naagin_blockbuster_1766840708_38349724371.mp4,https://t.me/+CgUFCvGWEk84NDQ1,Media
2026-01-25T21:06:04.298305,naagin_blockbuster_1766844234_38349724371.mp4,https://t.me/+CgUFCvGWEk84NDQ1,Media
2026-01-25T21:06:04.301323,naagin_blockbuster_1766844536_38349724371.mp4,https://t.me/+CgUFCvGWEk84NDQ1,Media
2026-01-25T21:06:04.303322,naagin_blockbuster_1766844554_38349724371.jpg,https://t.me/+CgUFCvGWEk84NDQ1,Media
2026-01-25T21:06:04.305322,naagin_blockbuster_1766844554_38349724371.jpg,https://t.me/+CgUFCvGWEk84NDQ1,Media
2026-01-25T21:06:04.305322,naagin_blockbuster_1766844610_38349724371.jpg,https://t.me/+CgUFCvGWEk84NDQ1,Media
2026-01-25T21:06:04.308465,naagin_blockbuster_1766844610_38349724371.jpg,https://t.me/+CgUFCvGWEk84NDQ1,Media
2026-01-25T21:06:33.918484,naagin_blockbuster_1766844639_38349724371.jpg,https://t.me/+CgUFCvGWEk84NDQ1,Media
2026-01-25T21:06:33.919998,naagin_blockbuster_1766844639_38349724371.jpg,https://t.me/+CgUFCvGWEk84NDQ1,Media
2026-01-25T21:06:33.922516,naagin_blockbuster_1766844900_38349724371.jpg,https://t.me/+CgUFCvGWEk84NDQ1,Media
2026-01-25T21:06:33.924516,naagin_blockbuster_1766844900_38349724371.jpg,https://t.me/+CgUFCvGWEk84NDQ1,Media
2026-01-25T21:06:33.925516,naagin_blockbuster_1766845800_38349724371.jpg,https://t.me/+CgUFCvGWEk84NDQ1,Media
2026-01-25T21:06:33.927021,naagin_blockbuster_1766845800_38349724371.jpg,https://t.me/+CgUFCvGWEk84NDQ1,Media
2026-01-25T21:06:33.929534,naagin_blockbuster_1766845921_38349724371.jpg,https://t.me/+CgUFCvGWEk84NDQ1,Media
2026-01-25T21:06:33.930768,naagin_blockbuster_1766845921_38349724371.jpg,https://t.me/+CgUFCvGWEk84NDQ1,Media
2026-01-25T21:06:33.931964,naagin_blockbuster_1766846763_38349724371.mp4,https://t.me/+CgUFCvGWEk84NDQ1,Media
2026-01-25T21:06:33.933977,naagin_blockbuster_1766847685_38349724371.mp4,https://t.me/+CgUFCvGWEk84NDQ1,Media
2026-01-25T21:12:34.494056,naagin_blockbuster_1766850040_38349724371.mp4,https://t.me/+CgUFCvGWEk84NDQ1,Media
2026-01-25T21:12:34.495056,naagin_blockbuster_1766850702_38349724371.mp4,https://t.me/+CgUFCvGWEk84NDQ1,Media
2026-01-25T21:12:34.495056,naagin_blockbuster_1766851623_38349724371.jpg,https://t.me/+CgUFCvGWEk84NDQ1,Media
2026-01-25T21:12:34.497584,naagin_blockbuster_1766851623_38349724371.jpg,https://t.me/+CgUFCvGWEk84NDQ1,Media
2026-01-25T21:12:34.497584,naagin_blockbuster_1766851820_38349724371.mp4,https://t.me/+CgUFCvGWEk84NDQ1,Media
2026-01-25T21:12:34.499097,naagin_blockbuster_1766854429_38349724371.mp4,https://t.me/+CgUFCvGWEk84NDQ1,Media
2026-01-25T21:12:34.499097,naagin_blockbuster_1766855077_38349724371.mp4,https://t.me/+CgUFCvGWEk84NDQ1,Media
2026-01-25T21:12:34.500102,naagin_blockbuster_1766855694_38349724371.jpg,https://t.me/+CgUFCvGWEk84NDQ1,Media
2026-01-25T21:12:34.501101,naagin_blockbuster_1766855694_38349724371.jpg,https://t.me/+CgUFCvGWEk84NDQ1,Media
2026-01-25T21:12:34.502101,naagin_blockbuster_1766858934_38349724371.mp4,https://t.me/+CgUFCvGWEk84NDQ1,Media
2026-01-25T21:22:54.348542,naagin_blockbuster_1766859092_38349724371.mp4,https://t.me/+CgUFCvGWEk84NDQ1,Media
2026-01-25T21:22:54.350551,naagin_blockbuster_1766860257_38349724371.mp4,https://t.me/+CgUFCvGWEk84NDQ1,Media
2026-01-25T21:22:54.354068,naagin_blockbuster_1766861070_38349724371.mp4,https://t.me/+CgUFCvGWEk84NDQ1,Media
2026-01-25T21:22:54.356351,naagin_blockbuster_1766935786_3797645741460143347_38349724371.mp4,https://t.me/+CgUFCvGWEk84NDQ1,Media
2026-01-25T21:22:54.358895,naagin_blockbuster_1767101545_38349724371.mp4,https://t.me/+CgUFCvGWEk84NDQ1,Media
2026-01-25T21:22:54.361072,naagin_blockbuster_1767115014_38349724371.mp4,https://t.me/+CgUFCvGWEk84NDQ1,Media
2026-01-25T21:22:54.363561,naagin_blockbuster_1767171587_38349724371.mp4,https://t.me/+CgUFCvGWEk84NDQ1,Media
2026-01-25T21:22:54.365649,naagin_blockbuster_1767171627_38349724371.mp4,https://t.me/+CgUFCvGWEk84NDQ1,Media
2026-01-25T21:22:54.368658,naagin_blockbuster_1767434373_38349724371.mp4,https://t.me/+CgUFCvGWEk84NDQ1,Media
2026-01-25T21:22:54.371174,naagin_blockbuster_1767445114_38349724371.jpg,https://t.me/+CgUFCvGWEk84NDQ1,Media
2026-01-25T21:23:24.464232,naagin_blockbuster_1768055880_38349724371.jpg,https://t.me/+CgUFCvGWEk84NDQ1,Media
2026-01-25T21:23:24.466232,naagin_blockbuster_1768055880_38349724371.jpg,https://t.me/+CgUFCvGWEk84NDQ1,Media
2026-01-25T21:23:24.467232,naagin_blockbuster_1768063393_38349724371.jpg,https://t.me/+CgUFCvGWEk84NDQ1,Media
2026-01-25T21:23:24.468739,naagin_blockbuster_1768063393_38349724371.jpg,https://t.me/+CgUFCvGWEk84NDQ1,Media
2026-01-25T21:23:24.469756,naagin_blockbuster_1768063517_38349724371.jpg,https://t.me/+CgUFCvGWEk84NDQ1,Media
2026-01-25T21:23:24.470749,naagin_blockbuster_1768063517_38349724371.jpg,https://t.me/+CgUFCvGWEk84NDQ1,Media
2026-01-25T21:23:24.471748,naagin_blockbuster_1768065022_38349724371.jpg,https://t.me/+CgUFCvGWEk84NDQ1,Media
2026-01-25T21:23:24.472747,naagin_blockbuster_1768065022_38349724371.jpg,https://t.me/+CgUFCvGWEk84NDQ1,Media
2026-01-25T21:23:24.474907,naagin_blockbuster_1768065152_38349724371.jpg,https://t.me/+CgUFCvGWEk84NDQ1,Media
2026-01-25T21:23:24.475910,naagin_blockbuster_1768065152_38349724371.jpg,https://t.me/+CgUFCvGWEk84NDQ1,Media
2026-01-25T21:27:02.083884,naagin_blockbuster_1768190993_38349724371.mp4,https://t.me/+CgUFCvGWEk84NDQ1,Media
2026-01-25T21:27:02.087331,naagin_blockbuster_1768225701_38349724371.jpg,https://t.me/+CgUFCvGWEk84NDQ1,Media
2026-01-25T21:27:02.090027,naagin_blockbuster_1768225701_38349724371.jpg,https://t.me/+CgUFCvGWEk84NDQ1,Media
2026-01-25T21:27:02.091084,naagin_blockbuster_1768236251_38349724371.jpg,https://t.me/+CgUFCvGWEk84NDQ1,Media
2026-01-25T21:27:02.092422,naagin_blockbuster_1768236251_38349724371.jpg,https://t.me/+CgUFCvGWEk84NDQ1,Media
2026-01-25T21:27:02.093749,naagin_things_1763634503_3769961090487519814_56794099094.mp4,https://t.me/+CgUFCvGWEk84NDQ1,Media
2026-01-25T21:27:02.095227,nabila_salon_1764280800_3775383538590574566_1501664928.mp4,https://t.me/+CgUFCvGWEk84NDQ1,Media
2026-01-25T21:27:02.096234,nagmamirajkar_1767595451_202318783.mp4,https://t.me/+CgUFCvGWEk84NDQ1,Media
2026-01-25T21:27:02.098737,nagmamirajkar_1767622927_202318783.mp4,https://t.me/+CgUFCvGWEk84NDQ1,Media
2026-01-25T21:27:02.099744,nagmamirajkar_1767624169_202318783.mp4,https://t.me/+CgUFCvGWEk84NDQ1,Media
2026-01-25T21:37:10.599167,nagmamirajkar_1767636863_202318783.mp4,https://t.me/+CgUFCvGWEk84NDQ1,Media
2026-01-25T21:37:10.601661,nagmamirajkar_1768197372_202318783.mp4,https://t.me/+CgUFCvGWEk84NDQ1,Media
2026-01-25T21:37:10.604175,nagmamirajkar_1768197398_202318783.mp4,https://t.me/+CgUFCvGWEk84NDQ1,Media
2026-01-25T21:37:10.606174,nagmamirajkar_1768203921_202318783.mp4,https://t.me/+CgUFCvGWEk84NDQ1,Media
2026-01-25T21:37:10.608176,nagmamirajkar_1768204120_202318783.mp4,https://t.me/+CgUFCvGWEk84NDQ1,Media
2026-01-25T21:37:10.609683,nagmamirajkar_1768588446_202318783.mp4,https://t.me/+CgUFCvGWEk84NDQ1,Media
2026-01-25T21:37:10.611692,nagmamirajkar_1768598264_202318783.mp4,https://t.me/+CgUFCvGWEk84NDQ1,Media
2026-01-25T21:37:10.613197,nagmamirajkar_1768635284_202318783.mp4,https://t.me/+CgUFCvGWEk84NDQ1,Media
2026-01-25T21:37:10.615206,nagmamirajkar_1768655320_202318783.mp4,https://t.me/+CgUFCvGWEk84NDQ1,Media
2026-01-25T21:37:10.618204,nagmamirajkar_1768660129_202318783.mp4,https://t.me/+CgUFCvGWEk84NDQ1,Media
2026-01-25T21:44:09.983892,nagmamirajkar_1768907146_202318783.mp4,https://t.me/+CgUFCvGWEk84NDQ1,Media
2026-01-25T21:44:09.985893,nagmamirajkar_1768907621_202318783.mp4,https://t.me/+CgUFCvGWEk84NDQ1,Media
2026-01-25T21:44:09.988013,nagmamirajkar_1768907788_202318783.mp4,https://t.me/+CgUFCvGWEk84NDQ1,Media
2026-01-25T21:44:09.989516,nagmamirajkar_1768909770_202318783.mp4,https://t.me/+CgUFCvGWEk84NDQ1,Media
2026-01-25T21:44:09.992296,nagmamirajkar_1768934474_202318783.mp4,https://t.me/+CgUFCvGWEk84NDQ1,Media
2026-01-25T21:44:09.993301,natasastankovic___1768884812_302835526.mp4,https://t.me/+CgUFCvGWEk84NDQ1,Media
2026-01-25T21:44:09.995308,natasastankovic___1768899265_302835526.jpg,https://t.me/+CgUFCvGWEk84NDQ1,Media
2026-01-25T21:44:09.997317,natashaabothra_1764530518_520242710.jpg,https://t.me/+CgUFCvGWEk84NDQ1,Media
2026-01-25T21:44:09.998310,natashaabothra_1764530518_520242710.jpg,https://t.me/+CgUFCvGWEk84NDQ1,Media
2026-01-25T21:44:09.999308,natashaabothra_1764530833_520242710.jpg,https://t.me/+CgUFCvGWEk84NDQ1,Media
2026-01-25T21:44:39.965175,natashaabothra_1764604574_3778099462376967537_520242710.jpg,https://t.me/+CgUFCvGWEk84NDQ1,Media
2026-01-25T21:44:39.967456,natashaabothra_1764604574_3778099462628620168_520242710.jpg,https://t.me/+CgUFCvGWEk84NDQ1,Media
2026-01-25T21:44:39.968457,natashaabothra_1764604574_3778099462628620168_520242710.jpg,https://t.me/+CgUFCvGWEk84NDQ1,Media
2026-01-25T21:44:39.969456,natashaabothra_1765112182_520242710.jpg,https://t.me/+CgUFCvGWEk84NDQ1,Media
2026-01-25T21:44:39.970630,natashaabothra_1765112182_520242710.jpg,https://t.me/+CgUFCvGWEk84NDQ1,Media
2026-01-25T21:44:39.970630,natashaabothra_1765115898_520242710.jpg,https://t.me/+CgUFCvGWEk84NDQ1,Media
2026-01-25T21:44:39.971638,natashaabothra_1765115898_520242710.jpg,https://t.me/+CgUFCvGWEk84NDQ1,Media
2026-01-25T21:44:39.972630,natashaabothra_1765529297_520242710.jpg,https://t.me/+CgUFCvGWEk84NDQ1,Media
2026-01-25T21:44:39.974154,natashaabothra_1765529297_520242710.jpg,https://t.me/+CgUFCvGWEk84NDQ1,Media
2026-01-25T21:44:39.975147,natashaabothra_1765609329_520242710.jpg,https://t.me/+CgUFCvGWEk84NDQ1,Media
2026-01-25T21:45:19.139289,natashaabothra_1766929224_520242710.jpg,https://t.me/+CgUFCvGWEk84NDQ1,Media
2026-01-25T21:45:19.140299,natashaabothra_1766929224_520242710.jpg,https://t.me/+CgUFCvGWEk84NDQ1,Media
2026-01-25T21:45:19.141298,natashaabothra_1766937302_520242710.mp4,https://t.me/+CgUFCvGWEk84NDQ1,Media
2026-01-25T21:45:19.142809,natashaabothra_1767348588_3801117922333697061_520242710.jpg,https://t.me/+CgUFCvGWEk84NDQ1,Media
2026-01-25T21:45:19.143833,natashaabothra_1767348588_3801117922333697061_520242710.jpg,https://t.me/+CgUFCvGWEk84NDQ1,Media
2026-01-25T21:45:19.145364,natashaabothra_1767348588_3801117922342116217_520242710.jpg,https://t.me/+CgUFCvGWEk84NDQ1,Media
2026-01-25T21:45:19.147374,natashaabothra_1767348588_3801117922342116217_520242710.jpg,https://t.me/+CgUFCvGWEk84NDQ1,Media
2026-01-25T21:45:19.147374,natashaabothra_1767348588_3801117922342138885_520242710.jpg,https://t.me/+CgUFCvGWEk84NDQ1,Media
2026-01-25T21:45:19.149530,natashaabothra_1767348588_3801117922342138885_520242710.jpg,https://t.me/+CgUFCvGWEk84NDQ1,Media
2026-01-25T21:45:19.150537,natashaabothra_1767348588_3801117922350502840_520242710.jpg,https://t.me/+CgUFCvGWEk84NDQ1,Media
2026-01-25T21:47:38.016443,natashaabothra_1767774381_3804689728982352120_520242710.jpg,https://t.me/+CgUFCvGWEk84NDQ1,Media
2026-01-25T21:47:38.017375,natashaabothra_1767774381_3804689729049508470_520242710.jpg,https://t.me/+CgUFCvGWEk84NDQ1,Media
2026-01-25T21:47:38.018382,natashaabothra_1767774381_3804689729049508470_520242710.jpg,https://t.me/+CgUFCvGWEk84NDQ1,Media
2026-01-25T21:47:38.019900,natashaabothra_1767774381_3804689729116590607_520242710.jpg,https://t.me/+CgUFCvGWEk84NDQ1,Media
2026-01-25T21:47:38.020904,natashaabothra_1767774381_3804689729116590607_520242710.jpg,https://t.me/+CgUFCvGWEk84NDQ1,Media
2026-01-25T21:47:38.022418,natashaabothra_1767792835_3804844533176507422_520242710.jpg,https://t.me/+CgUFCvGWEk84NDQ1,Media
2026-01-25T21:47:38.023425,natashaabothra_1767792835_3804844533176507422_520242710.jpg,https://t.me/+CgUFCvGWEk84NDQ1,Media
2026-01-25T21:47:38.024445,natashaabothra_1767792835_3804844533176516696_520242710.jpg,https://t.me/+CgUFCvGWEk84NDQ1,Media
2026-01-25T21:47:38.025424,natashaabothra_1767792835_3804844533176516696_520242710.jpg,https://t.me/+CgUFCvGWEk84NDQ1,Media
2026-01-25T21:47:38.025424,natashaabothra_1767792835_3804844533176531136_520242710.jpg,https://t.me/+CgUFCvGWEk84NDQ1,Media
2026-01-25T21:49:27.073756,natashaabothra_1768570128_3811364943396647032_520242710.jpg,https://t.me/+CgUFCvGWEk84NDQ1,Media
2026-01-25T21:49:27.074770,natashaabothra_1768570128_3811364943715422388_520242710.jpg,https://t.me/+CgUFCvGWEk84NDQ1,Media
2026-01-25T21:49:27.075845,natashaabothra_1768570128_3811364943715422388_520242710.jpg,https://t.me/+CgUFCvGWEk84NDQ1,Media
2026-01-25T21:49:27.077437,natashaabothra_1768588463_520242710.mp4,https://t.me/+CgUFCvGWEk84NDQ1,Media
2026-01-25T21:49:27.079487,natashaabothra_1768637799_520242710.mp4,https://t.me/+CgUFCvGWEk84NDQ1,Media
2026-01-25T21:49:27.080637,natashaabothra_1768649195_520242710.mp4,https://t.me/+CgUFCvGWEk84NDQ1,Media
2026-01-25T21:49:27.082680,natashaabothra_1768657890_520242710.mp4,https://t.me/+CgUFCvGWEk84NDQ1,Media
2026-01-25T21:49:27.083273,natashaabothra_1768890483_520242710.mp4,https://t.me/+CgUFCvGWEk84NDQ1,Media
2026-01-25T21:49:27.085289,natashaabothra_1768923082_520242710.mp4,https://t.me/+CgUFCvGWEk84NDQ1,Media
2026-01-25T21:49:27.086271,natashaabothra_1768934357_520242710.mp4,https://t.me/+CgUFCvGWEk84NDQ1,Media
2026-01-25T22:01:40.227824,nathalieemmanuel_1767403148_11862447.jpg,https://t.me/+CgUFCvGWEk84NDQ1,Media
2026-01-25T22:01:40.229330,nathalieemmanuel_1767403316_11862447.jpg,https://t.me/+CgUFCvGWEk84NDQ1,Media
2026-01-25T22:01:40.230595,nayandeeprakshit_1767697591_3804044774194946331_2165115493.mp4,https://t.me/+CgUFCvGWEk84NDQ1,Media
2026-01-25T22:01:40.236107,neethashetty_official_1768889522_623937137.mp4,https://t.me/+CgUFCvGWEk84NDQ1,Media
2026-01-25T22:01:40.237107,neethashetty_official_1768889806_623937137.mp4,https://t.me/+CgUFCvGWEk84NDQ1,Media
2026-01-25T22:01:40.239115,neethashetty_official_1768906389_623937137.mp4,https://t.me/+CgUFCvGWEk84NDQ1,Media
2026-01-25T22:01:40.239622,neethashetty_official_1768931401_623937137.mp4,https://t.me/+CgUFCvGWEk84NDQ1,Media
2026-01-25T22:01:40.240636,nehaa141_1767361266_3801224273541785528_498875915.jpg,https://t.me/+CgUFCvGWEk84NDQ1,Media
2026-01-25T22:01:40.242628,nehaa141_1767361266_3801224273768257757_498875915.jpg,https://t.me/+CgUFCvGWEk84NDQ1,Media
2026-01-25T22:01:40.243135,nehaadhvikmahajan_1767263971_3800406864114615410_277835482.mp4,https://t.me/+CgUFCvGWEk84NDQ1,Media
2026-01-25T22:02:18.497318,nehaswamibijlani_1766924805_3797562972660018522_1288350701.jpg,https://t.me/+CgUFCvGWEk84NDQ1,Media
2026-01-25T22:02:18.498320,nehaswamibijlani_1766924805_3797562972660028599_1288350701.jpg,https://t.me/+CgUFCvGWEk84NDQ1,Media
2026-01-25T22:02:18.500609,nehaswamibijlani_1766924805_3797562972676751981_1288350701.jpg,https://t.me/+CgUFCvGWEk84NDQ1,Media
2026-01-25T22:02:18.501611,nehaswamibijlani_1766924805_3797562972676801015_1288350701.jpg,https://t.me/+CgUFCvGWEk84NDQ1,Media
2026-01-25T22:02:18.502625,nehaswamibijlani_1766924805_3797562972743870676_1288350701.jpg,https://t.me/+CgUFCvGWEk84NDQ1,Media
2026-01-25T22:02:18.504035,nehaswamibijlani_1766924805_3797562972743886846_1288350701.jpg,https://t.me/+CgUFCvGWEk84NDQ1,Media
2026-01-25T22:02:18.505034,nehaswamibijlani_1766924805_3797562972743902764_1288350701.jpg,https://t.me/+CgUFCvGWEk84NDQ1,Media
2026-01-25T22:02:18.506030,nehaswamibijlani_1766924805_3797562972743915088_1288350701.jpg,https://t.me/+CgUFCvGWEk84NDQ1,Media
2026-01-25T22:02:18.508031,nehaswamibijlani_1766924805_3797562972794211169_1288350701.jpg,https://t.me/+CgUFCvGWEk84NDQ1,Media
2026-01-25T22:02:18.508031,nehaswamibijlani_1766924805_3797562972794222657_1288350701.jpg,https://t.me/+CgUFCvGWEk84NDQ1,Media
2026-01-25T22:02:55.970590,nehaswamibijlani_1766924805_3797562972794230977_1288350701.jpg,https://t.me/+CgUFCvGWEk84NDQ1,Media
2026-01-25T22:02:55.971595,nehaswamibijlani_1766924805_3797562972802618313_1288350701.jpg,https://t.me/+CgUFCvGWEk84NDQ1,Media
2026-01-25T22:02:55.972593,nehaswamibijlani_1766924805_3797562972802627790_1288350701.jpg,https://t.me/+CgUFCvGWEk84NDQ1,Media
2026-01-25T22:02:55.974112,nehaswamibijlani_1766924805_3797562972953592132_1288350701.jpg,https://t.me/+CgUFCvGWEk84NDQ1,Media
2026-01-25T22:02:55.975101,nehaswamibijlani_1766924805_3797562972978746715_1288350701.jpg,https://t.me/+CgUFCvGWEk84NDQ1,Media
2026-01-25T22:02:55.976103,nehaswamibijlani_1766924805_3797562972978771951_1288350701.jpg,https://t.me/+CgUFCvGWEk84NDQ1,Media
2026-01-25T22:02:55.977103,nehaswamibijlani_1766924805_3797562973003920356_1288350701.jpg,https://t.me/+CgUFCvGWEk84NDQ1,Media
2026-01-25T22:02:55.978105,nehaswamibijlani_1766924805_3797562973012344167_1288350701.jpg,https://t.me/+CgUFCvGWEk84NDQ1,Media
2026-01-25T22:02:55.978105,nehaswamibijlani_1766924805_3797562973012346751_1288350701.jpg,https://t.me/+CgUFCvGWEk84NDQ1,Media
2026-01-25T22:02:55.979622,nehaswamibijlani_1766924805_3797562973087858482_1288350701.jpg,https://t.me/+CgUFCvGWEk84NDQ1,Media
2026-01-25T22:05:02.725274,newstainmentnetwork_1764061557_3773544093973435220_3440071833.mp4,https://t.me/+CgUFCvGWEk84NDQ1,Media
2026-01-25T22:05:02.727275,newsy.parrot_1765428714_3785012320872040991_27208029574.mp4,https://t.me/+CgUFCvGWEk84NDQ1,Media
2026-01-25T22:05:02.728274,niharikasingg_1767505925_3802437679355716452_1305234363.mp4,https://t.me/+CgUFCvGWEk84NDQ1,Media
2026-01-25T22:05:02.729984,niharikasingg_1767505925_3802437695604440460_1305234363.mp4,https://t.me/+CgUFCvGWEk84NDQ1,Media
2026-01-25T22:05:02.731992,niharikasingg_1767505925_3802437759357838551_1305234363.jpg,https://t.me/+CgUFCvGWEk84NDQ1,Media
2026-01-25T22:05:02.732992,niharikasingg_1767505925_3802437759357864511_1305234363.jpg,https://t.me/+CgUFCvGWEk84NDQ1,Media
2026-01-25T22:05:02.735192,niharikasingg_1767505925_3802437759357872834_1305234363.jpg,https://t.me/+CgUFCvGWEk84NDQ1,Media
2026-01-25T22:05:02.737191,niharikasingg_1767505925_3802437759483681037_1305234363.jpg,https://t.me/+CgUFCvGWEk84NDQ1,Media
2026-01-25T22:05:02.739704,niharikasingg_1767505925_3802437759500429473_1305234363.jpg,https://t.me/+CgUFCvGWEk84NDQ1,Media
2026-01-25T22:05:02.742216,niharikasingg_1767505925_3802437759525643214_1305234363.jpg,https://t.me/+CgUFCvGWEk84NDQ1,Media
2026-01-25T22:10:16.427233,niharikasingg_1767505925_3802437759550799636_1305234363.jpg,https://t.me/+CgUFCvGWEk84NDQ1,Media
2026-01-25T22:10:16.428741,niharikasingg_1767505925_3802437759592736318_1305234363.jpg,https://t.me/+CgUFCvGWEk84NDQ1,Media
2026-01-25T22:10:16.430829,niharikasingg_1767505925_3802437759718550910_1305234363.jpg,https://t.me/+CgUFCvGWEk84NDQ1,Media
2026-01-25T22:10:16.432529,nititaylor_1766986427_3798079101287063727_214038580.mp4,https://t.me/+CgUFCvGWEk84NDQ1,Media
2026-01-25T22:10:16.432529,nititaylor_1766986427_3798079896258671142_214038580.jpg,https://t.me/+CgUFCvGWEk84NDQ1,Media
2026-01-25T22:10:16.433511,nititaylor_1766986427_3798079896267005517_214038580.jpg,https://t.me/+CgUFCvGWEk84NDQ1,Media
2026-01-25T22:10:16.434512,nititaylor_1766986427_3798079896267007519_214038580.jpg,https://t.me/+CgUFCvGWEk84NDQ1,Media
2026-01-25T22:10:16.436020,nititaylor_1766986427_3798079896267008063_214038580.jpg,https://t.me/+CgUFCvGWEk84NDQ1,Media
2026-01-25T22:10:16.437087,nititaylor_1766986427_3798079896267017691_214038580.jpg,https://t.me/+CgUFCvGWEk84NDQ1,Media
2026-01-25T22:10:16.437087,nititaylor_1766986427_3798079896267031491_214038580.jpg,https://t.me/+CgUFCvGWEk84NDQ1,Media
2026-01-25T22:11:03.223261,nititaylor_1766986427_3798079896267033371_214038580.jpg,https://t.me/+CgUFCvGWEk84NDQ1,Media
2026-01-25T22:11:03.224260,nititaylor_1766986427_3798079896267048901_214038580.jpg,https://t.me/+CgUFCvGWEk84NDQ1,Media
2026-01-25T22:11:03.225261,nititaylor_1766986427_3798079896267060537_214038580.jpg,https://t.me/+CgUFCvGWEk84NDQ1,Media
2026-01-25T22:11:03.226260,nititaylor_1766986427_3798079896275396626_214038580.jpg,https://t.me/+CgUFCvGWEk84NDQ1,Media
2026-01-25T22:11:03.227779,nititaylor_1766986427_3798079896275425599_214038580.jpg,https://t.me/+CgUFCvGWEk84NDQ1,Media
2026-01-25T22:11:03.228789,nititaylor_1766986427_3798079896275442085_214038580.jpg,https://t.me/+CgUFCvGWEk84NDQ1,Media
2026-01-25T22:11:03.230051,nititaylor_1766986427_3798079896359272874_214038580.jpg,https://t.me/+CgUFCvGWEk84NDQ1,Media
2026-01-25T22:11:03.231557,nititaylor_1766986427_3798079896376076861_214038580.jpg,https://t.me/+CgUFCvGWEk84NDQ1,Media
2026-01-25T22:11:03.233564,nititaylor_1766986427_3798079896376103635_214038580.jpg,https://t.me/+CgUFCvGWEk84NDQ1,Media
2026-01-25T22:11:03.234564,nititaylor_1766986427_3798079896501917669_214038580.jpg,https://t.me/+CgUFCvGWEk84NDQ1,Media
2026-01-25T22:13:22.132893,nititaylor_1766986427_3798079896510273140_214038580.jpg,https://t.me/+CgUFCvGWEk84NDQ1,Media
2026-01-25T22:13:22.133925,nititaylor_1766986427_3798079896510293522_214038580.jpg,https://t.me/+CgUFCvGWEk84NDQ1,Media
2026-01-25T22:13:22.135696,nititaylor_1767098166_214038580.mp4,https://t.me/+CgUFCvGWEk84NDQ1,Media
2026-01-25T22:13:22.137721,nititaylor_1768648656_214038580.mp4,https://t.me/+CgUFCvGWEk84NDQ1,Media
2026-01-25T22:13:22.139240,nititaylor_1768666566_214038580.mp4,https://t.me/+CgUFCvGWEk84NDQ1,Media
2026-01-25T22:13:22.139748,nofilterbollywood_1768128468_3807660029630380126_50132736297.jpg,https://t.me/+CgUFCvGWEk84NDQ1,Media
2026-01-25T22:13:22.141782,nofilterbollywood_1768128468_3807660029638742527_50132736297.jpg,https://t.me/+CgUFCvGWEk84NDQ1,Media
2026-01-25T22:13:22.142794,nofilterbollywood_1768128468_3807660029764621968_50132736297.jpg,https://t.me/+CgUFCvGWEk84NDQ1,Media
2026-01-25T22:13:22.143816,nofilterbollywood_1768128468_3807660029831725889_50132736297.jpg,https://t.me/+CgUFCvGWEk84NDQ1,Media
2026-01-25T22:13:22.144829,nofilterbollywood_1768128468_3807660029924008279_50132736297.jpg,https://t.me/+CgUFCvGWEk84NDQ1,Media
2026-01-25T22:17:08.962517,nora.fatehi_heart_1763118464_3765632007217645185_15628913970.mp4,https://t.me/+CgUFCvGWEk84NDQ1,Media
2026-01-25T22:17:08.965037,nupursanon_1768413020_3810047020652837708_844321330.jpg,https://t.me/+CgUFCvGWEk84NDQ1,Media
2026-01-25T22:17:08.967042,nupursanon_1768413020_3810047020661216963_844321330.jpg,https://t.me/+CgUFCvGWEk84NDQ1,Media
2026-01-25T22:17:08.969071,nupursanon_1768413020_3810047020661217696_844321330.jpg,https://t.me/+CgUFCvGWEk84NDQ1,Media
2026-01-25T22:17:08.970078,nupursanon_1768413020_3810047020661240355_844321330.jpg,https://t.me/+CgUFCvGWEk84NDQ1,Media
2026-01-25T22:17:08.972096,nupursanon_1768413020_3810047020661251229_844321330.jpg,https://t.me/+CgUFCvGWEk84NDQ1,Media
2026-01-25T22:17:08.973095,nupursanon_1768413020_3810047020661260265_844321330.jpg,https://t.me/+CgUFCvGWEk84NDQ1,Media
2026-01-25T22:17:08.974092,nupursanon_1768413020_3810047020669617270_844321330.jpg,https://t.me/+CgUFCvGWEk84NDQ1,Media
2026-01-25T22:17:08.976092,nupursanon_1768413020_3810047020669641278_844321330.jpg,https://t.me/+CgUFCvGWEk84NDQ1,Media
2026-01-25T22:17:08.977093,nupursanon_1768413020_3810047020669651383_844321330.jpg,https://t.me/+CgUFCvGWEk84NDQ1,Media
2026-01-25T22:20:42.470589,nupursanon_1768413020_3810047020694780666_844321330.jpg,https://t.me/+CgUFCvGWEk84NDQ1,Media
2026-01-25T22:20:42.471594,nupursanon_1768413020_3810047020854203772_844321330.jpg,https://t.me/+CgUFCvGWEk84NDQ1,Media
2026-01-25T22:20:42.472593,nupursanon_1768413020_3810047020887749850_844321330.jpg,https://t.me/+CgUFCvGWEk84NDQ1,Media
2026-01-25T22:20:42.473594,nupursanon_1768721692_3812636353884850333_844321330.jpg,https://t.me/+CgUFCvGWEk84NDQ1,Media
2026-01-25T22:20:42.474595,nupursanon_1768721692_3812636353884856153_844321330.jpg,https://t.me/+CgUFCvGWEk84NDQ1,Media
2026-01-25T22:20:42.475594,nupursanon_1768721692_3812636353884876589_844321330.jpg,https://t.me/+CgUFCvGWEk84NDQ1,Media
2026-01-25T22:20:42.476595,nupursanon_1768721692_3812636353884878841_844321330.jpg,https://t.me/+CgUFCvGWEk84NDQ1,Media
2026-01-25T22:20:42.476595,nupursanon_1768721692_3812636353884883580_844321330.jpg,https://t.me/+CgUFCvGWEk84NDQ1,Media
2026-01-25T22:20:42.477594,nupursanon_1768721692_3812636353884889621_844321330.jpg,https://t.me/+CgUFCvGWEk84NDQ1,Media
2026-01-25T22:20:42.477594,nupursanon_1768721692_3812636353884891653_844321330.jpg,https://t.me/+CgUFCvGWEk84NDQ1,Media
2026-01-25T22:22:12.106952,nupursanon_1768721692_3812636353884898880_844321330.jpg,https://t.me/+CgUFCvGWEk84NDQ1,Media
2026-01-25T22:22:12.106952,nupursanon_1768721692_3812636353884900631_844321330.jpg,https://t.me/+CgUFCvGWEk84NDQ1,Media
2026-01-25T22:22:12.108957,nupursanon_1768721692_3812636353951968278_844321330.jpg,https://t.me/+CgUFCvGWEk84NDQ1,Media
2026-01-25T22:22:12.108957,nupursanon_1768721692_3812636354321110238_844321330.jpg,https://t.me/+CgUFCvGWEk84NDQ1,Media
2026-01-25T22:22:12.110820,nygiants_1764199861_3774704317522452657_261763943.mp4,https://t.me/+CgUFCvGWEk84NDQ1,Media
2026-01-25T22:22:12.110820,nzoomfakih_1766658057_3795325323655547765_243726254.jpg,https://t.me/+CgUFCvGWEk84NDQ1,Media
2026-01-25T22:22:12.111825,nzoomfakih_1766658057_3795325323663962064_243726254.jpg,https://t.me/+CgUFCvGWEk84NDQ1,Media
2026-01-25T22:22:12.112960,nzoomfakih_1767075175_3798824365060524050_243726254.jpg,https://t.me/+CgUFCvGWEk84NDQ1,Media
2026-01-25T22:22:12.112960,nzoomfakih_1767075175_3798824365060528921_243726254.jpg,https://t.me/+CgUFCvGWEk84NDQ1,Media
2026-01-25T22:22:12.114965,nzoomfakih_1767075175_3798824365060581592_243726254.jpg,https://t.me/+CgUFCvGWEk84NDQ1,Media
2026-01-25T22:24:44.930098,nzoomfakih_1767075175_3798824365068953958_243726254.jpg,https://t.me/+CgUFCvGWEk84NDQ1,Media
2026-01-25T22:24:44.931101,nzoomfakih_1767075175_3798824365068966967_243726254.jpg,https://t.me/+CgUFCvGWEk84NDQ1,Media
2026-01-25T22:24:44.933089,nzoomfakih_1767169339_3799608517506644314_243726254.mp4,https://t.me/+CgUFCvGWEk84NDQ1,Media
2026-01-25T22:24:44.934104,nzoomfakih_1767169339_3799608846105186861_243726254.mp4,https://t.me/+CgUFCvGWEk84NDQ1,Media
2026-01-25T22:24:44.934104,nzoomfakih_1767169339_3799614272578258002_243726254.jpg,https://t.me/+CgUFCvGWEk84NDQ1,Media
2026-01-25T22:24:44.935100,nzoomfakih_1767169339_3799614272586653476_243726254.jpg,https://t.me/+CgUFCvGWEk84NDQ1,Media
2026-01-25T22:24:44.936446,nzoomfakih_1767169339_3799614272586698731_243726254.jpg,https://t.me/+CgUFCvGWEk84NDQ1,Media
2026-01-25T22:24:44.936446,nzoomfakih_1767169339_3799614272595039609_243726254.jpg,https://t.me/+CgUFCvGWEk84NDQ1,Media
2026-01-25T22:24:44.937455,nzoomfakih_1767169339_3799614272603468335_243726254.jpg,https://t.me/+CgUFCvGWEk84NDQ1,Media
2026-01-25T22:24:44.938454,nzoomfakih_1767169339_3799614272603479168_243726254.jpg,https://t.me/+CgUFCvGWEk84NDQ1,Media
2026-01-25T22:25:51.514447,nzoomfakih_1767169339_3799614272636980443_243726254.jpg,https://t.me/+CgUFCvGWEk84NDQ1,Media
2026-01-25T22:25:51.516448,nzoomfakih_1767169339_3799614272670539442_243726254.jpg,https://t.me/+CgUFCvGWEk84NDQ1,Media
2026-01-25T22:25:51.517443,nzoomfakih_1767169339_3799614272670565695_243726254.jpg,https://t.me/+CgUFCvGWEk84NDQ1,Media
2026-01-25T22:25:51.518445,nzoomfakih_1767169339_3799614272897028394_243726254.jpg,https://t.me/+CgUFCvGWEk84NDQ1,Media
2026-01-25T22:25:51.519442,nzoomfakih_1767169339_3799614272897045436_243726254.jpg,https://t.me/+CgUFCvGWEk84NDQ1,Media
2026-01-25T22:25:51.519442,nzoomfakih_1767220194_3800040870699895805_243726254.jpg,https://t.me/+CgUFCvGWEk84NDQ1,Media
2026-01-25T22:25:51.519442,nzoomfakih_1767220194_3800040870708255559_243726254.jpg,https://t.me/+CgUFCvGWEk84NDQ1,Media
2026-01-25T22:25:51.521115,nzoomfakih_1767220194_3800040870708264513_243726254.jpg,https://t.me/+CgUFCvGWEk84NDQ1,Media
2026-01-25T22:25:51.521115,nzoomfakih_1767220194_3800040870708278847_243726254.jpg,https://t.me/+CgUFCvGWEk84NDQ1,Media
2026-01-25T22:25:51.524188,nzoomfakih_1767220194_3800040870716649631_243726254.jpg,https://t.me/+CgUFCvGWEk84NDQ1,Media
2026-01-25T22:30:37.678481,nzoomfakih_1767220194_3800040870716698421_243726254.jpg,https://t.me/+CgUFCvGWEk84NDQ1,Media
2026-01-25T22:30:37.679482,nzoomfakih_1767220194_3800040870716699528_243726254.jpg,https://t.me/+CgUFCvGWEk84NDQ1,Media
2026-01-25T22:30:37.679482,nzoomfakih_1767220194_3800040870725036466_243726254.jpg,https://t.me/+CgUFCvGWEk84NDQ1,Media
2026-01-25T22:30:37.681991,nzoomfakih_1767220194_3800040870725056796_243726254.jpg,https://t.me/+CgUFCvGWEk84NDQ1,Media
2026-01-25T22:30:37.682990,nzoomfakih_1767220194_3800040870725078964_243726254.jpg,https://t.me/+CgUFCvGWEk84NDQ1,Media
2026-01-25T22:30:37.682990,nzoomfakih_1767220194_3800040870725089075_243726254.jpg,https://t.me/+CgUFCvGWEk84NDQ1,Media
2026-01-25T22:30:37.684154,nzoomfakih_1767220194_3800040870733416902_243726254.jpg,https://t.me/+CgUFCvGWEk84NDQ1,Media
2026-01-25T22:30:37.685154,nzoomfakih_1767220194_3800040870733442327_243726254.jpg,https://t.me/+CgUFCvGWEk84NDQ1,Media
2026-01-25T22:30:37.686154,nzoomfakih_1767220194_3800040870876029308_243726254.jpg,https://t.me/+CgUFCvGWEk84NDQ1,Media
2026-01-25T22:30:37.687154,nzoomfakih_1767220194_3800040871018628647_243726254.jpg,https://t.me/+CgUFCvGWEk84NDQ1,Media
2026-01-25T22:32:24.961217,nzoomfakih_1767220194_3800040871018630275_243726254.jpg,https://t.me/+CgUFCvGWEk84NDQ1,Media
2026-01-25T22:32:24.963036,nzoomfakih_1767220194_3800040871018631275_243726254.jpg,https://t.me/+CgUFCvGWEk84NDQ1,Media
2026-01-25T22:32:24.964041,nzoomfakih_1767220194_3800040871018670277_243726254.jpg,https://t.me/+CgUFCvGWEk84NDQ1,Media
2026-01-25T22:32:24.965042,nzoomfakih_1768129428_3807668081158331241_243726254.jpg,https://t.me/+CgUFCvGWEk84NDQ1,Media
2026-01-25T22:32:24.965042,nzoomfakih_1768129428_3807668081200332026_243726254.jpg,https://t.me/+CgUFCvGWEk84NDQ1,Media
2026-01-25T22:32:24.966041,nzoomfakih_1768129428_3807668081225433778_243726254.jpg,https://t.me/+CgUFCvGWEk84NDQ1,Media
2026-01-25T22:32:24.967041,nzoomfakih_1768129428_3807668081225448466_243726254.jpg,https://t.me/+CgUFCvGWEk84NDQ1,Media
2026-01-25T22:32:24.967041,nzoomfakih_1768386954_3809823107607703191_243726254.mp4,https://t.me/+CgUFCvGWEk84NDQ1,Media
2026-01-25T22:32:24.968041,nzoomfakih_1768386954_3809828367105537629_243726254.jpg,https://t.me/+CgUFCvGWEk84NDQ1,Media
2026-01-25T22:32:24.969545,nzoomfakih_1768386954_3809828367105539411_243726254.jpg,https://t.me/+CgUFCvGWEk84NDQ1,Media
2026-01-25T22:33:38.399119,nzoomfakih_1768386954_3809828367105541372_243726254.jpg,https://t.me/+CgUFCvGWEk84NDQ1,Media
2026-01-25T22:33:38.400115,nzoomfakih_1768386954_3809828367105543113_243726254.jpg,https://t.me/+CgUFCvGWEk84NDQ1,Media
2026-01-25T22:33:38.401618,nzoomfakih_1768386954_3809828367105543830_243726254.jpg,https://t.me/+CgUFCvGWEk84NDQ1,Media
2026-01-25T22:33:38.403129,nzoomfakih_1768386954_3809828367105554661_243726254.jpg,https://t.me/+CgUFCvGWEk84NDQ1,Media
2026-01-25T22:33:38.404140,nzoomfakih_1768386954_3809828367105580431_243726254.jpg,https://t.me/+CgUFCvGWEk84NDQ1,Media
2026-01-25T22:33:38.404140,nzoomfakih_1768386954_3809828367105583870_243726254.jpg,https://t.me/+CgUFCvGWEk84NDQ1,Media
2026-01-25T22:33:38.405647,nzoomfakih_1768386954_3809828367105587882_243726254.jpg,https://t.me/+CgUFCvGWEk84NDQ1,Media
2026-01-25T22:33:38.406654,nzoomfakih_1768386954_3809828367222969458_243726254.jpg,https://t.me/+CgUFCvGWEk84NDQ1,Media
2026-01-25T22:33:38.407653,nzoomfakih_1768386954_3809828367424308245_243726254.jpg,https://t.me/+CgUFCvGWEk84NDQ1,Media
2026-01-25T22:33:38.408653,nzoomfakih_1768822133_3813478907484082639_243726254.jpg,https://t.me/+CgUFCvGWEk84NDQ1,Media
2026-01-25T22:45:32.225199,nzoomfakih_1768822133_3813478907484084966_243726254.jpg,https://t.me/+CgUFCvGWEk84NDQ1,Media
2026-01-25T22:45:32.226197,nzoomfakih_1768822133_3813478907492496903_243726254.jpg,https://t.me/+CgUFCvGWEk84NDQ1,Media
2026-01-25T22:45:32.227198,officialangelsain_1760678330_3745163271692096687_39431769759.mp4,https://t.me/+CgUFCvGWEk84NDQ1,Media
2026-01-25T22:45:32.228210,officialgarimajain_1767009398_3798272590905973135_649029116.jpg,https://t.me/+CgUFCvGWEk84NDQ1,Media
2026-01-25T22:45:32.229198,officialmodelingpakistan_1765528622_3785850407948798051_27602423392.mp4,https://t.me/+CgUFCvGWEk84NDQ1,Media
2026-01-25T22:45:32.230197,ohpolly_1768124520_3806177777838509872_2910232957.mp4,https://t.me/+CgUFCvGWEk84NDQ1,Media
2026-01-25T22:45:32.231198,operationzerobribe_1766571175_3794596508054865861_75464068585.jpg,https://t.me/+CgUFCvGWEk84NDQ1,Media
2026-01-25T22:45:32.232340,organicbollywood_1768325463_3809312207902239608_62369543611.mp4,https://t.me/+CgUFCvGWEk84NDQ1,Media
2026-01-25T22:45:32.233345,orry_1763650839_3770098699410867935_445840473.mp4,https://t.me/+CgUFCvGWEk84NDQ1,Media
2026-01-25T22:45:32.234350,orry_1767020512_3798365395577777166_445840473.mp4,https://t.me/+CgUFCvGWEk84NDQ1,Media
2026-01-25T22:59:28.857102,ott.series_1762519561_3760607964668621512_76957982492.mp4,https://t.me/+CgUFCvGWEk84NDQ1,Media
2026-01-25T22:59:28.858100,ottnights_1765085603_3782134629550699456_63583370586.jpg,https://t.me/+CgUFCvGWEk84NDQ1,Media
2026-01-25T22:59:28.859100,ottnights_1765085603_3782134629550699456_63583370586.jpg,https://t.me/+CgUFCvGWEk84NDQ1,Media
2026-01-25T22:59:28.859100,oye_dikshu_1767283831_3800573241191474955_23067977377.mp4,https://t.me/+CgUFCvGWEk84NDQ1,Media
2026-01-25T22:59:28.862040,ozgeyagizz_1768213607_6765152095.jpg,https://t.me/+CgUFCvGWEk84NDQ1,Media
2026-01-25T22:59:28.863037,ozgeyagizz_1768214153_6765152095.mp4,https://t.me/+CgUFCvGWEk84NDQ1,Media
2026-01-25T22:59:28.865048,ozgeyagizz_1768223400_6765152095.jpg,https://t.me/+CgUFCvGWEk84NDQ1,Media
2026-01-25T22:59:28.866045,pakistani_celebrties1_1762080227_3756923298098527144_7350397899.mp4,https://t.me/+CgUFCvGWEk84NDQ1,Media
2026-01-25T22:59:28.866720,pakistan_showbiz_1765485184_3785485751996476664_585529774.mp4,https://t.me/+CgUFCvGWEk84NDQ1,Media
2026-01-25T22:59:28.868753,pallav_paliwal_1756640112_3711288635090348736_2090643893.mp4,https://t.me/+CgUFCvGWEk84NDQ1,Media
2026-01-25T23:21:10.507673,pallav_paliwal_1764914840_3780702034089565097_2090643893.mp4,https://t.me/+CgUFCvGWEk84NDQ1,Media
2026-01-25T23:21:10.509676,pallav_paliwal_1766922310_3797541543138382568_2090643893.mp4,https://t.me/+CgUFCvGWEk84NDQ1,Media
2026-01-25T23:21:10.510971,pallav_paliwal_1767607121_3803286473583721010_2090643893.mp4,https://t.me/+CgUFCvGWEk84NDQ1,Media
2026-01-25T23:21:10.515950,pankhuri313_1767939587_3806073059069316284_793046742.mp4,https://t.me/+CgUFCvGWEk84NDQ1,Media
2026-01-25T23:21:10.518476,paparazzifeed_1764661620_3778577824399612393_29585142482.mp4,https://t.me/+CgUFCvGWEk84NDQ1,Media
2026-01-25T23:21:10.520017,paparazzifeed_1766394726_3793116186708672176_29585142482.mp4,https://t.me/+CgUFCvGWEk84NDQ1,Media
2026-01-25T23:21:10.521024,paparazzifeed_1767003289_3798221131736433852_29585142482.mp4,https://t.me/+CgUFCvGWEk84NDQ1,Media
2026-01-25T23:21:10.522024,paparazzifeed_1767151914_3799467926987172576_29585142482.mp4,https://t.me/+CgUFCvGWEk84NDQ1,Media
2026-01-25T23:21:10.523235,paparazzifeed_1767611683_3803324763947703459_29585142482.mp4,https://t.me/+CgUFCvGWEk84NDQ1,Media
2026-01-25T23:21:10.524234,paparazziglimpse_1762497970_3760427796636952450_48631830422.mp4,https://t.me/+CgUFCvGWEk84NDQ1,Media
2026-01-25T23:35:48.059392,paparazziglimpse_1763775530_3771144263917154848_48631830422.mp4,https://t.me/+CgUFCvGWEk84NDQ1,Media
2026-01-25T23:35:48.061387,paparazzireel_1762155542_3757555392286219683_51627188375.mp4,https://t.me/+CgUFCvGWEk84NDQ1,Media
2026-01-25T23:35:48.062387,paparazzireel_1763643187_3770034391653815877_51627188375.mp4,https://t.me/+CgUFCvGWEk84NDQ1,Media
2026-01-25T23:35:48.064914,paparazzishorts_1763919132_3772349204727919395_51626733863.mp4,https://t.me/+CgUFCvGWEk84NDQ1,Media
2026-01-25T23:35:48.065918,paparazzishorts_1764749535_3779315101715692201_51626733863.mp4,https://t.me/+CgUFCvGWEk84NDQ1,Media
2026-01-25T23:35:48.067447,paparazzishorts_1764917179_3780721273019180280_51626733863.mp4,https://t.me/+CgUFCvGWEk84NDQ1,Media
2026-01-25T23:35:48.068451,paparazzishorts_1766475993_3793797830104638092_51626733863.mp4,https://t.me/+CgUFCvGWEk84NDQ1,Media
2026-01-25T23:35:48.069450,paparazzi_pro__1767617071_3803369680716133556_60118532523.mp4,https://t.me/+CgUFCvGWEk84NDQ1,Media
2026-01-25T23:35:48.070449,paphq_1759779751_3737625078826647722_48977812539.mp4,https://t.me/+CgUFCvGWEk84NDQ1,Media
2026-01-25T23:35:48.071449,paphq_1767360655_3801218962613582938_48977812539.mp4,https://t.me/+CgUFCvGWEk84NDQ1,Media
2026-01-25T23:42:41.129395,paphq_1767753079_3804510877828037258_48977812539.mp4,https://t.me/+CgUFCvGWEk84NDQ1,Media
2026-01-25T23:42:41.130404,pappsnap_1765526702_3785834712795757267_60568686857.mp4,https://t.me/+CgUFCvGWEk84NDQ1,Media
2026-01-25T23:42:41.131403,papscentral_1760174593_3740937935966240634_49353092425.mp4,https://t.me/+CgUFCvGWEk84NDQ1,Media
2026-01-25T23:42:41.132403,papscentral_1765603280_3786476934373627566_49353092425.mp4,https://t.me/+CgUFCvGWEk84NDQ1,Media
2026-01-25T23:42:41.133396,papscentral_1765609403_3786528398215225309_49353092425.mp4,https://t.me/+CgUFCvGWEk84NDQ1,Media
2026-01-25T23:42:41.134912,papscentral_1766237264_3791795293600919865_49353092425.mp4,https://t.me/+CgUFCvGWEk84NDQ1,Media
2026-01-25T23:42:41.135921,papscentral_1766838265_3796836768129660760_49353092425.mp4,https://t.me/+CgUFCvGWEk84NDQ1,Media
2026-01-25T23:42:41.136916,papscentral_1766916858_3797496095253332366_49353092425.mp4,https://t.me/+CgUFCvGWEk84NDQ1,Media
2026-01-25T23:42:41.139027,papscentral_1767072941_3798805455645256466_49353092425.mp4,https://t.me/+CgUFCvGWEk84NDQ1,Media
2026-01-25T23:42:41.140022,papscentral_1767603177_3803253380525133448_49353092425.mp4,https://t.me/+CgUFCvGWEk84NDQ1,Media
2026-01-25T23:48:15.706188,papscentral_1768047170_3806977834271038937_49353092425.mp4,https://t.me/+CgUFCvGWEk84NDQ1,Media
2026-01-25T23:48:15.708204,papzadda_1763721112_3770688362097716971_48052535258.mp4,https://t.me/+CgUFCvGWEk84NDQ1,Media
2026-01-25T23:48:15.709289,papzrajan_pillai_1765788344_3788029550916671302_379707608.mp4,https://t.me/+CgUFCvGWEk84NDQ1,Media
2026-01-25T23:48:15.710205,paradoxlondonpk_1764603665_3778089187187200231_45990843267.mp4,https://t.me/+CgUFCvGWEk84NDQ1,Media
2026-01-25T23:48:15.713205,pardeepgoyat0007_1760463364_3743360227132756232_25077069888.mp4,https://t.me/+CgUFCvGWEk84NDQ1,Media
2026-01-25T23:48:15.713205,parineetaborthakur_1766566654_1743895438.jpg,https://t.me/+CgUFCvGWEk84NDQ1,Media
2026-01-25T23:48:15.714709,parineetaborthakur_1766566654_1743895438.jpg,https://t.me/+CgUFCvGWEk84NDQ1,Media
2026-01-25T23:48:15.715713,picdior_1764521374_3777401531315494634_72032460052.jpg,https://t.me/+CgUFCvGWEk84NDQ1,Media
2026-01-25T23:48:15.715713,picdior_1764521374_3777401531315494634_72032460052.jpg,https://t.me/+CgUFCvGWEk84NDQ1,Media
2026-01-25T23:48:15.715713,picdior_1764521374_3777401531491669929_72032460052.jpg,https://t.me/+CgUFCvGWEk84NDQ1,Media
2026-01-25T23:48:34.591301,picdior_1764675980_3778698456760654872_72032460052.jpg,https://t.me/+CgUFCvGWEk84NDQ1,Media
2026-01-25T23:48:34.592302,picdior_1764682355_3778751934547706825_72032460052.jpg,https://t.me/+CgUFCvGWEk84NDQ1,Media
2026-01-25T23:48:34.593301,picdior_1764682355_3778751934547706825_72032460052.jpg,https://t.me/+CgUFCvGWEk84NDQ1,Media
2026-01-25T23:48:34.593301,picdior_1764682355_3778751934556101252_72032460052.jpg,https://t.me/+CgUFCvGWEk84NDQ1,Media
2026-01-25T23:48:34.594804,picdior_1764682355_3778751934556101252_72032460052.jpg,https://t.me/+CgUFCvGWEk84NDQ1,Media
2026-01-25T23:48:34.595809,picdior_1764682355_3778751934556122569_72032460052.jpg,https://t.me/+CgUFCvGWEk84NDQ1,Media
2026-01-25T23:48:34.596818,picdior_1764682355_3778751934556122569_72032460052.jpg,https://t.me/+CgUFCvGWEk84NDQ1,Media
2026-01-25T23:48:34.596818,picdior_1764682355_3778751934589683361_72032460052.jpg,https://t.me/+CgUFCvGWEk84NDQ1,Media
2026-01-25T23:48:34.597947,picdior_1764682355_3778751934589683361_72032460052.jpg,https://t.me/+CgUFCvGWEk84NDQ1,Media
2026-01-25T23:48:34.598939,picdior_1764682355_3778751934598054175_72032460052.jpg,https://t.me/+CgUFCvGWEk84NDQ1,Media
2026-01-25T23:48:49.620126,picdior_1765267704_3783662197751225080_72032460052.jpg,https://t.me/+CgUFCvGWEk84NDQ1,Media
2026-01-25T23:48:49.621636,picdior_1765267704_3783662197759637963_72032460052.jpg,https://t.me/+CgUFCvGWEk84NDQ1,Media
2026-01-25T23:48:49.623646,picdior_1765267704_3783662197759637963_72032460052.jpg,https://t.me/+CgUFCvGWEk84NDQ1,Media
2026-01-25T23:48:49.623646,picdior_1765267704_3783662197776416717_72032460052.jpg,https://t.me/+CgUFCvGWEk84NDQ1,Media
2026-01-25T23:48:49.625163,picdior_1765267704_3783662197776416717_72032460052.jpg,https://t.me/+CgUFCvGWEk84NDQ1,Media
2026-01-25T23:48:49.625163,picdior_1765267704_3783662197793190807_72032460052.jpg,https://t.me/+CgUFCvGWEk84NDQ1,Media
2026-01-25T23:48:49.626158,picdior_1765267704_3783662197793190807_72032460052.jpg,https://t.me/+CgUFCvGWEk84NDQ1,Media
2026-01-25T23:48:49.626158,picdior_1765267704_3783662197843539848_72032460052.jpg,https://t.me/+CgUFCvGWEk84NDQ1,Media
2026-01-25T23:48:49.627157,picdior_1765267704_3783662197843539848_72032460052.jpg,https://t.me/+CgUFCvGWEk84NDQ1,Media
2026-01-25T23:48:49.628291,picdior_1765377354_3784582011084722708_72032460052.jpg,https://t.me/+CgUFCvGWEk84NDQ1,Media
2026-01-25T23:57:49.360463,pink_city_paps_1764862667_3780263648783633561_64155449525.mp4,https://t.me/+CgUFCvGWEk84NDQ1,Media
2026-01-25T23:57:49.362464,pink_city_paps_1766070564_3790395760933241711_64155449525.mp4,https://t.me/+CgUFCvGWEk84NDQ1,Media
2026-01-25T23:57:49.364966,plusupdateszone_1767104890_3799073325139038918_71056016041.mp4,https://t.me/+CgUFCvGWEk84NDQ1,Media
2026-01-25T23:57:49.365971,plusupdateszone_1767105001_3799074178881271434_71056016041.mp4,https://t.me/+CgUFCvGWEk84NDQ1,Media
2026-01-25T23:57:49.367475,poisonousnaagin_1767019635_3798345709804883724_59200347263.mp4,https://t.me/+CgUFCvGWEk84NDQ1,Media
2026-01-25T23:57:49.369479,poonampreet7_1768336305_593701677.mp4,https://t.me/+CgUFCvGWEk84NDQ1,Media
2026-01-25T23:57:49.370480,poonampreet7_1768337006_593701677.mp4,https://t.me/+CgUFCvGWEk84NDQ1,Media
2026-01-25T23:57:49.371480,poonampreet7_1768360702_593701677.mp4,https://t.me/+CgUFCvGWEk84NDQ1,Media
2026-01-25T23:57:49.372481,pragati_nagpal_1766666593_3795396932244821566_27551643488.jpg,https://t.me/+CgUFCvGWEk84NDQ1,Media
2026-01-25T23:57:49.372481,pragati_nagpal_1766666593_3795396932244827904_27551643488.jpg,https://t.me/+CgUFCvGWEk84NDQ1,Media
2026-01-25T23:59:00.536119,pragati_nagpal_1766666593_3795396932244836590_27551643488.jpg,https://t.me/+CgUFCvGWEk84NDQ1,Media
2026-01-25T23:59:00.537762,pragati_nagpal_1766666593_3795396932244849606_27551643488.jpg,https://t.me/+CgUFCvGWEk84NDQ1,Media
2026-01-25T23:59:00.538775,pragati_nagpal_1766666593_3795396932244852383_27551643488.jpg,https://t.me/+CgUFCvGWEk84NDQ1,Media
2026-01-25T23:59:00.538775,pragati_nagpal_1766666593_3795396932379062431_27551643488.jpg,https://t.me/+CgUFCvGWEk84NDQ1,Media
2026-01-25T23:59:00.540822,pragati_nagpal_1766666593_3795396932420967377_27551643488.jpg,https://t.me/+CgUFCvGWEk84NDQ1,Media
2026-01-25T23:59:00.540822,pragati_nagpal_1766666593_3795396932420975840_27551643488.jpg,https://t.me/+CgUFCvGWEk84NDQ1,Media
2026-01-25T23:59:00.541861,pragati_nagpal_1766666593_3795396932420991988_27551643488.jpg,https://t.me/+CgUFCvGWEk84NDQ1,Media
2026-01-25T23:59:00.542864,pragati_nagpal_1766666593_3795396932421016483_27551643488.jpg,https://t.me/+CgUFCvGWEk84NDQ1,Media
2026-01-25T23:59:00.542864,prakritikakar_1766651983_443512253.jpg,https://t.me/+CgUFCvGWEk84NDQ1,Media
2026-01-25T23:59:00.544824,prakritikakar_1766662302_443512253.jpg,https://t.me/+CgUFCvGWEk84NDQ1,Media
2026-01-26T00:01:18.089761,prakritikakar_1766664806_443512253.mp4,https://t.me/+CgUFCvGWEk84NDQ1,Media
2026-01-26T00:01:18.091727,prakritikakar_1766687903_443512253.jpg,https://t.me/+CgUFCvGWEk84NDQ1,Media
2026-01-26T00:01:18.092779,prakritikakar_1766687918_443512253.jpg,https://t.me/+CgUFCvGWEk84NDQ1,Media
2026-01-26T00:01:18.092779,prakritikakar_1766687970_443512253.jpg,https://t.me/+CgUFCvGWEk84NDQ1,Media
2026-01-26T00:01:18.093749,prakritikakar_1766688065_443512253.jpg,https://t.me/+CgUFCvGWEk84NDQ1,Media
2026-01-26T00:01:18.094734,prakritikakar_1766688144_443512253.jpg,https://t.me/+CgUFCvGWEk84NDQ1,Media
2026-01-26T00:01:18.095855,prakritikakar_1766688307_443512253.jpg,https://t.me/+CgUFCvGWEk84NDQ1,Media
2026-01-26T00:01:18.095855,prakritikakar_1766688385_443512253.jpg,https://t.me/+CgUFCvGWEk84NDQ1,Media
2026-01-26T00:01:18.096960,prakritikakar_1766690013_443512253.mp4,https://t.me/+CgUFCvGWEk84NDQ1,Media
2026-01-26T00:01:18.097466,prakritikakar_1766746129_443512253.jpg,https://t.me/+CgUFCvGWEk84NDQ1,Media
2026-01-26T00:07:58.476569,prakritikakar_1766763788_443512253.mp4,https://t.me/+CgUFCvGWEk84NDQ1,Media
2026-01-26T00:07:58.478561,prakritikakar_1766778465_443512253.jpg,https://t.me/+CgUFCvGWEk84NDQ1,Media
2026-01-26T00:07:58.479569,prakritikakar_1766832534_443512253.mp4,https://t.me/+CgUFCvGWEk84NDQ1,Media
2026-01-26T00:07:58.480569,prakritikakar_1766832544_443512253.mp4,https://t.me/+CgUFCvGWEk84NDQ1,Media
2026-01-26T00:07:58.481561,prakritikakar_1766833195_443512253.mp4,https://t.me/+CgUFCvGWEk84NDQ1,Media
2026-01-26T00:07:58.483561,prakritikakar_1766863999_443512253.mp4,https://t.me/+CgUFCvGWEk84NDQ1,Media
2026-01-26T00:07:58.483561,prakritikakar_1766865371_443512253.mp4,https://t.me/+CgUFCvGWEk84NDQ1,Media
2026-01-26T00:07:58.485063,prakritikakar_1766938718_443512253.jpg,https://t.me/+CgUFCvGWEk84NDQ1,Media
2026-01-26T00:07:58.486066,prakritikakar_1766946858_443512253.mp4,https://t.me/+CgUFCvGWEk84NDQ1,Media
2026-01-26T00:07:58.487066,prakritikakar_1767021636_443512253.mp4,https://t.me/+CgUFCvGWEk84NDQ1,Media
2026-01-26T00:15:25.522801,prakritikakar_1767025010_443512253.jpg,https://t.me/+CgUFCvGWEk84NDQ1,Media
2026-01-26T00:15:25.523800,prakritikakar_1767031423_443512253.jpg,https://t.me/+CgUFCvGWEk84NDQ1,Media
2026-01-26T00:15:25.523800,prakritikakar_1767078200_443512253.jpg,https://t.me/+CgUFCvGWEk84NDQ1,Media
2026-01-26T00:15:25.526314,prakritikakar_1767165655_443512253.jpg,https://t.me/+CgUFCvGWEk84NDQ1,Media
2026-01-26T00:15:25.527312,prakritikakar_1767176529_443512253.mp4,https://t.me/+CgUFCvGWEk84NDQ1,Media
2026-01-26T00:15:25.529351,prakritikakar_1767176534_443512253.mp4,https://t.me/+CgUFCvGWEk84NDQ1,Media
2026-01-26T00:15:25.530350,prakritikakar_1767176541_443512253.mp4,https://t.me/+CgUFCvGWEk84NDQ1,Media
2026-01-26T00:15:25.531350,prakritikakar_1767176547_443512253.mp4,https://t.me/+CgUFCvGWEk84NDQ1,Media
2026-01-26T00:15:25.533359,prakritikakar_1767280846_443512253.jpg,https://t.me/+CgUFCvGWEk84NDQ1,Media
2026-01-26T00:15:25.534350,prakritikakar_1767282291_443512253.mp4,https://t.me/+CgUFCvGWEk84NDQ1,Media
2026-01-26T00:18:53.492098,prakritikakar_1767283614_443512253.mp4,https://t.me/+CgUFCvGWEk84NDQ1,Media
2026-01-26T00:18:53.493097,prakritikakar_1767283658_443512253.jpg,https://t.me/+CgUFCvGWEk84NDQ1,Media
2026-01-26T00:18:53.494098,prakritikakar_1767283762_443512253.jpg,https://t.me/+CgUFCvGWEk84NDQ1,Media
2026-01-26T00:18:53.495653,prakritikakar_1767284038_443512253.jpg,https://t.me/+CgUFCvGWEk84NDQ1,Media
2026-01-26T00:18:53.497184,prakritikakar_1768740628_443512253.mp4,https://t.me/+CgUFCvGWEk84NDQ1,Media
2026-01-26T00:18:53.497718,prakritikakar_1768741685_443512253.mp4,https://t.me/+CgUFCvGWEk84NDQ1,Media
2026-01-26T00:18:53.497718,pranalirathodofficial_1767335372_7969506361.mp4,https://t.me/+CgUFCvGWEk84NDQ1,Media
2026-01-26T00:18:53.499729,pranalirathodofficial_1767335412_7969506361.mp4,https://t.me/+CgUFCvGWEk84NDQ1,Media
2026-01-26T00:18:53.500721,pranalirathodofficial_1767335471_7969506361.mp4,https://t.me/+CgUFCvGWEk84NDQ1,Media
2026-01-26T00:18:53.501721,pranalirathodofficial_1767338095_7969506361.mp4,https://t.me/+CgUFCvGWEk84NDQ1,Media
2026-01-26T00:21:39.598748,pranalirathodofficial_1767344236_7969506361.mp4,https://t.me/+CgUFCvGWEk84NDQ1,Media
2026-01-26T00:21:39.599725,pranalirathodofficial_1767344335_7969506361.mp4,https://t.me/+CgUFCvGWEk84NDQ1,Media
2026-01-26T00:21:39.600735,pranalirathodofficial_1767344499_7969506361.mp4,https://t.me/+CgUFCvGWEk84NDQ1,Media
2026-01-26T00:21:39.601721,pranalirathodofficial_1767346695_7969506361.mp4,https://t.me/+CgUFCvGWEk84NDQ1,Media
2026-01-26T00:21:39.602737,pranalirathodofficial_1767362342_7969506361.mp4,https://t.me/+CgUFCvGWEk84NDQ1,Media
2026-01-26T00:21:39.603715,pranalirathodofficial_1767362966_7969506361.mp4,https://t.me/+CgUFCvGWEk84NDQ1,Media
2026-01-26T00:21:39.605254,pranalirathodofficial_1767365675_7969506361.mp4,https://t.me/+CgUFCvGWEk84NDQ1,Media
2026-01-26T00:21:39.606343,pranalirathodofficial_1767429340_7969506361.mp4,https://t.me/+CgUFCvGWEk84NDQ1,Media
2026-01-26T00:21:39.606343,pranalirathodofficial_1767444539_7969506361.mp4,https://t.me/+CgUFCvGWEk84NDQ1,Media
2026-01-26T00:21:39.607328,pranalirathodofficial_1767560364_7969506361.mp4,https://t.me/+CgUFCvGWEk84NDQ1,Media
2026-01-26T00:31:15.405089,pranalirathodofficial_1767560395_7969506361.mp4,https://t.me/+CgUFCvGWEk84NDQ1,Media
2026-01-26T00:31:15.408031,pranalirathodofficial_1767560402_7969506361.mp4,https://t.me/+CgUFCvGWEk84NDQ1,Media
2026-01-26T00:31:15.409032,pranalirathodofficial_1767560435_7969506361.mp4,https://t.me/+CgUFCvGWEk84NDQ1,Media
2026-01-26T00:31:15.411542,pranalirathodofficial_1767560848_7969506361.jpg,https://t.me/+CgUFCvGWEk84NDQ1,Media
2026-01-26T00:31:15.413542,pranalirathodofficial_1767582731_7969506361.mp4,https://t.me/+CgUFCvGWEk84NDQ1,Media
2026-01-26T00:31:15.414541,pranalirathodofficial_1767595833_7969506361.mp4,https://t.me/+CgUFCvGWEk84NDQ1,Media
2026-01-26T00:31:15.415542,pranalirathodofficial_1767624331_7969506361.mp4,https://t.me/+CgUFCvGWEk84NDQ1,Media
2026-01-26T00:31:15.415542,pranalirathodofficial_1767678832_7969506361.mp4,https://t.me/+CgUFCvGWEk84NDQ1,Media
2026-01-26T00:31:15.417542,pranalirathodofficial_1767679119_7969506361.mp4,https://t.me/+CgUFCvGWEk84NDQ1,Media
2026-01-26T00:31:15.418542,pranalirathodofficial_1767679225_7969506361.mp4,https://t.me/+CgUFCvGWEk84NDQ1,Media
2026-01-26T00:35:38.135018,pranalirathodofficial_1767682974_7969506361.mp4,https://t.me/+CgUFCvGWEk84NDQ1,Media
2026-01-26T00:35:38.137543,pranalirathodofficial_1767684078_7969506361.mp4,https://t.me/+CgUFCvGWEk84NDQ1,Media
2026-01-26T00:35:38.139547,pranalirathodofficial_1767685994_7969506361.mp4,https://t.me/+CgUFCvGWEk84NDQ1,Media
2026-01-26T00:35:38.140546,pranalirathodofficial_1768322349_7969506361.mp4,https://t.me/+CgUFCvGWEk84NDQ1,Media
2026-01-26T00:35:38.141547,pranalirathodofficial_1768325274_7969506361.mp4,https://t.me/+CgUFCvGWEk84NDQ1,Media
2026-01-26T00:35:38.142545,pranalirathodofficial_1768325357_7969506361.mp4,https://t.me/+CgUFCvGWEk84NDQ1,Media
2026-01-26T00:35:38.143549,pranalirathodofficial_1768326557_7969506361.mp4,https://t.me/+CgUFCvGWEk84NDQ1,Media
2026-01-26T00:35:38.144546,pranalirathodofficial_1768331168_7969506361 (1).mp4,https://t.me/+CgUFCvGWEk84NDQ1,Media
2026-01-26T00:35:38.144546,pranalirathodofficial_1768331168_7969506361.mp4,https://t.me/+CgUFCvGWEk84NDQ1,Media
2026-01-26T00:35:38.145545,pranalirathodofficial_1768372690_7969506361.mp4,https://t.me/+CgUFCvGWEk84NDQ1,Media
2026-01-26T00:38:30.171733,pranalirathodofficial_1768373006_7969506361.mp4,https://t.me/+CgUFCvGWEk84NDQ1,Media
2026-01-26T00:38:30.172732,pranalirathodofficial_1768373493_7969506361.mp4,https://t.me/+CgUFCvGWEk84NDQ1,Media
2026-01-26T00:38:30.173736,pranalirathodofficial_1768387286_7969506361.mp4,https://t.me/+CgUFCvGWEk84NDQ1,Media
2026-01-26T00:38:30.174736,pranalirathodofficial_1768580903_7969506361.mp4,https://t.me/+CgUFCvGWEk84NDQ1,Media
2026-01-26T00:38:30.175736,pranalirathodofficial_1768618293_7969506361.mp4,https://t.me/+CgUFCvGWEk84NDQ1,Media
2026-01-26T00:38:30.176736,pranalirathodofficial_1768621440_7969506361.mp4,https://t.me/+CgUFCvGWEk84NDQ1,Media
2026-01-26T00:38:30.177737,pranalirathodofficial_1768735359_7969506361.mp4,https://t.me/+CgUFCvGWEk84NDQ1,Media
2026-01-26T00:38:30.178736,pranalirathodofficial_1768736394_7969506361.mp4,https://t.me/+CgUFCvGWEk84NDQ1,Media
2026-01-26T00:38:30.178736,pranalirathodofficial_1768748808_7969506361.mp4,https://t.me/+CgUFCvGWEk84NDQ1,Media
2026-01-26T00:38:30.179738,pranalirathodofficial_1768758461_7969506361.mp4,https://t.me/+CgUFCvGWEk84NDQ1,Media
2026-01-26T00:39:24.179730,pranalirathodofficial_1768758728_7969506361.mp4,https://t.me/+CgUFCvGWEk84NDQ1,Media
2026-01-26T00:39:24.180731,prateekshah1_1766982600_3797114025239388644_456610475.jpg,https://t.me/+CgUFCvGWEk84NDQ1,Media
2026-01-26T00:39:24.181731,prateekshah1_1766982600_3797114025239401921_456610475.jpg,https://t.me/+CgUFCvGWEk84NDQ1,Media
2026-01-26T00:39:24.183729,prateekshah1_1766982600_3797114025239433357_456610475.jpg,https://t.me/+CgUFCvGWEk84NDQ1,Media
2026-01-26T00:39:24.183729,prateekshah1_1766982600_3797114025239436870_456610475.jpg,https://t.me/+CgUFCvGWEk84NDQ1,Media
2026-01-26T00:39:24.184729,prateekshah1_1766982600_3797114025247769410_456610475.jpg,https://t.me/+CgUFCvGWEk84NDQ1,Media
2026-01-26T00:39:24.185730,prateekshah1_1766982600_3797114025247805385_456610475.jpg,https://t.me/+CgUFCvGWEk84NDQ1,Media
2026-01-26T00:39:24.186752,prateekshah1_1766982600_3797114025247816575_456610475.jpg,https://t.me/+CgUFCvGWEk84NDQ1,Media
2026-01-26T00:39:24.187730,prateekshah1_1766982600_3797114025247824208_456610475.jpg,https://t.me/+CgUFCvGWEk84NDQ1,Media
2026-01-26T00:39:24.187730,prateekshah1_1766982600_3797114025314939414_456610475.jpg,https://t.me/+CgUFCvGWEk84NDQ1,Media
2026-01-26T00:43:09.421789,prateekshah1_1767328200_3800733240869534579_456610475.jpg,https://t.me/+CgUFCvGWEk84NDQ1,Media
2026-01-26T00:43:09.423788,prateekshah1_1767328200_3800733240869564543_456610475.jpg,https://t.me/+CgUFCvGWEk84NDQ1,Media
2026-01-26T00:43:09.423788,prateekshah1_1767328200_3800733240877929497_456610475.jpg,https://t.me/+CgUFCvGWEk84NDQ1,Media
2026-01-26T00:43:09.425788,prathamzala_30_1764787595_3779633429374335064_25571680596.mp4,https://t.me/+CgUFCvGWEk84NDQ1,Media
2026-01-26T00:43:09.426787,pritiiii__13_1764960576_3781084396305031329_60146911902.mp4,https://t.me/+CgUFCvGWEk84NDQ1,Media
2026-01-26T00:43:09.427788,priyalgor2_1766743493_3796041194636087255_410252228.mp4,https://t.me/+CgUFCvGWEk84NDQ1,Media
2026-01-26T00:43:09.429291,priyalgor2_1767376567_410252228.jpg,https://t.me/+CgUFCvGWEk84NDQ1,Media
2026-01-26T00:43:09.429291,priyalgor2_1767378901_410252228.jpg,https://t.me/+CgUFCvGWEk84NDQ1,Media
2026-01-26T00:43:09.431293,priyalgor2_1768567643_410252228.jpg,https://t.me/+CgUFCvGWEk84NDQ1,Media
2026-01-26T00:43:09.432293,priyalgor2_1768567849_410252228.jpg,https://t.me/+CgUFCvGWEk84NDQ1,Media
2026-01-26T00:46:20.339267,priyalgor2_1768568128_410252228.jpg,https://t.me/+CgUFCvGWEk84NDQ1,Media
2026-01-26T00:46:20.341267,priyankachaharchoudhary_1766893845_3149141562.mp4,https://t.me/+CgUFCvGWEk84NDQ1,Media
2026-01-26T00:46:20.342267,priyankachaharchoudhary_1766909269_3149141562.mp4,https://t.me/+CgUFCvGWEk84NDQ1,Media
2026-01-26T00:46:20.342267,priyankachaharchoudhary_1766909327_3149141562.mp4,https://t.me/+CgUFCvGWEk84NDQ1,Media
2026-01-26T00:46:20.343267,priyankachaharchoudhary_1766909343_3149141562.mp4,https://t.me/+CgUFCvGWEk84NDQ1,Media
2026-01-26T00:46:20.344267,priyankachaharchoudhary_1766917131_3149141562.mp4,https://t.me/+CgUFCvGWEk84NDQ1,Media
2026-01-26T00:46:20.345267,priyankachaharchoudhary_1766921066_3149141562.mp4,https://t.me/+CgUFCvGWEk84NDQ1,Media
2026-01-26T00:46:20.345267,priyankachaharchoudhary_1766938957_3149141562.mp4,https://t.me/+CgUFCvGWEk84NDQ1,Media
2026-01-26T00:46:20.347775,priyankachaharchoudhary_1766944139_3149141562.mp4,https://t.me/+CgUFCvGWEk84NDQ1,Media
2026-01-26T00:46:20.347775,priyankachaharchoudhary_1766951659_3149141562.mp4,https://t.me/+CgUFCvGWEk84NDQ1,Media
2026-01-26T00:50:30.861787,priyankachaharchoudhary_1766951717_3149141562.mp4,https://t.me/+CgUFCvGWEk84NDQ1,Media
2026-01-26T00:50:30.862794,priyankachaharchoudhary_1766951918_3149141562.mp4,https://t.me/+CgUFCvGWEk84NDQ1,Media
2026-01-26T00:50:30.865782,priyankachaharchoudhary_1766952226_3149141562.mp4,https://t.me/+CgUFCvGWEk84NDQ1,Media
2026-01-26T00:50:30.866838,priyankachaharchoudhary_1766953560_3149141562.mp4,https://t.me/+CgUFCvGWEk84NDQ1,Media
2026-01-26T00:50:30.867786,priyankachaharchoudhary_1767246603_3149141562.mp4,https://t.me/+CgUFCvGWEk84NDQ1,Media
2026-01-26T00:50:30.869294,priyankachaharchoudhary_1767252952_3149141562.mp4,https://t.me/+CgUFCvGWEk84NDQ1,Media
2026-01-26T00:50:30.870298,priyankachaharchoudhary_1767253015_3149141562.mp4,https://t.me/+CgUFCvGWEk84NDQ1,Media
2026-01-26T00:50:30.871294,priyankachaharchoudhary_1767294002_3149141562.mp4,https://t.me/+CgUFCvGWEk84NDQ1,Media
2026-01-26T00:50:30.871294,priyankachaharchoudhary_1767340513_3149141562.jpg,https://t.me/+CgUFCvGWEk84NDQ1,Media
2026-01-26T00:50:30.872292,priyankachaharchoudhary_1767358762_3149141562.mp4,https://t.me/+CgUFCvGWEk84NDQ1,Media
2026-01-26T00:54:37.826933,priyankachaharchoudhary_1768625080_3149141562.mp4,https://t.me/+CgUFCvGWEk84NDQ1,Media
2026-01-26T00:54:37.827944,priyankachaharchoudhary_1768635403_3149141562.mp4,https://t.me/+CgUFCvGWEk84NDQ1,Media
2026-01-26T00:54:37.828933,priyankachaharchoudhary_1768637642_3149141562.mp4,https://t.me/+CgUFCvGWEk84NDQ1,Media
2026-01-26T00:54:37.829931,priyankachaharchoudhary_1768642918_3149141562.mp4,https://t.me/+CgUFCvGWEk84NDQ1,Media
2026-01-26T00:54:37.830931,priyankachaharchoudhary_1768642936_3149141562.mp4,https://t.me/+CgUFCvGWEk84NDQ1,Media
2026-01-26T00:54:37.831929,priyankachaharchoudhary_1768645237_3149141562.mp4,https://t.me/+CgUFCvGWEk84NDQ1,Media
2026-01-26T00:54:37.832931,priyankachaharchoudhary_1768651586_3149141562.jpg,https://t.me/+CgUFCvGWEk84NDQ1,Media
2026-01-26T00:54:37.833929,priyankachaharchoudhary_1768654936_3149141562.jpg,https://t.me/+CgUFCvGWEk84NDQ1,Media
2026-01-26T00:54:37.834931,priyankachaharchoudhary_1768722579_3149141562.mp4,https://t.me/+CgUFCvGWEk84NDQ1,Media
2026-01-26T00:54:37.834931,priyankachaharchoudhary_1768723420_3149141562.mp4,https://t.me/+CgUFCvGWEk84NDQ1,Media
2026-01-26T00:58:03.562347,priyankachaharchoudhary_1768729013_3149141562.mp4,https://t.me/+CgUFCvGWEk84NDQ1,Media
2026-01-26T00:58:03.563349,priyankachaharchoudhary_1768745341_3149141562.mp4,https://t.me/+CgUFCvGWEk84NDQ1,Media
2026-01-26T00:58:03.564349,priyankachaharchoudhary_1768745491_3149141562.mp4,https://t.me/+CgUFCvGWEk84NDQ1,Media
2026-01-26T00:58:03.565347,priyankachaharchoudhary_1768747295_3149141562.mp4,https://t.me/+CgUFCvGWEk84NDQ1,Media
2026-01-26T00:58:03.566429,priyankachaharchoudhary_1768762454_3149141562.mp4,https://t.me/+CgUFCvGWEk84NDQ1,Media
2026-01-26T00:58:03.567347,priyankachaharchoudhary_1768762466_3149141562.mp4,https://t.me/+CgUFCvGWEk84NDQ1,Media
2026-01-26T00:58:03.568348,priyankachaharchoudhary_1768762990_3149141562.mp4,https://t.me/+CgUFCvGWEk84NDQ1,Media
2026-01-26T00:58:03.569347,priyankachopra_1767291241_3800636697370299783_178537482.mp4,https://t.me/+CgUFCvGWEk84NDQ1,Media
2026-01-26T00:58:03.570347,priyankachopra_1767646954_178537482.mp4,https://t.me/+CgUFCvGWEk84NDQ1,Media
2026-01-26T00:58:03.572347,priyankachopra_1767662370_178537482.jpg,https://t.me/+CgUFCvGWEk84NDQ1,Media
2026-01-26T01:01:56.895348,priyankachopra_1767663341_178537482.mp4,https://t.me/+CgUFCvGWEk84NDQ1,Media
2026-01-26T01:01:56.897349,priyankachopra_1767663517_178537482.mp4,https://t.me/+CgUFCvGWEk84NDQ1,Media
2026-01-26T01:01:56.898348,priyankachopra_1767663652_178537482.jpg,https://t.me/+CgUFCvGWEk84NDQ1,Media
2026-01-26T01:01:56.899348,priyankachopra_1767669239_178537482.mp4,https://t.me/+CgUFCvGWEk84NDQ1,Media
2026-01-26T01:01:56.900349,priyankachopra_1767670775_178537482.mp4,https://t.me/+CgUFCvGWEk84NDQ1,Media
2026-01-26T01:01:56.901350,priyankachopra_1767671226_178537482.jpg,https://t.me/+CgUFCvGWEk84NDQ1,Media
2026-01-26T01:01:56.903352,priyankachopra_1767671853_178537482.jpg,https://t.me/+CgUFCvGWEk84NDQ1,Media
2026-01-26T01:01:56.904350,priyankachopra_1768163954_178537482.jpg,https://t.me/+CgUFCvGWEk84NDQ1,Media
2026-01-26T01:01:56.904350,priyankachopra_1768169323_178537482.mp4,https://t.me/+CgUFCvGWEk84NDQ1,Media
2026-01-26T01:01:56.906350,priyankachopra_1768209780_178537482.mp4,https://t.me/+CgUFCvGWEk84NDQ1,Media
2026-01-26T01:02:56.950454,priyankachopra_1768251488_178537482.jpg,https://t.me/+CgUFCvGWEk84NDQ1,Media
2026-01-26T01:02:56.951454,priyankachopra_1768283434_178537482.mp4,https://t.me/+CgUFCvGWEk84NDQ1,Media
2026-01-26T01:02:56.952454,priyankachopra_1768293613_178537482.mp4,https://t.me/+CgUFCvGWEk84NDQ1,Media
2026-01-26T01:02:56.952454,priyankachopra_1768293618_178537482.jpg,https://t.me/+CgUFCvGWEk84NDQ1,Media
2026-01-26T01:02:56.954454,priyankachopra_1768293624_178537482.jpg,https://t.me/+CgUFCvGWEk84NDQ1,Media
2026-01-26T01:02:56.955454,priyankachopra_1768293641_178537482.mp4,https://t.me/+CgUFCvGWEk84NDQ1,Media
2026-01-26T01:02:56.955454,priyankachopra_1768293652_178537482.mp4,https://t.me/+CgUFCvGWEk84NDQ1,Media
2026-01-26T01:02:56.956454,priyankachopra_1768330902_178537482 (1).mp4,https://t.me/+CgUFCvGWEk84NDQ1,Media
2026-01-26T01:02:56.956454,priyankachopra_1768330902_178537482.mp4,https://t.me/+CgUFCvGWEk84NDQ1,Media
2026-01-26T01:02:56.957455,priyankachopra_1768331108_178537482 (1).jpg,https://t.me/+CgUFCvGWEk84NDQ1,Media
2026-01-26T01:04:53.639281,priyankachopra_1768331108_178537482.jpg,https://t.me/+CgUFCvGWEk84NDQ1,Media
2026-01-26T01:04:53.640282,priyankachopra_1768331117_178537482 (1).jpg,https://t.me/+CgUFCvGWEk84NDQ1,Media
2026-01-26T01:04:53.640282,priyankachopra_1768331117_178537482.jpg,https://t.me/+CgUFCvGWEk84NDQ1,Media
2026-01-26T01:04:53.642282,priyankachopra_1768331162_178537482 (1).jpg,https://t.me/+CgUFCvGWEk84NDQ1,Media
2026-01-26T01:04:53.643282,priyankachopra_1768331162_178537482.jpg,https://t.me/+CgUFCvGWEk84NDQ1,Media
2026-01-26T01:04:53.643282,priyankachopra_1768331168_178537482 (1).jpg,https://t.me/+CgUFCvGWEk84NDQ1,Media
2026-01-26T01:04:53.644281,priyankachopra_1768331168_178537482.jpg,https://t.me/+CgUFCvGWEk84NDQ1,Media
2026-01-26T01:04:53.645533,priyankachopra_1768357818_178537482.jpg,https://t.me/+CgUFCvGWEk84NDQ1,Media
2026-01-26T01:04:53.646539,priyankachopra_1768361437_178537482.mp4,https://t.me/+CgUFCvGWEk84NDQ1,Media
2026-01-26T01:04:53.646539,priyankachopra_1768405261_178537482.mp4,https://t.me/+CgUFCvGWEk84NDQ1,Media
2026-01-26T01:08:59.450865,priyankachopra_1768405482_178537482.jpg,https://t.me/+CgUFCvGWEk84NDQ1,Media
2026-01-26T01:08:59.451865,priyankachopra_1768407735_178537482.mp4,https://t.me/+CgUFCvGWEk84NDQ1,Media
2026-01-26T01:08:59.451865,priyankachopra_1768409892_178537482.mp4,https://t.me/+CgUFCvGWEk84NDQ1,Media
2026-01-26T01:08:59.452871,priyankachopra_1768409907_178537482.jpg,https://t.me/+CgUFCvGWEk84NDQ1,Media
2026-01-26T01:08:59.453867,priyankachopra_1768603820_178537482.mp4,https://t.me/+CgUFCvGWEk84NDQ1,Media
2026-01-26T01:08:59.454866,priyankachopra_1768613611_178537482.jpg,https://t.me/+CgUFCvGWEk84NDQ1,Media
2026-01-26T01:08:59.455881,priyankachopra_1768615019_178537482.mp4,https://t.me/+CgUFCvGWEk84NDQ1,Media
2026-01-26T01:08:59.456866,priyankachopra_1768615365_178537482.mp4,https://t.me/+CgUFCvGWEk84NDQ1,Media
2026-01-26T01:08:59.457868,priyankachopra_1768618663_178537482.mp4,https://t.me/+CgUFCvGWEk84NDQ1,Media
2026-01-26T01:08:59.458865,priyankachopra_1768619052_178537482.mp4,https://t.me/+CgUFCvGWEk84NDQ1,Media
2026-01-26T01:12:29.785831,priyankachopra_1768619741_178537482.mp4,https://t.me/+CgUFCvGWEk84NDQ1,Media
2026-01-26T01:12:29.786829,priyankachopra_1768619769_178537482.mp4,https://t.me/+CgUFCvGWEk84NDQ1,Media
2026-01-26T01:12:29.787826,priyankachopra_1768620015_178537482.mp4,https://t.me/+CgUFCvGWEk84NDQ1,Media
2026-01-26T01:12:29.789828,priyankachopra_1768620422_178537482.mp4,https://t.me/+CgUFCvGWEk84NDQ1,Media
2026-01-26T01:12:29.790826,priyankachopra_1768620886_178537482.mp4,https://t.me/+CgUFCvGWEk84NDQ1,Media
2026-01-26T01:12:29.791829,priyankachopra_1768867520_178537482.jpg,https://t.me/+CgUFCvGWEk84NDQ1,Media
2026-01-26T01:12:29.792829,priyankachopra_1768868067_178537482.mp4,https://t.me/+CgUFCvGWEk84NDQ1,Media
2026-01-26T01:12:29.793830,priyankachopra_1768881752_178537482.jpg,https://t.me/+CgUFCvGWEk84NDQ1,Media
2026-01-26T01:12:29.794828,priyankachopra_1768928467_178537482.mp4,https://t.me/+CgUFCvGWEk84NDQ1,Media
2026-01-26T01:12:29.795825,priyankachopra_1768928487_178537482.jpg,https://t.me/+CgUFCvGWEk84NDQ1,Media
2026-01-26T01:15:12.908283,priyankakhera08_1766905107_2036133592.jpg,https://t.me/+CgUFCvGWEk84NDQ1,Media
2026-01-26T01:15:12.910292,priyankakhera08_1766905206_2036133592.mp4,https://t.me/+CgUFCvGWEk84NDQ1,Media
2026-01-26T01:15:12.911285,priyankakhera08_1766915581_2036133592.mp4,https://t.me/+CgUFCvGWEk84NDQ1,Media
2026-01-26T01:15:12.912284,priyankakhera08_1766916310_2036133592.mp4,https://t.me/+CgUFCvGWEk84NDQ1,Media
2026-01-26T01:15:12.913307,priyankakhera08_1766916620_2036133592.mp4,https://t.me/+CgUFCvGWEk84NDQ1,Media
2026-01-26T01:15:12.914296,priyankakhera08_1766918157_2036133592.mp4,https://t.me/+CgUFCvGWEk84NDQ1,Media
2026-01-26T01:15:12.915283,priyankakhera08_1768575804_2036133592.mp4,https://t.me/+CgUFCvGWEk84NDQ1,Media
2026-01-26T01:15:12.916291,priyankakhera08_1768577458_2036133592.mp4,https://t.me/+CgUFCvGWEk84NDQ1,Media
2026-01-26T01:15:12.917283,priyankakhera08_1768577797_2036133592.mp4,https://t.me/+CgUFCvGWEk84NDQ1,Media
2026-01-26T01:15:12.917283,priyankakhera08_1768584209_2036133592.mp4,https://t.me/+CgUFCvGWEk84NDQ1,Media
2026-01-26T01:25:05.506703,priyankakhera08_1768585991_2036133592.mp4,https://t.me/+CgUFCvGWEk84NDQ1,Media
2026-01-26T01:25:05.508207,priyankakhera08_1768633155_2036133592.mp4,https://t.me/+CgUFCvGWEk84NDQ1,Media
2026-01-26T01:25:05.509213,priyankakhera08_1768635041_2036133592.jpg,https://t.me/+CgUFCvGWEk84NDQ1,Media
2026-01-26T01:25:05.510213,priyankakhera08_1768662128_2036133592.jpg,https://t.me/+CgUFCvGWEk84NDQ1,Media
2026-01-26T01:25:05.511214,priyankakhera08_1768670666_2036133592.mp4,https://t.me/+CgUFCvGWEk84NDQ1,Media
2026-01-26T01:25:05.511214,promediaimages_1761669076_3753474353754080289_29800007299.mp4,https://t.me/+CgUFCvGWEk84NDQ1,Media
2026-01-26T01:25:05.513213,promediaimages_1761715800_3753866931716557200_29800007299.mp4,https://t.me/+CgUFCvGWEk84NDQ1,Media
2026-01-26T01:25:05.515213,promediaimages_1764863248_3780269279946812807_29800007299.mp4,https://t.me/+CgUFCvGWEk84NDQ1,Media
2026-01-26T01:25:05.516213,ptcpunjabi_1762146984_3757483084297084279_5704153000.mp4,https://t.me/+CgUFCvGWEk84NDQ1,Media
2026-01-26T01:25:05.518212,pujajoshi_official_1766909745_530757477.mp4,https://t.me/+CgUFCvGWEk84NDQ1,Media
2026-01-26T01:26:50.223412,pujajoshi_official_1766909921_530757477.mp4,https://t.me/+CgUFCvGWEk84NDQ1,Media
2026-01-26T01:26:50.224411,pujajoshi_official_1766929369_530757477.mp4,https://t.me/+CgUFCvGWEk84NDQ1,Media
2026-01-26T01:26:50.225411,pujajoshi_official_1766929865_530757477.mp4,https://t.me/+CgUFCvGWEk84NDQ1,Media
2026-01-26T01:26:50.226412,pujajoshi_official_1766979000_3797841393042565911_530757477.jpg,https://t.me/+CgUFCvGWEk84NDQ1,Media
2026-01-26T01:26:50.226412,pujajoshi_official_1766979000_3797841393042568662_530757477.jpg,https://t.me/+CgUFCvGWEk84NDQ1,Media
2026-01-26T01:26:50.227411,pujajoshi_official_1766979000_3797841393050951973_530757477.jpg,https://t.me/+CgUFCvGWEk84NDQ1,Media
2026-01-26T01:26:50.228412,pujajoshi_official_1766979000_3797841393126473024_530757477.jpg,https://t.me/+CgUFCvGWEk84NDQ1,Media
2026-01-26T01:26:50.229411,pujajoshi_official_1766979000_3797841393134809542_530757477.jpg,https://t.me/+CgUFCvGWEk84NDQ1,Media
2026-01-26T01:26:50.230412,pujajoshi_official_1766979000_3797841393134845656_530757477.jpg,https://t.me/+CgUFCvGWEk84NDQ1,Media
2026-01-26T01:26:50.231413,pujajoshi_official_1766979000_3797841393168405960_530757477.jpg,https://t.me/+CgUFCvGWEk84NDQ1,Media
2026-01-26T01:27:42.535763,pujajoshi_official_1766979000_3797841393201911108_530757477.jpg,https://t.me/+CgUFCvGWEk84NDQ1,Media
2026-01-26T01:27:42.536715,pujajoshi_official_1766979000_3797841393369713410_530757477.jpg,https://t.me/+CgUFCvGWEk84NDQ1,Media
2026-01-26T01:27:42.537713,pujajoshi_official_1767158400_3799239520484009036_530757477.jpg,https://t.me/+CgUFCvGWEk84NDQ1,Media
2026-01-26T01:27:42.538721,pujajoshi_official_1767158400_3799239520500795039_530757477.jpg,https://t.me/+CgUFCvGWEk84NDQ1,Media
2026-01-26T01:27:42.538721,pujajoshi_official_1767158400_3799239520559529243_530757477.jpg,https://t.me/+CgUFCvGWEk84NDQ1,Media
2026-01-26T01:27:42.540714,pujajoshi_official_1767158400_3799239520643417187_530757477.jpg,https://t.me/+CgUFCvGWEk84NDQ1,Media
2026-01-26T01:27:42.540714,pujajoshi_official_1767158400_3799239520786028741_530757477.jpg,https://t.me/+CgUFCvGWEk84NDQ1,Media
2026-01-26T01:27:42.541714,pujajoshi_official_1767158400_3799239520811213660_530757477.jpg,https://t.me/+CgUFCvGWEk84NDQ1,Media
2026-01-26T01:27:42.543714,pujajoshi_official_1767158400_3799239520819592021_530757477.jpg,https://t.me/+CgUFCvGWEk84NDQ1,Media
2026-01-26T01:27:42.543714,pujajoshi_official_1767332242_530757477.mp4,https://t.me/+CgUFCvGWEk84NDQ1,Media
2026-01-26T01:30:43.960735,pujajoshi_official_1767343027_530757477.mp4,https://t.me/+CgUFCvGWEk84NDQ1,Media
2026-01-26T01:30:43.962735,pujajoshi_official_1767355521_530757477.mp4,https://t.me/+CgUFCvGWEk84NDQ1,Media
2026-01-26T01:30:43.963734,pujajoshi_official_1767368387_530757477.mp4,https://t.me/+CgUFCvGWEk84NDQ1,Media
2026-01-26T01:30:43.963734,pujajoshi_official_1767368740_530757477.mp4,https://t.me/+CgUFCvGWEk84NDQ1,Media
2026-01-26T01:30:43.964735,pujajoshi_official_1768226495_530757477.mp4,https://t.me/+CgUFCvGWEk84NDQ1,Media
2026-01-26T01:30:43.966735,pujajoshi_official_1768226891_530757477.mp4,https://t.me/+CgUFCvGWEk84NDQ1,Media
2026-01-26T01:30:43.966735,pujajoshi_official_1768226995_530757477.mp4,https://t.me/+CgUFCvGWEk84NDQ1,Media
2026-01-26T01:30:43.967736,pujajoshi_official_1768227038_530757477.mp4,https://t.me/+CgUFCvGWEk84NDQ1,Media
2026-01-26T01:30:43.968735,pujajoshi_official_1768368881_530757477.mp4,https://t.me/+CgUFCvGWEk84NDQ1,Media
2026-01-26T01:30:43.969735,pujajoshi_official_1768393135_530757477.mp4,https://t.me/+CgUFCvGWEk84NDQ1,Media
2026-01-26T01:35:38.875022,pujajoshi_official_1768396308_530757477.mp4,https://t.me/+CgUFCvGWEk84NDQ1,Media
2026-01-26T01:35:38.876022,pujajoshi_official_1768571028_530757477.mp4,https://t.me/+CgUFCvGWEk84NDQ1,Media
2026-01-26T01:35:38.877021,pujajoshi_official_1768576416_530757477.mp4,https://t.me/+CgUFCvGWEk84NDQ1,Media
2026-01-26T01:35:38.878022,pujajoshi_official_1768576485_530757477.mp4,https://t.me/+CgUFCvGWEk84NDQ1,Media
2026-01-26T01:35:38.879022,pujajoshi_official_1768576768_530757477.mp4,https://t.me/+CgUFCvGWEk84NDQ1,Media
2026-01-26T01:35:38.880022,pujajoshi_official_1768576826_530757477.mp4,https://t.me/+CgUFCvGWEk84NDQ1,Media
2026-01-26T01:35:38.881022,queen__jenniferixx_1765736560_3787595250474813849_72271094999.jpg,https://t.me/+CgUFCvGWEk84NDQ1,Media
2026-01-26T01:35:38.883022,queen__jenniferixx_1765736560_3787595250474813849_72271094999.jpg,https://t.me/+CgUFCvGWEk84NDQ1,Media
2026-01-26T01:35:38.884022,queen__jenniferixx_1765736560_3787595250474844902_72271094999.jpg,https://t.me/+CgUFCvGWEk84NDQ1,Media
2026-01-26T01:35:38.884022,queen__jenniferixx_1765736560_3787595250474844902_72271094999.jpg,https://t.me/+CgUFCvGWEk84NDQ1,Media
2026-01-26T01:35:55.800955,queen__jenniferixx_1765736560_3787595250474849693_72271094999.jpg,https://t.me/+CgUFCvGWEk84NDQ1,Media
2026-01-26T01:35:55.802931,queen__jenniferixx_1765736560_3787595250474849693_72271094999.jpg,https://t.me/+CgUFCvGWEk84NDQ1,Media
2026-01-26T01:35:55.802931,queen__jenniferixx_1765736560_3787595250474856943_72271094999.jpg,https://t.me/+CgUFCvGWEk84NDQ1,Media
2026-01-26T01:35:55.803932,queen__jenniferixx_1765736560_3787595250474856943_72271094999.jpg,https://t.me/+CgUFCvGWEk84NDQ1,Media
2026-01-26T01:35:55.804932,queen__jenniferixx_1765736560_3787595250474857173_72271094999.jpg,https://t.me/+CgUFCvGWEk84NDQ1,Media
2026-01-26T01:35:55.805932,queen__jenniferixx_1765736560_3787595250474857173_72271094999.jpg,https://t.me/+CgUFCvGWEk84NDQ1,Media
2026-01-26T01:35:55.805932,queen__jenniferixx_1765736560_3787595250474863315_72271094999.jpg,https://t.me/+CgUFCvGWEk84NDQ1,Media
2026-01-26T01:35:55.806932,queen__jenniferixx_1765736560_3787595250474863315_72271094999.jpg,https://t.me/+CgUFCvGWEk84NDQ1,Media
2026-01-26T01:35:55.807931,queen__jenniferixx_1765736560_3787595250483234073_72271094999.jpg,https://t.me/+CgUFCvGWEk84NDQ1,Media
2026-01-26T01:35:55.807931,queen__jenniferixx_1765736560_3787595250483234073_72271094999.jpg,https://t.me/+CgUFCvGWEk84NDQ1,Media
2026-01-26T01:38:31.475227,queen__jenniferixx_1765736560_3787595250483246723_72271094999.jpg,https://t.me/+CgUFCvGWEk84NDQ1,Media
2026-01-26T01:38:31.476231,queen__jenniferixx_1765736560_3787595250483246723_72271094999.jpg,https://t.me/+CgUFCvGWEk84NDQ1,Media
2026-01-26T01:38:31.477230,queen__jenniferixx_1765736560_3787595250793581220_72271094999.jpg,https://t.me/+CgUFCvGWEk84NDQ1,Media
2026-01-26T01:38:31.478231,queen__jenniferixx_1765736560_3787595250793581220_72271094999.jpg,https://t.me/+CgUFCvGWEk84NDQ1,Media
2026-01-26T01:38:31.479230,raaz_raaz7007_1767242720_3800148768481965634_4606936729.mp4,https://t.me/+CgUFCvGWEk84NDQ1,Media
2026-01-26T01:38:31.480238,radhika__3109_1767168728_5457260775.mp4,https://t.me/+CgUFCvGWEk84NDQ1,Media
2026-01-26T01:38:31.481231,radhika__3109_1767168834_5457260775.jpg,https://t.me/+CgUFCvGWEk84NDQ1,Media
2026-01-26T01:38:31.482232,radhika__3109_1767168834_5457260775.jpg,https://t.me/+CgUFCvGWEk84NDQ1,Media
2026-01-26T01:38:31.482232,radhika__3109_1767168949_5457260775.mp4,https://t.me/+CgUFCvGWEk84NDQ1,Media
2026-01-26T01:38:31.483232,radhika__3109_1767169010_5457260775.mp4,https://t.me/+CgUFCvGWEk84NDQ1,Media
2026-01-26T01:45:10.432600,radhika__3109_1767169092_5457260775.mp4,https://t.me/+CgUFCvGWEk84NDQ1,Media
2026-01-26T01:45:10.433600,radhika__3109_1767169163_5457260775.jpg,https://t.me/+CgUFCvGWEk84NDQ1,Media
2026-01-26T01:45:10.435619,radhika__3109_1767169163_5457260775.jpg,https://t.me/+CgUFCvGWEk84NDQ1,Media
2026-01-26T01:45:10.435619,radhika__3109_1767169258_5457260775.jpg,https://t.me/+CgUFCvGWEk84NDQ1,Media
2026-01-26T01:45:10.436600,radhika__3109_1767169258_5457260775.jpg,https://t.me/+CgUFCvGWEk84NDQ1,Media
2026-01-26T01:45:10.437600,radhika__3109_1768403604_5457260775.mp4,https://t.me/+CgUFCvGWEk84NDQ1,Media
2026-01-26T01:45:10.437600,radhika__3109_1768577887_5457260775.mp4,https://t.me/+CgUFCvGWEk84NDQ1,Media
2026-01-26T01:45:10.439599,rahulojha6006_1765536210_3785909375165386857_3869462008.mp4,https://t.me/+CgUFCvGWEk84NDQ1,Media
2026-01-26T01:45:10.442108,rahulvaidyarkv_1768720424_285875163.mp4,https://t.me/+CgUFCvGWEk84NDQ1,Media
2026-01-26T01:45:10.442108,rahulvaidyarkv_1768729614_285875163.mp4,https://t.me/+CgUFCvGWEk84NDQ1,Media
2026-01-26T01:47:36.969272,rajputpaayal_1766730440_1137011654.jpg,https://t.me/+CgUFCvGWEk84NDQ1,Media
2026-01-26T01:47:36.970464,rajputpaayal_1766730503_1137011654.jpg,https://t.me/+CgUFCvGWEk84NDQ1,Media
2026-01-26T01:47:36.971464,rajputpaayal_1766751247_1137011654.jpg,https://t.me/+CgUFCvGWEk84NDQ1,Media
2026-01-26T01:47:36.972465,rajputpaayal_1766757311_1137011654.mp4,https://t.me/+CgUFCvGWEk84NDQ1,Media
2026-01-26T01:47:36.973465,rajputpaayal_1766758021_1137011654.mp4,https://t.me/+CgUFCvGWEk84NDQ1,Media
2026-01-26T01:47:36.974465,rajputpaayal_1766758543_1137011654.jpg,https://t.me/+CgUFCvGWEk84NDQ1,Media
2026-01-26T01:47:36.975464,rajputpaayal_1766761983_1137011654.mp4,https://t.me/+CgUFCvGWEk84NDQ1,Media
2026-01-26T01:47:36.976465,rajputpaayal_1766762302_1137011654.mp4,https://t.me/+CgUFCvGWEk84NDQ1,Media
2026-01-26T01:47:36.976465,rajputpaayal_1766778029_1137011654.mp4,https://t.me/+CgUFCvGWEk84NDQ1,Media
2026-01-26T01:47:36.977464,rajputpaayal_1766804895_1137011654.jpg,https://t.me/+CgUFCvGWEk84NDQ1,Media
2026-01-26T01:52:07.568603,rajputpaayal_1766847305_1137011654.jpg,https://t.me/+CgUFCvGWEk84NDQ1,Media
2026-01-26T01:52:07.569756,rajputpaayal_1766847392_1137011654.mp4,https://t.me/+CgUFCvGWEk84NDQ1,Media
2026-01-26T01:52:07.570757,rajputpaayal_1766847684_1137011654.mp4,https://t.me/+CgUFCvGWEk84NDQ1,Media
2026-01-26T01:52:07.572763,rajputpaayal_1767244778_1137011654.jpg,https://t.me/+CgUFCvGWEk84NDQ1,Media
2026-01-26T01:52:07.573757,rajputpaayal_1767245067_1137011654.mp4,https://t.me/+CgUFCvGWEk84NDQ1,Media
2026-01-26T01:52:07.574756,rajputpaayal_1767246115_1137011654.mp4,https://t.me/+CgUFCvGWEk84NDQ1,Media
2026-01-26T01:52:07.574756,rajputpaayal_1767246189_1137011654.mp4,https://t.me/+CgUFCvGWEk84NDQ1,Media
2026-01-26T01:52:07.576756,rajputpaayal_1767247771_1137011654.jpg,https://t.me/+CgUFCvGWEk84NDQ1,Media
2026-01-26T01:52:07.576756,rajputpaayal_1767255442_1137011654.mp4,https://t.me/+CgUFCvGWEk84NDQ1,Media
2026-01-26T01:52:07.577757,rajputpaayal_1767259622_1137011654.jpg,https://t.me/+CgUFCvGWEk84NDQ1,Media
2026-01-26T01:58:36.727972,rajputpaayal_1767259717_1137011654.jpg,https://t.me/+CgUFCvGWEk84NDQ1,Media
2026-01-26T01:58:36.729973,rajputpaayal_1767259749_1137011654.jpg,https://t.me/+CgUFCvGWEk84NDQ1,Media
2026-01-26T01:58:36.729973,rajputpaayal_1767264075_1137011654.jpg,https://t.me/+CgUFCvGWEk84NDQ1,Media
2026-01-26T01:58:36.730973,rajputpaayal_1767268722_1137011654.mp4,https://t.me/+CgUFCvGWEk84NDQ1,Media
2026-01-26T01:58:36.731973,rajputpaayal_1767277887_1137011654.jpg,https://t.me/+CgUFCvGWEk84NDQ1,Media
2026-01-26T01:58:36.732973,rajputpaayal_1767284255_1137011654.mp4,https://t.me/+CgUFCvGWEk84NDQ1,Media
2026-01-26T01:58:36.733973,rajputpaayal_1767286166_1137011654.mp4,https://t.me/+CgUFCvGWEk84NDQ1,Media
2026-01-26T01:58:36.734971,rajputpaayal_1767286216_1137011654.jpg,https://t.me/+CgUFCvGWEk84NDQ1,Media
2026-01-26T01:58:36.734971,rakesh.photopedia_1763782072_3771197813913347578_6086991301.mp4,https://t.me/+CgUFCvGWEk84NDQ1,Media
2026-01-26T01:58:36.737973,ranadityasahuu_1767460458_3802055640236685138_58674694927.mp4,https://t.me/+CgUFCvGWEk84NDQ1,Media
2026-01-26T02:09:45.622134,rasha_tandonn_1760155986_3740780774556875332_65659318962.mp4,https://t.me/+CgUFCvGWEk84NDQ1,Media
2026-01-26T02:09:45.624134,rasha_tandonn_1768017152_3806726099033054107_65659318962.mp4,https://t.me/+CgUFCvGWEk84NDQ1,Media
2026-01-26T02:09:45.625134,realbollywoodhungama_1755430240_3701139322916997490_395902063.mp4,https://t.me/+CgUFCvGWEk84NDQ1,Media
2026-01-26T02:09:45.626134,realbollywoodhungama_1766046218_3790191429180777348_395902063.mp4,https://t.me/+CgUFCvGWEk84NDQ1,Media
2026-01-26T02:09:45.627135,realhimesh_1767512806_3802491894333241524_4711928941.mp4,https://t.me/+CgUFCvGWEk84NDQ1,Media
2026-01-26T02:09:45.628135,realitycheck_officially_1767448805_3801955725858380646_76776505205.mp4,https://t.me/+CgUFCvGWEk84NDQ1,Media
2026-01-26T02:09:45.630634,redcam.studio_1765741467_3787634170135396487_56543571836.mp4,https://t.me/+CgUFCvGWEk84NDQ1,Media
2026-01-26T02:09:45.631639,redcam.studio_1766083600_3790504182357502679_56543571836.mp4,https://t.me/+CgUFCvGWEk84NDQ1,Media
2026-01-26T02:09:45.632638,reelflickss_1765961583_3789481654680123943_47564978069.mp4,https://t.me/+CgUFCvGWEk84NDQ1,Media
2026-01-26T02:09:45.632638,reellyfz_1765522945_3785803159625849536_8692657108.mp4,https://t.me/+CgUFCvGWEk84NDQ1,Media
2026-01-26T02:18:42.634716,reemshaikhscafe_1761485607_3751933734296819860_25128084068.mp4,https://t.me/+CgUFCvGWEk84NDQ1,Media
2026-01-26T02:18:42.636814,reemshaikhscafe_1762622045_3761467909286907371_25128084068.mp4,https://t.me/+CgUFCvGWEk84NDQ1,Media
2026-01-26T02:18:42.637794,reviewitpk.official_1765535697_3785910119445235307_8534858674.mp4,https://t.me/+CgUFCvGWEk84NDQ1,Media
2026-01-26T02:18:42.638757,rider_rajdeep_yt_1760341990_3742342087602817960_48373823895.mp4,https://t.me/+CgUFCvGWEk84NDQ1,Media
2026-01-26T02:18:42.639803,ridhieemehta_1762624701_3761488735356484451_6659583154.mp4,https://t.me/+CgUFCvGWEk84NDQ1,Media
2026-01-26T02:18:42.640807,rishabhuncutnews_1766859957_3797018657932066241_1442260220.mp4,https://t.me/+CgUFCvGWEk84NDQ1,Media
2026-01-26T02:18:42.641806,rishabhuncutnews_1767009419_3798272202597459890_1442260220.mp4,https://t.me/+CgUFCvGWEk84NDQ1,Media
2026-01-26T02:18:42.643794,riteishd_1768537114_349445827.mp4,https://t.me/+CgUFCvGWEk84NDQ1,Media
2026-01-26T02:18:42.643794,rithvikk_dhanjani_1768395888_3809902412207545422_417755289.mp4,https://t.me/+CgUFCvGWEk84NDQ1,Media
2026-01-26T02:18:42.644798,rits_badiani_1766651656_1598196898.mp4,https://t.me/+CgUFCvGWEk84NDQ1,Media
2026-01-26T02:22:44.881929,rits_badiani_1766651766_1598196898.mp4,https://t.me/+CgUFCvGWEk84NDQ1,Media
2026-01-26T02:22:44.885428,rits_badiani_1766651838_1598196898.mp4,https://t.me/+CgUFCvGWEk84NDQ1,Media
2026-01-26T02:22:44.886432,rits_badiani_1766652069_1598196898.mp4,https://t.me/+CgUFCvGWEk84NDQ1,Media
2026-01-26T02:22:44.888078,rits_badiani_1766652761_1598196898.mp4,https://t.me/+CgUFCvGWEk84NDQ1,Media
2026-01-26T02:22:44.889083,rits_badiani_1766652920_1598196898.mp4,https://t.me/+CgUFCvGWEk84NDQ1,Media
2026-01-26T02:22:44.890085,rits_badiani_1766653163_1598196898.mp4,https://t.me/+CgUFCvGWEk84NDQ1,Media
2026-01-26T02:22:44.890085,rits_badiani_1766653215_1598196898.jpg,https://t.me/+CgUFCvGWEk84NDQ1,Media
2026-01-26T02:22:44.891089,rits_badiani_1766653306_1598196898.mp4,https://t.me/+CgUFCvGWEk84NDQ1,Media
2026-01-26T02:22:44.892089,rits_badiani_1766653853_1598196898.mp4,https://t.me/+CgUFCvGWEk84NDQ1,Media
2026-01-26T02:22:44.893089,rits_badiani_1766654222_1598196898.mp4,https://t.me/+CgUFCvGWEk84NDQ1,Media
2026-01-26T02:26:17.842652,rits_badiani_1766654395_1598196898.mp4,https://t.me/+CgUFCvGWEk84NDQ1,Media
2026-01-26T02:26:17.844653,rits_badiani_1766654514_1598196898.mp4,https://t.me/+CgUFCvGWEk84NDQ1,Media
2026-01-26T02:26:17.845653,rits_badiani_1766654764_1598196898.mp4,https://t.me/+CgUFCvGWEk84NDQ1,Media
2026-01-26T02:26:17.846645,rits_badiani_1766654876_1598196898.mp4,https://t.me/+CgUFCvGWEk84NDQ1,Media
2026-01-26T02:26:17.847646,rits_badiani_1766654969_1598196898.mp4,https://t.me/+CgUFCvGWEk84NDQ1,Media
2026-01-26T02:26:17.848647,rits_badiani_1766655057_1598196898.jpg,https://t.me/+CgUFCvGWEk84NDQ1,Media
2026-01-26T02:26:17.849653,rits_badiani_1766655184_1598196898.jpg,https://t.me/+CgUFCvGWEk84NDQ1,Media
2026-01-26T02:26:17.850650,rits_badiani_1766655353_1598196898.jpg,https://t.me/+CgUFCvGWEk84NDQ1,Media
2026-01-26T02:26:17.850650,rits_badiani_1766655439_1598196898.jpg,https://t.me/+CgUFCvGWEk84NDQ1,Media
2026-01-26T02:26:17.851645,rits_badiani_1766655783_1598196898.jpg,https://t.me/+CgUFCvGWEk84NDQ1,Media
2026-01-26T02:27:49.114153,rits_badiani_1766655883_1598196898.mp4,https://t.me/+CgUFCvGWEk84NDQ1,Media
2026-01-26T02:27:49.114153,rits_badiani_1766656090_1598196898.mp4,https://t.me/+CgUFCvGWEk84NDQ1,Media
2026-01-26T02:27:49.115153,rits_badiani_1766656284_1598196898.mp4,https://t.me/+CgUFCvGWEk84NDQ1,Media
2026-01-26T02:27:49.116153,rits_badiani_1766656357_1598196898.mp4,https://t.me/+CgUFCvGWEk84NDQ1,Media
2026-01-26T02:27:49.117153,rits_badiani_1766656493_1598196898.mp4,https://t.me/+CgUFCvGWEk84NDQ1,Media
2026-01-26T02:27:49.117153,rits_badiani_1766656576_1598196898.mp4,https://t.me/+CgUFCvGWEk84NDQ1,Media
2026-01-26T02:27:49.119152,rits_badiani_1766656622_1598196898.mp4,https://t.me/+CgUFCvGWEk84NDQ1,Media
2026-01-26T02:27:49.119152,rits_badiani_1766656791_1598196898.mp4,https://t.me/+CgUFCvGWEk84NDQ1,Media
2026-01-26T02:27:49.120154,rits_badiani_1766657824_1598196898.jpg,https://t.me/+CgUFCvGWEk84NDQ1,Media
2026-01-26T02:27:49.120154,rits_badiani_1766679780_1598196898.jpg,https://t.me/+CgUFCvGWEk84NDQ1,Media
2026-01-26T02:30:33.377060,rits_badiani_1767101142_1598196898.mp4,https://t.me/+CgUFCvGWEk84NDQ1,Media
2026-01-26T02:30:33.377982,rits_badiani_1767104948_1598196898.mp4,https://t.me/+CgUFCvGWEk84NDQ1,Media
2026-01-26T02:30:33.378980,rits_badiani_1767105213_1598196898.jpg,https://t.me/+CgUFCvGWEk84NDQ1,Media
2026-01-26T02:30:33.379980,rits_badiani_1767254969_1598196898.mp4,https://t.me/+CgUFCvGWEk84NDQ1,Media
2026-01-26T02:30:33.380979,rits_badiani_1767255093_1598196898.jpg,https://t.me/+CgUFCvGWEk84NDQ1,Media
2026-01-26T02:30:33.381979,rits_badiani_1767255183_1598196898.mp4,https://t.me/+CgUFCvGWEk84NDQ1,Media
2026-01-26T02:30:33.381979,rits_badiani_1767255814_1598196898.mp4,https://t.me/+CgUFCvGWEk84NDQ1,Media
2026-01-26T02:30:33.382979,rits_badiani_1767258989_1598196898.mp4,https://t.me/+CgUFCvGWEk84NDQ1,Media
2026-01-26T02:30:33.383980,rits_badiani_1767619950_1598196898.mp4,https://t.me/+CgUFCvGWEk84NDQ1,Media
2026-01-26T02:30:33.384980,rits_badiani_1767624726_1598196898.mp4,https://t.me/+CgUFCvGWEk84NDQ1,Media
2026-01-26T02:32:57.841902,rits_badiani_1767631076_1598196898.mp4,https://t.me/+CgUFCvGWEk84NDQ1,Media
2026-01-26T02:32:57.843822,rits_badiani_1767709782_1598196898.mp4,https://t.me/+CgUFCvGWEk84NDQ1,Media
2026-01-26T02:32:57.845717,rits_badiani_1767709943_1598196898.mp4,https://t.me/+CgUFCvGWEk84NDQ1,Media
2026-01-26T02:32:57.846716,rits_badiani_1767710065_1598196898.jpg,https://t.me/+CgUFCvGWEk84NDQ1,Media
2026-01-26T02:32:57.847715,rits_badiani_1767710151_1598196898.mp4,https://t.me/+CgUFCvGWEk84NDQ1,Media
2026-01-26T02:32:57.848715,rits_badiani_1767710502_1598196898.mp4,https://t.me/+CgUFCvGWEk84NDQ1,Media
2026-01-26T02:32:57.848715,rits_badiani_1768376219_1598196898.mp4,https://t.me/+CgUFCvGWEk84NDQ1,Media
2026-01-26T02:32:57.849715,rits_badiani_1768376360_1598196898.mp4,https://t.me/+CgUFCvGWEk84NDQ1,Media
2026-01-26T02:32:57.850717,rits_badiani_1768376448_1598196898.jpg,https://t.me/+CgUFCvGWEk84NDQ1,Media
2026-01-26T02:32:57.851715,rits_badiani_1768376548_1598196898.mp4,https://t.me/+CgUFCvGWEk84NDQ1,Media
2026-01-26T02:35:10.905181,rits_badiani_1768385238_1598196898.mp4,https://t.me/+CgUFCvGWEk84NDQ1,Media
2026-01-26T02:35:10.907182,rits_badiani_1768387503_1598196898.mp4,https://t.me/+CgUFCvGWEk84NDQ1,Media
2026-01-26T02:35:10.908182,rits_badiani_1768650235_1598196898.mp4,https://t.me/+CgUFCvGWEk84NDQ1,Media
2026-01-26T02:35:10.909181,rits_badiani_1768650579_1598196898.jpg,https://t.me/+CgUFCvGWEk84NDQ1,Media
2026-01-26T02:35:10.910181,rits_badiani_1768650634_1598196898.jpg,https://t.me/+CgUFCvGWEk84NDQ1,Media
2026-01-26T02:35:10.911182,rits_badiani_1768650669_1598196898.mp4,https://t.me/+CgUFCvGWEk84NDQ1,Media
2026-01-26T02:35:10.912182,rits_badiani_1768650682_1598196898.mp4,https://t.me/+CgUFCvGWEk84NDQ1,Media
2026-01-26T02:35:10.913182,rits_badiani_1768650725_1598196898.jpg,https://t.me/+CgUFCvGWEk84NDQ1,Media
2026-01-26T02:35:10.913182,rits_badiani_1768650746_1598196898.mp4,https://t.me/+CgUFCvGWEk84NDQ1,Media
2026-01-26T02:35:10.914182,rits_badiani_1768650763_1598196898.jpg,https://t.me/+CgUFCvGWEk84NDQ1,Media
2026-01-26T02:36:26.549305,rits_badiani_1768650830_1598196898.jpg,https://t.me/+CgUFCvGWEk84NDQ1,Media
2026-01-26T02:36:26.552307,rits_badiani_1768650946_1598196898.mp4,https://t.me/+CgUFCvGWEk84NDQ1,Media
2026-01-26T02:36:26.553312,rits_badiani_1768651031_1598196898.jpg,https://t.me/+CgUFCvGWEk84NDQ1,Media
2026-01-26T02:36:26.554307,rits_badiani_1768651337_1598196898.jpg,https://t.me/+CgUFCvGWEk84NDQ1,Media
2026-01-26T02:36:26.555310,rits_badiani_1768652222_1598196898.jpg,https://t.me/+CgUFCvGWEk84NDQ1,Media
2026-01-26T02:36:26.556305,rits_badiani_1768652412_1598196898.jpg,https://t.me/+CgUFCvGWEk84NDQ1,Media
2026-01-26T02:36:26.557308,rits_badiani_1768652501_1598196898 (1).jpg,https://t.me/+CgUFCvGWEk84NDQ1,Media
2026-01-26T02:36:26.558306,rits_badiani_1768652501_1598196898.jpg,https://t.me/+CgUFCvGWEk84NDQ1,Media
2026-01-26T02:36:26.558306,rits_badiani_1768652521_1598196898.jpg,https://t.me/+CgUFCvGWEk84NDQ1,Media
2026-01-26T02:36:26.559306,rits_badiani_1768652599_1598196898.jpg,https://t.me/+CgUFCvGWEk84NDQ1,Media
2026-01-26T02:42:31.965335,rits_badiani_1768652631_1598196898.jpg,https://t.me/+CgUFCvGWEk84NDQ1,Media
2026-01-26T02:42:31.966335,rits_badiani_1768652697_1598196898.jpg,https://t.me/+CgUFCvGWEk84NDQ1,Media
2026-01-26T02:42:31.967335,rits_badiani_1768653699_1598196898.jpg,https://t.me/+CgUFCvGWEk84NDQ1,Media
2026-01-26T02:42:31.968335,rits_badiani_1768653846_1598196898.jpg,https://t.me/+CgUFCvGWEk84NDQ1,Media
2026-01-26T02:42:31.969335,rits_badiani_1768653871_1598196898.jpg,https://t.me/+CgUFCvGWEk84NDQ1,Media
2026-01-26T02:42:31.970335,rits_badiani_1768653983_1598196898.jpg,https://t.me/+CgUFCvGWEk84NDQ1,Media
2026-01-26T02:42:31.971347,rits_badiani_1768654045_1598196898.jpg,https://t.me/+CgUFCvGWEk84NDQ1,Media
2026-01-26T02:42:31.972335,rits_badiani_1768654110_1598196898.mp4,https://t.me/+CgUFCvGWEk84NDQ1,Media
2026-01-26T02:42:31.973335,rits_badiani_1768654131_1598196898.mp4,https://t.me/+CgUFCvGWEk84NDQ1,Media
2026-01-26T02:42:31.974335,rits_badiani_1768654169_1598196898.mp4,https://t.me/+CgUFCvGWEk84NDQ1,Media
2026-01-26T02:48:13.267609,rits_badiani_1768654254_1598196898.jpg,https://t.me/+CgUFCvGWEk84NDQ1,Media
2026-01-26T02:48:13.268608,rits_badiani_1768654294_1598196898.mp4,https://t.me/+CgUFCvGWEk84NDQ1,Media
2026-01-26T02:48:13.269598,rivarora__1766851287_1521205147.mp4,https://t.me/+CgUFCvGWEk84NDQ1,Media
2026-01-26T02:48:13.270605,rivarora__1766851301_1521205147.mp4,https://t.me/+CgUFCvGWEk84NDQ1,Media
2026-01-26T02:48:13.271599,rivarora__1766851308_1521205147.mp4,https://t.me/+CgUFCvGWEk84NDQ1,Media
2026-01-26T02:48:13.272607,rivarora__1766851315_1521205147.mp4,https://t.me/+CgUFCvGWEk84NDQ1,Media
2026-01-26T02:48:13.273599,rivarora__1766851324_1521205147.mp4,https://t.me/+CgUFCvGWEk84NDQ1,Media
2026-01-26T02:48:13.274599,rivarora__1766851332_1521205147.mp4,https://t.me/+CgUFCvGWEk84NDQ1,Media
2026-01-26T02:48:13.275599,rivarora__1766851367_1521205147.mp4,https://t.me/+CgUFCvGWEk84NDQ1,Media
2026-01-26T02:48:13.276598,rivarora__1766851379_1521205147.mp4,https://t.me/+CgUFCvGWEk84NDQ1,Media
2026-01-26T02:55:25.914788,rivarora__1766851385_1521205147.mp4,https://t.me/+CgUFCvGWEk84NDQ1,Media
2026-01-26T02:55:25.915788,rivarora__1766851392_1521205147.mp4,https://t.me/+CgUFCvGWEk84NDQ1,Media
2026-01-26T02:55:25.916789,rivarora__1766851401_1521205147.mp4,https://t.me/+CgUFCvGWEk84NDQ1,Media
2026-01-26T02:55:25.917788,rivarora__1766851407_1521205147.mp4,https://t.me/+CgUFCvGWEk84NDQ1,Media
2026-01-26T02:55:25.918787,rivarora__1766851414_1521205147.mp4,https://t.me/+CgUFCvGWEk84NDQ1,Media
2026-01-26T02:55:25.918787,rivarora__1766851428_1521205147.mp4,https://t.me/+CgUFCvGWEk84NDQ1,Media
2026-01-26T02:55:25.920788,rivarora__1766851434_1521205147.mp4,https://t.me/+CgUFCvGWEk84NDQ1,Media
2026-01-26T02:55:25.921788,rivarora__1766851466_1521205147.mp4,https://t.me/+CgUFCvGWEk84NDQ1,Media
2026-01-26T02:55:25.922789,rivarora__1766851494_1521205147.mp4,https://t.me/+CgUFCvGWEk84NDQ1,Media
2026-01-26T02:55:25.923788,rivarora__1766851502_1521205147.mp4,https://t.me/+CgUFCvGWEk84NDQ1,Media
2026-01-26T03:01:51.371808,rivarora__1766851511_1521205147.mp4,https://t.me/+CgUFCvGWEk84NDQ1,Media
2026-01-26T03:01:51.373806,rivarora__1766851545_1521205147.mp4,https://t.me/+CgUFCvGWEk84NDQ1,Media
2026-01-26T03:01:51.375811,rivarora__1766851566_1521205147.mp4,https://t.me/+CgUFCvGWEk84NDQ1,Media
2026-01-26T03:01:51.376811,rivarora__1766851573_1521205147.mp4,https://t.me/+CgUFCvGWEk84NDQ1,Media
2026-01-26T03:01:51.378808,rivarora__1766851580_1521205147.mp4,https://t.me/+CgUFCvGWEk84NDQ1,Media
2026-01-26T03:01:51.378808,rivarora__1766851586_1521205147.mp4,https://t.me/+CgUFCvGWEk84NDQ1,Media
2026-01-26T03:01:51.379808,rivarora__1766851609_1521205147.mp4,https://t.me/+CgUFCvGWEk84NDQ1,Media
2026-01-26T03:01:51.380808,rivarora__1766851617_1521205147.mp4,https://t.me/+CgUFCvGWEk84NDQ1,Media
2026-01-26T03:01:51.381808,rivarora__1766851636_1521205147.mp4,https://t.me/+CgUFCvGWEk84NDQ1,Media
2026-01-26T03:01:51.382808,rivarora__1766851659_1521205147.mp4,https://t.me/+CgUFCvGWEk84NDQ1,Media
2026-01-26T03:08:52.320548,rivarora__1766851666_1521205147.mp4,https://t.me/+CgUFCvGWEk84NDQ1,Media
2026-01-26T03:08:52.322561,rivarora__1766851700_1521205147.mp4,https://t.me/+CgUFCvGWEk84NDQ1,Media
2026-01-26T03:08:52.323562,rivarora__1766851717_1521205147.mp4,https://t.me/+CgUFCvGWEk84NDQ1,Media
2026-01-26T03:08:52.324562,rivarora__1766851733_1521205147.mp4,https://t.me/+CgUFCvGWEk84NDQ1,Media
2026-01-26T03:08:52.325561,rivarora__1766851739_1521205147.mp4,https://t.me/+CgUFCvGWEk84NDQ1,Media
2026-01-26T03:08:52.327561,rivarora__1766851745_1521205147.mp4,https://t.me/+CgUFCvGWEk84NDQ1,Media
2026-01-26T03:08:52.329560,rivarora__1766851767_1521205147.mp4,https://t.me/+CgUFCvGWEk84NDQ1,Media
2026-01-26T03:08:52.330565,rivarora__1766851776_1521205147.mp4,https://t.me/+CgUFCvGWEk84NDQ1,Media
2026-01-26T03:08:52.331566,rivarora__1766851782_1521205147.mp4,https://t.me/+CgUFCvGWEk84NDQ1,Media
2026-01-26T03:08:52.334297,rivarora__1766851789_1521205147.mp4,https://t.me/+CgUFCvGWEk84NDQ1,Media
2026-01-26T03:13:59.430967,rivarora__1766851798_1521205147.mp4,https://t.me/+CgUFCvGWEk84NDQ1,Media
2026-01-26T03:13:59.433039,rivarora__1766851814_1521205147.mp4,https://t.me/+CgUFCvGWEk84NDQ1,Media
2026-01-26T03:13:59.434038,rivarora__1766851819_1521205147.mp4,https://t.me/+CgUFCvGWEk84NDQ1,Media
2026-01-26T03:13:59.435038,rivarora__1766851846_1521205147.mp4,https://t.me/+CgUFCvGWEk84NDQ1,Media
2026-01-26T03:13:59.436039,rivarora__1766851852_1521205147.mp4,https://t.me/+CgUFCvGWEk84NDQ1,Media
2026-01-26T03:13:59.437039,rivarora__1766851866_1521205147.mp4,https://t.me/+CgUFCvGWEk84NDQ1,Media
2026-01-26T03:13:59.439039,rivarora__1766851879_1521205147.mp4,https://t.me/+CgUFCvGWEk84NDQ1,Media
2026-01-26T03:13:59.439039,rivarora__1766851896_1521205147.mp4,https://t.me/+CgUFCvGWEk84NDQ1,Media
2026-01-26T03:13:59.441038,rivarora__1766851903_1521205147.mp4,https://t.me/+CgUFCvGWEk84NDQ1,Media
2026-01-26T03:13:59.442038,rivarora__1766851909_1521205147.mp4,https://t.me/+CgUFCvGWEk84NDQ1,Media
2026-01-26T03:20:08.904657,rivarora__1766851915_1521205147.mp4,https://t.me/+CgUFCvGWEk84NDQ1,Media
2026-01-26T03:20:08.904657,rivarora__1766851921_1521205147.mp4,https://t.me/+CgUFCvGWEk84NDQ1,Media
2026-01-26T03:20:08.906659,rivarora__1766851926_1521205147.mp4,https://t.me/+CgUFCvGWEk84NDQ1,Media
2026-01-26T03:20:08.907263,rivarora__1766851935_1521205147.mp4,https://t.me/+CgUFCvGWEk84NDQ1,Media
2026-01-26T03:20:08.909276,rivarora__1766851970_1521205147.mp4,https://t.me/+CgUFCvGWEk84NDQ1,Media
2026-01-26T03:20:08.909276,rivarora__1766851980_1521205147.mp4,https://t.me/+CgUFCvGWEk84NDQ1,Media
2026-01-26T03:20:08.910384,rivarora__1766852003_1521205147.mp4,https://t.me/+CgUFCvGWEk84NDQ1,Media
2026-01-26T03:20:08.911359,rivarora__1766852010_1521205147.mp4,https://t.me/+CgUFCvGWEk84NDQ1,Media
2026-01-26T03:20:08.913267,rivarora__1766852018_1521205147.mp4,https://t.me/+CgUFCvGWEk84NDQ1,Media
2026-01-26T03:20:08.913267,rivarora__1766852039_1521205147.mp4,https://t.me/+CgUFCvGWEk84NDQ1,Media
2026-01-26T03:24:23.800948,rivarora__1766852101_1521205147.mp4,https://t.me/+CgUFCvGWEk84NDQ1,Media
2026-01-26T03:24:23.801949,rivarora__1766852107_1521205147.mp4,https://t.me/+CgUFCvGWEk84NDQ1,Media
2026-01-26T03:24:23.802949,rivarora__1766852131_1521205147.mp4,https://t.me/+CgUFCvGWEk84NDQ1,Media
2026-01-26T03:24:23.803949,rivarora__1766852535_1521205147.mp4,https://t.me/+CgUFCvGWEk84NDQ1,Media
2026-01-26T03:24:23.804949,rivarora__1766853739_1521205147.mp4,https://t.me/+CgUFCvGWEk84NDQ1,Media
2026-01-26T03:24:23.805949,rivarora__1766857812_1521205147.mp4,https://t.me/+CgUFCvGWEk84NDQ1,Media
2026-01-26T03:24:23.807459,rivarora__1766857820_1521205147.mp4,https://t.me/+CgUFCvGWEk84NDQ1,Media
2026-01-26T03:24:23.808460,rivarora__1766857833_1521205147.mp4,https://t.me/+CgUFCvGWEk84NDQ1,Media
2026-01-26T03:24:23.808460,rj.mahvash_1766735381_1900881879.mp4,https://t.me/+CgUFCvGWEk84NDQ1,Media
2026-01-26T03:24:23.809459,rj.mahvash_1766742265_1900881879.mp4,https://t.me/+CgUFCvGWEk84NDQ1,Media
2026-01-26T03:35:22.487321,rj.mahvash_1766747442_1900881879.mp4,https://t.me/+CgUFCvGWEk84NDQ1,Media
2026-01-26T03:35:22.488321,rj.mahvash_1766747867_1900881879.mp4,https://t.me/+CgUFCvGWEk84NDQ1,Media
2026-01-26T03:35:22.490321,rj.mahvash_1766756275_1900881879.mp4,https://t.me/+CgUFCvGWEk84NDQ1,Media
2026-01-26T03:35:22.491321,rj.mahvash_1766779739_1900881879.mp4,https://t.me/+CgUFCvGWEk84NDQ1,Media
2026-01-26T03:35:22.491321,rj.mahvash_1766825952_1900881879.mp4,https://t.me/+CgUFCvGWEk84NDQ1,Media
2026-01-26T03:35:22.493321,rj.mahvash_1767101134_1900881879.mp4,https://t.me/+CgUFCvGWEk84NDQ1,Media
2026-01-26T03:35:22.494323,rj.mahvash_1767101336_1900881879.mp4,https://t.me/+CgUFCvGWEk84NDQ1,Media
2026-01-26T03:35:22.495321,rj.mahvash_1767101446_1900881879.mp4,https://t.me/+CgUFCvGWEk84NDQ1,Media
2026-01-26T03:35:22.496322,rj.mahvash_1767102208_1900881879.mp4,https://t.me/+CgUFCvGWEk84NDQ1,Media
2026-01-26T03:35:22.498321,rj.mahvash_1767168817_1900881879.mp4,https://t.me/+CgUFCvGWEk84NDQ1,Media
2026-01-26T03:43:44.301282,rj.mahvash_1767223232_1900881879.mp4,https://t.me/+CgUFCvGWEk84NDQ1,Media
2026-01-26T03:43:44.303282,rj.mahvash_1767231985_1900881879.mp4,https://t.me/+CgUFCvGWEk84NDQ1,Media
2026-01-26T03:43:44.304283,rj.mahvash_1767232091_1900881879.mp4,https://t.me/+CgUFCvGWEk84NDQ1,Media
2026-01-26T03:43:44.305281,rj.mahvash_1767232420_1900881879.mp4,https://t.me/+CgUFCvGWEk84NDQ1,Media
2026-01-26T03:43:44.306282,rj.mahvash_1767270123_3800458579548076967_1900881879.mp4,https://t.me/+CgUFCvGWEk84NDQ1,Media
2026-01-26T03:43:44.307282,rj.mahvash_1767270123_3800458614486651505_1900881879.mp4,https://t.me/+CgUFCvGWEk84NDQ1,Media
2026-01-26T03:43:44.308281,rj.mahvash_1767270123_3800458639098824780_1900881879.mp4,https://t.me/+CgUFCvGWEk84NDQ1,Media
2026-01-26T03:43:44.310282,rj.mahvash_1767270123_3800458646447225349_1900881879.mp4,https://t.me/+CgUFCvGWEk84NDQ1,Media
2026-01-26T03:43:44.311281,rj.mahvash_1767270123_3800458667192266073_1900881879.mp4,https://t.me/+CgUFCvGWEk84NDQ1,Media
2026-01-26T03:43:44.313285,rj.mahvash_1767270123_3800458940719609614_1900881879.mp4,https://t.me/+CgUFCvGWEk84NDQ1,Media
2026-01-26T03:44:54.121587,rj.mahvash_1767270123_3800459710290470946_1900881879.jpg,https://t.me/+CgUFCvGWEk84NDQ1,Media
2026-01-26T03:44:54.122588,rj.mahvash_1767270123_3800459710290487358_1900881879.jpg,https://t.me/+CgUFCvGWEk84NDQ1,Media
2026-01-26T03:44:54.123588,rj.mahvash_1767270123_3800459710290505217_1900881879.jpg,https://t.me/+CgUFCvGWEk84NDQ1,Media
2026-01-26T03:44:54.124589,rj.mahvash_1767270123_3800459710290514684_1900881879.jpg,https://t.me/+CgUFCvGWEk84NDQ1,Media
2026-01-26T03:44:54.125589,rj.mahvash_1767270123_3800459710290519036_1900881879.jpg,https://t.me/+CgUFCvGWEk84NDQ1,Media
2026-01-26T03:44:54.126597,rj.mahvash_1767270123_3800459710298901253_1900881879.jpg,https://t.me/+CgUFCvGWEk84NDQ1,Media
2026-01-26T03:44:54.126597,rj.mahvash_1767270123_3800459710307293492_1900881879.jpg,https://t.me/+CgUFCvGWEk84NDQ1,Media
2026-01-26T03:44:54.127589,rj.mahvash_1767270123_3800459710324047059_1900881879.jpg,https://t.me/+CgUFCvGWEk84NDQ1,Media
2026-01-26T03:44:54.128587,rj.mahvash_1767270123_3800459710374392580_1900881879.jpg,https://t.me/+CgUFCvGWEk84NDQ1,Media
2026-01-26T03:44:54.129588,rj.mahvash_1767270123_3800459710458255646_1900881879.jpg,https://t.me/+CgUFCvGWEk84NDQ1,Media
2026-01-26T03:54:13.697440,rj.mahvash_1767270123_3800459710500231650_1900881879.jpg,https://t.me/+CgUFCvGWEk84NDQ1,Media
2026-01-26T03:54:13.700441,rj.mahvash_1767270299_1900881879.mp4,https://t.me/+CgUFCvGWEk84NDQ1,Media
2026-01-26T03:54:13.701441,rj.mahvash_1767272545_1900881879.mp4,https://t.me/+CgUFCvGWEk84NDQ1,Media
2026-01-26T03:54:13.703440,rj.mahvash_1767276908_1900881879.mp4,https://t.me/+CgUFCvGWEk84NDQ1,Media
2026-01-26T03:54:13.703440,rj.mahvash_1767344956_1900881879.mp4,https://t.me/+CgUFCvGWEk84NDQ1,Media
2026-01-26T03:54:13.705439,rj.mahvash_1767345247_1900881879.mp4,https://t.me/+CgUFCvGWEk84NDQ1,Media
2026-01-26T03:54:13.707441,rj.mahvash_1767353052_1900881879.mp4,https://t.me/+CgUFCvGWEk84NDQ1,Media
2026-01-26T03:54:13.708441,rj.mahvash_1767363866_1900881879.mp4,https://t.me/+CgUFCvGWEk84NDQ1,Media
2026-01-26T03:54:13.708441,rj.mahvash_1767364022_1900881879.mp4,https://t.me/+CgUFCvGWEk84NDQ1,Media
2026-01-26T03:54:13.709441,rj.mahvash_1767364654_1900881879.mp4,https://t.me/+CgUFCvGWEk84NDQ1,Media
2026-01-26T04:01:11.312305,rj.mahvash_1767387387_1900881879.mp4,https://t.me/+CgUFCvGWEk84NDQ1,Media
2026-01-26T04:01:11.314306,rj.mahvash_1767474086_1900881879.mp4,https://t.me/+CgUFCvGWEk84NDQ1,Media
2026-01-26T04:01:11.316307,rj.mahvash_1767474172_1900881879.jpg,https://t.me/+CgUFCvGWEk84NDQ1,Media
2026-01-26T04:01:11.318306,rj.mahvash_1767474252_1900881879.mp4,https://t.me/+CgUFCvGWEk84NDQ1,Media
2026-01-26T04:01:11.319305,rj.mahvash_1767474372_1900881879.mp4,https://t.me/+CgUFCvGWEk84NDQ1,Media
2026-01-26T04:01:11.319305,rj.mahvash_1767474680_1900881879.mp4,https://t.me/+CgUFCvGWEk84NDQ1,Media
2026-01-26T04:01:11.320305,rj.mahvash_1767475440_1900881879.mp4,https://t.me/+CgUFCvGWEk84NDQ1,Media
2026-01-26T04:01:11.321305,rj.mahvash_1767625194_1900881879.mp4,https://t.me/+CgUFCvGWEk84NDQ1,Media
2026-01-26T04:01:11.321305,rj.mahvash_1767627806_1900881879.mp4,https://t.me/+CgUFCvGWEk84NDQ1,Media
2026-01-26T04:01:11.323316,rj.mahvash_1767627873_1900881879.mp4,https://t.me/+CgUFCvGWEk84NDQ1,Media
2026-01-26T04:06:46.902479,rj.mahvash_1767629019_1900881879.mp4,https://t.me/+CgUFCvGWEk84NDQ1,Media
2026-01-26T04:06:46.903480,rj.mahvash_1767630213_1900881879.mp4,https://t.me/+CgUFCvGWEk84NDQ1,Media
2026-01-26T04:06:46.904612,rj.mahvash_1767630283_1900881879.mp4,https://t.me/+CgUFCvGWEk84NDQ1,Media
2026-01-26T04:06:46.905615,rj.mahvash_1767635454_1900881879.mp4,https://t.me/+CgUFCvGWEk84NDQ1,Media
2026-01-26T04:06:46.906612,rj.mahvash_1767691860_1900881879.mp4,https://t.me/+CgUFCvGWEk84NDQ1,Media
2026-01-26T04:06:46.907612,rj.mahvash_1767694710_1900881879.mp4,https://t.me/+CgUFCvGWEk84NDQ1,Media
2026-01-26T04:06:46.908612,rj.mahvash_1767713100_1900881879.mp4,https://t.me/+CgUFCvGWEk84NDQ1,Media
2026-01-26T04:06:46.909612,rj.mahvash_1767713437_1900881879.mp4,https://t.me/+CgUFCvGWEk84NDQ1,Media
2026-01-26T04:06:46.911611,rj.mahvash_1768237097_1900881879.mp4,https://t.me/+CgUFCvGWEk84NDQ1,Media
2026-01-26T04:06:46.912612,rj.mahvash_1768309721_1900881879.mp4,https://t.me/+CgUFCvGWEk84NDQ1,Media
2026-01-26T04:12:03.643965,rj.mahvash_1768323919_1900881879.mp4,https://t.me/+CgUFCvGWEk84NDQ1,Media
2026-01-26T04:12:03.643965,rj.mahvash_1768326201_1900881879.mp4,https://t.me/+CgUFCvGWEk84NDQ1,Media
2026-01-26T04:12:03.645964,rj.mahvash_1768570196_1900881879.mp4,https://t.me/+CgUFCvGWEk84NDQ1,Media
2026-01-26T04:12:03.646964,rj.mahvash_1768578576_1900881879.mp4,https://t.me/+CgUFCvGWEk84NDQ1,Media
2026-01-26T04:12:03.646964,rj.mahvash_1768654892_1900881879.mp4,https://t.me/+CgUFCvGWEk84NDQ1,Media
2026-01-26T04:12:03.647965,rj.mahvash_1768856104_1900881879.mp4,https://t.me/+CgUFCvGWEk84NDQ1,Media
2026-01-26T04:12:03.648965,rj.mahvash_1768919788_1900881879.mp4,https://t.me/+CgUFCvGWEk84NDQ1,Media
2026-01-26T04:12:03.650964,rj.mahvash_1768929135_1900881879.mp4,https://t.me/+CgUFCvGWEk84NDQ1,Media
2026-01-26T04:12:03.651964,rj.mahvash_1768929657_1900881879.mp4,https://t.me/+CgUFCvGWEk84NDQ1,Media
2026-01-26T04:12:03.651964,rj.mahvash_1768934905_1900881879.mp4,https://t.me/+CgUFCvGWEk84NDQ1,Media
2026-01-26T04:17:05.966168,rohitsaraiya.official_1768330784_3809356646846093400_34370739922.mp4,https://t.me/+CgUFCvGWEk84NDQ1,Media
2026-01-26T04:17:05.967166,rollmediaofficial_1756985335_3714184471878203962_60290322290.mp4,https://t.me/+CgUFCvGWEk84NDQ1,Media
2026-01-26T04:17:05.969174,romantic__page__89_1764553757_3777673043116147171_72184284481.mp4,https://t.me/+CgUFCvGWEk84NDQ1,Media
2026-01-26T04:17:05.970167,roses.and.spices_1768560118_63374598380.mp4,https://t.me/+CgUFCvGWEk84NDQ1,Media
2026-01-26T04:17:05.970167,roshniwaleya_1764853643_3780187908972980790_67959798287.mp4,https://t.me/+CgUFCvGWEk84NDQ1,Media
2026-01-26T04:17:05.971166,rubinasfp_1767877464_3805554199438849189_57196725439.mp4,https://t.me/+CgUFCvGWEk84NDQ1,Media
2026-01-26T04:17:05.972174,ruchikaakapoor_1767598974_3803218306623136056_435576628.jpg,https://t.me/+CgUFCvGWEk84NDQ1,Media
2026-01-26T04:17:05.973167,ruchikaakapoor_1767598974_3803218306648272048_435576628.jpg,https://t.me/+CgUFCvGWEk84NDQ1,Media
2026-01-26T04:17:05.974166,ruchikaakapoor_1767598974_3803218306925089900_435576628.jpg,https://t.me/+CgUFCvGWEk84NDQ1,Media
2026-01-26T04:17:05.975178,rupalimittal2025_1762149258_3757502066014132088_78095912077.mp4,https://t.me/+CgUFCvGWEk84NDQ1,Media
2026-01-26T04:24:04.507020,rupesh.surve07_1761848183_3754976713265407222_1401632329.mp4,https://t.me/+CgUFCvGWEk84NDQ1,Media
2026-01-26T04:24:04.508029,sachuuu87yt_1768130271_3807674933292114546_70633383851.mp4,https://t.me/+CgUFCvGWEk84NDQ1,Media
2026-01-26T04:24:04.510028,sahilahuja59785_1766989830_3796315610322335823_13735606884.mp4,https://t.me/+CgUFCvGWEk84NDQ1,Media
2026-01-26T04:24:04.512031,sakshimalikk_1766765274_174613709.jpg,https://t.me/+CgUFCvGWEk84NDQ1,Media
2026-01-26T04:24:04.513022,sakshimalikk_1766765722_174613709.mp4,https://t.me/+CgUFCvGWEk84NDQ1,Media
2026-01-26T04:24:04.513022,sakshimalikk_1766765911_174613709.mp4,https://t.me/+CgUFCvGWEk84NDQ1,Media
2026-01-26T04:24:04.514022,sakshimalikk_1766766829_174613709.mp4,https://t.me/+CgUFCvGWEk84NDQ1,Media
2026-01-26T04:24:04.515030,sakshimalikk_1766821524_174613709.mp4,https://t.me/+CgUFCvGWEk84NDQ1,Media
2026-01-26T04:24:04.516023,sakshimalikk_1766821993_174613709.jpg,https://t.me/+CgUFCvGWEk84NDQ1,Media
2026-01-26T04:24:04.516023,sakshimalikk_1766941224_174613709.mp4,https://t.me/+CgUFCvGWEk84NDQ1,Media
2026-01-26T04:27:09.054042,sakshimalikk_1766945825_174613709.mp4,https://t.me/+CgUFCvGWEk84NDQ1,Media
2026-01-26T04:27:09.056048,sakshimalikk_1767009843_174613709.jpg,https://t.me/+CgUFCvGWEk84NDQ1,Media
2026-01-26T04:27:09.058040,sakshimalikk_1767009971_174613709.jpg,https://t.me/+CgUFCvGWEk84NDQ1,Media
2026-01-26T04:27:09.058040,sakshimalikk_1767031323_174613709.jpg,https://t.me/+CgUFCvGWEk84NDQ1,Media
2026-01-26T04:27:09.060039,sakshimalikk_1767031849_174613709.mp4,https://t.me/+CgUFCvGWEk84NDQ1,Media
2026-01-26T04:27:09.061050,sakshimalikk_1767271415_174613709.mp4,https://t.me/+CgUFCvGWEk84NDQ1,Media
2026-01-26T04:27:09.061050,sakshimalikk_1767271623_174613709.mp4,https://t.me/+CgUFCvGWEk84NDQ1,Media
2026-01-26T04:27:09.062040,sakshimalikk_1767279143_174613709.mp4,https://t.me/+CgUFCvGWEk84NDQ1,Media
2026-01-26T04:27:09.063040,sakshimalikk_1767279165_174613709.jpg,https://t.me/+CgUFCvGWEk84NDQ1,Media
2026-01-26T04:27:09.065040,sakshimalikk_1767279655_174613709.jpg,https://t.me/+CgUFCvGWEk84NDQ1,Media
2026-01-26T04:27:49.326763,sakshimalikk_1767280079_174613709.jpg,https://t.me/+CgUFCvGWEk84NDQ1,Media
2026-01-26T04:27:49.327761,sakshimalikk_1767291853_174613709.jpg,https://t.me/+CgUFCvGWEk84NDQ1,Media
2026-01-26T04:27:49.328762,sakshimalikk_1767365392_174613709.jpg,https://t.me/+CgUFCvGWEk84NDQ1,Media
2026-01-26T04:27:49.329761,sakshimalikk_1767366678_174613709.mp4,https://t.me/+CgUFCvGWEk84NDQ1,Media
2026-01-26T04:27:49.330761,sakshimalikk_1767366817_174613709.jpg,https://t.me/+CgUFCvGWEk84NDQ1,Media
2026-01-26T04:27:49.330761,sakshimalikk_1767603741_174613709.jpg,https://t.me/+CgUFCvGWEk84NDQ1,Media
2026-01-26T04:27:49.332770,sakshimalikk_1767630337_174613709.mp4,https://t.me/+CgUFCvGWEk84NDQ1,Media
2026-01-26T04:27:49.332770,sakshimalikk_1767633755_174613709.jpg,https://t.me/+CgUFCvGWEk84NDQ1,Media
2026-01-26T04:27:49.333764,sakshimalikk_1767637603_174613709.jpg,https://t.me/+CgUFCvGWEk84NDQ1,Media
2026-01-26T04:27:49.333764,sakshimalikk_1767709497_174613709.mp4,https://t.me/+CgUFCvGWEk84NDQ1,Media
2026-01-26T04:30:58.868609,sakshimalikk_1768312547_174613709.mp4,https://t.me/+CgUFCvGWEk84NDQ1,Media
2026-01-26T04:30:58.869593,sakshimalikk_1768312618_174613709.mp4,https://t.me/+CgUFCvGWEk84NDQ1,Media
2026-01-26T04:30:58.871553,sakshimalikk_1768407825_174613709.jpg,https://t.me/+CgUFCvGWEk84NDQ1,Media
2026-01-26T04:30:58.872554,sakshimalikk_1768408184_174613709.mp4,https://t.me/+CgUFCvGWEk84NDQ1,Media
2026-01-26T04:30:58.873553,sakshimalikk_1768408269_174613709.mp4,https://t.me/+CgUFCvGWEk84NDQ1,Media
2026-01-26T04:30:58.875073,sakshimalikk_1768563585_174613709.mp4,https://t.me/+CgUFCvGWEk84NDQ1,Media
2026-01-26T04:30:58.877083,sakshimalikk_1768564852_174613709.mp4,https://t.me/+CgUFCvGWEk84NDQ1,Media
2026-01-26T04:30:58.878082,sakshimalikk_1768565114_174613709.jpg,https://t.me/+CgUFCvGWEk84NDQ1,Media
2026-01-26T04:30:58.879082,sakshimalikk_1768905206_174613709.jpg,https://t.me/+CgUFCvGWEk84NDQ1,Media
2026-01-26T04:30:58.880083,salaamlollywood_1768742650_3812812162280381322_63696727459.jpg,https://t.me/+CgUFCvGWEk84NDQ1,Media
2026-01-26T04:38:12.802057,santvani_1768307219_1984935594.mp4,https://t.me/+CgUFCvGWEk84NDQ1,Media
2026-01-26T04:38:12.803058,santvani_1768308650_1984935594.mp4,https://t.me/+CgUFCvGWEk84NDQ1,Media
2026-01-26T04:38:12.804058,santvani_1768315668_1984935594.mp4,https://t.me/+CgUFCvGWEk84NDQ1,Media
2026-01-26T04:38:12.805057,santvani_1768545554_1984935594.mp4,https://t.me/+CgUFCvGWEk84NDQ1,Media
2026-01-26T04:38:12.805057,santvani_1768549810_1984935594.mp4,https://t.me/+CgUFCvGWEk84NDQ1,Media
2026-01-26T04:38:12.807059,santvani_1768561535_1984935594.mp4,https://t.me/+CgUFCvGWEk84NDQ1,Media
2026-01-26T04:38:12.808059,santvani_1768562514_1984935594.mp4,https://t.me/+CgUFCvGWEk84NDQ1,Media
2026-01-26T04:38:12.809058,sarandha_swain_1762181467_3757771998341773086_5536693345.mp4,https://t.me/+CgUFCvGWEk84NDQ1,Media
2026-01-26T04:38:12.810058,saratendulkarr25_1765798499_3788114783863280686_62017901078.mp4,https://t.me/+CgUFCvGWEk84NDQ1,Media
2026-01-26T04:38:12.811058,saratendulkar_1765975541_3789591115470184450_330482866.mp4,https://t.me/+CgUFCvGWEk84NDQ1,Media
2026-01-26T04:39:58.531837,saratendullkar25_1762952753_3764242807293929733_73215043652.mp4,https://t.me/+CgUFCvGWEk84NDQ1,Media
2026-01-26T04:39:58.532846,saregama_official_1768451947_3810373175880463915_2002722256.mp4,https://t.me/+CgUFCvGWEk84NDQ1,Media
2026-01-26T04:39:58.533837,sargun_kaur.luthra_1768217420_3808406207459764080_1645248053.jpg,https://t.me/+CgUFCvGWEk84NDQ1,Media
2026-01-26T04:39:58.534843,sargun_kaur.luthra_1768217420_3808406207459799948_1645248053.jpg,https://t.me/+CgUFCvGWEk84NDQ1,Media
2026-01-26T04:39:58.535838,sargun_kaur.luthra_1768217420_3808406207476570910_1645248053.jpg,https://t.me/+CgUFCvGWEk84NDQ1,Media
2026-01-26T04:39:58.535838,sargun_kaur.luthra_1768217420_3808406207476586266_1645248053.jpg,https://t.me/+CgUFCvGWEk84NDQ1,Media
2026-01-26T04:39:58.537838,sargun_kaur.luthra_1768217420_3808406207476591652_1645248053.jpg,https://t.me/+CgUFCvGWEk84NDQ1,Media
2026-01-26T04:39:58.537838,saru_mukherjee_sharma_1766678321_504957332.jpg,https://t.me/+CgUFCvGWEk84NDQ1,Media
2026-01-26T04:39:58.539154,saru_mukherjee_sharma_1766678542_504957332.mp4,https://t.me/+CgUFCvGWEk84NDQ1,Media
2026-01-26T04:39:58.540366,saru_mukherjee_sharma_1766678680_504957332.jpg,https://t.me/+CgUFCvGWEk84NDQ1,Media
2026-01-26T04:43:09.474624,saru_mukherjee_sharma_1766679011_504957332.mp4,https://t.me/+CgUFCvGWEk84NDQ1,Media
2026-01-26T04:43:09.475623,saru_mukherjee_sharma_1766679081_504957332.mp4,https://t.me/+CgUFCvGWEk84NDQ1,Media
2026-01-26T04:43:09.476623,saru_mukherjee_sharma_1766679334_504957332.mp4,https://t.me/+CgUFCvGWEk84NDQ1,Media
2026-01-26T04:43:09.477624,saru_mukherjee_sharma_1766680531_504957332.jpg,https://t.me/+CgUFCvGWEk84NDQ1,Media
2026-01-26T04:43:09.478791,saru_mukherjee_sharma_1767015329_504957332.jpg,https://t.me/+CgUFCvGWEk84NDQ1,Media
2026-01-26T04:43:09.478791,saru_mukherjee_sharma_1767015503_504957332.jpg,https://t.me/+CgUFCvGWEk84NDQ1,Media
2026-01-26T04:43:09.479801,saru_mukherjee_sharma_1767015653_504957332.jpg,https://t.me/+CgUFCvGWEk84NDQ1,Media
2026-01-26T04:43:09.480799,saru_mukherjee_sharma_1767015818_504957332.mp4,https://t.me/+CgUFCvGWEk84NDQ1,Media
2026-01-26T04:43:09.481800,saru_mukherjee_sharma_1767015909_504957332.mp4,https://t.me/+CgUFCvGWEk84NDQ1,Media
2026-01-26T04:43:09.482808,saru_mukherjee_sharma_1767015970_504957332.jpg,https://t.me/+CgUFCvGWEk84NDQ1,Media
2026-01-26T04:46:29.204214,saru_mukherjee_sharma_1767016021_504957332.mp4,https://t.me/+CgUFCvGWEk84NDQ1,Media
2026-01-26T04:46:29.206215,saru_mukherjee_sharma_1767017072_504957332.mp4,https://t.me/+CgUFCvGWEk84NDQ1,Media
2026-01-26T04:46:29.208215,saru_mukherjee_sharma_1767458239_504957332.jpg,https://t.me/+CgUFCvGWEk84NDQ1,Media
2026-01-26T04:46:29.209215,saru_mukherjee_sharma_1767458466_504957332.mp4,https://t.me/+CgUFCvGWEk84NDQ1,Media
2026-01-26T04:46:29.209215,saru_mukherjee_sharma_1767458569_504957332.jpg,https://t.me/+CgUFCvGWEk84NDQ1,Media
2026-01-26T04:46:29.210214,saru_mukherjee_sharma_1767458783_504957332.jpg,https://t.me/+CgUFCvGWEk84NDQ1,Media
2026-01-26T04:46:29.210214,saru_mukherjee_sharma_1767458839_504957332.jpg,https://t.me/+CgUFCvGWEk84NDQ1,Media
2026-01-26T04:46:29.211215,saru_mukherjee_sharma_1767459109_504957332.jpg,https://t.me/+CgUFCvGWEk84NDQ1,Media
2026-01-26T04:46:29.212216,saru_mukherjee_sharma_1767618811_504957332.mp4,https://t.me/+CgUFCvGWEk84NDQ1,Media
2026-01-26T04:46:29.213215,saru_mukherjee_sharma_1767618955_504957332.jpg,https://t.me/+CgUFCvGWEk84NDQ1,Media
2026-01-26T04:54:04.968917,saru_mukherjee_sharma_1767619197_504957332.mp4,https://t.me/+CgUFCvGWEk84NDQ1,Media
2026-01-26T04:54:04.968917,saru_mukherjee_sharma_1767619481_504957332.mp4,https://t.me/+CgUFCvGWEk84NDQ1,Media
2026-01-26T04:54:04.971916,saru_mukherjee_sharma_1767619679_504957332.mp4,https://t.me/+CgUFCvGWEk84NDQ1,Media
2026-01-26T04:54:04.973916,saru_mukherjee_sharma_1767620085_504957332.mp4,https://t.me/+CgUFCvGWEk84NDQ1,Media
2026-01-26T04:54:04.973916,saru_mukherjee_sharma_1768302125_504957332.jpg,https://t.me/+CgUFCvGWEk84NDQ1,Media
2026-01-26T04:54:04.974916,saru_mukherjee_sharma_1768303056_504957332.jpg,https://t.me/+CgUFCvGWEk84NDQ1,Media
2026-01-26T04:54:04.975915,saru_mukherjee_sharma_1768303272_504957332.mp4,https://t.me/+CgUFCvGWEk84NDQ1,Media
2026-01-26T04:54:04.976916,saru_mukherjee_sharma_1768303539_504957332.mp4,https://t.me/+CgUFCvGWEk84NDQ1,Media
2026-01-26T04:54:04.977917,saru_mukherjee_sharma_1768303705_504957332.jpg,https://t.me/+CgUFCvGWEk84NDQ1,Media
2026-01-26T04:54:04.977917,saru_mukherjee_sharma_1768303780_504957332.mp4,https://t.me/+CgUFCvGWEk84NDQ1,Media
2026-01-26T04:56:37.452869,saru_mukherjee_sharma_1768304003_504957332.mp4,https://t.me/+CgUFCvGWEk84NDQ1,Media
2026-01-26T04:56:37.453871,saru_mukherjee_sharma_1768304127_504957332.mp4,https://t.me/+CgUFCvGWEk84NDQ1,Media
2026-01-26T04:56:37.454871,saru_mukherjee_sharma_1768304202_504957332.mp4,https://t.me/+CgUFCvGWEk84NDQ1,Media
2026-01-26T04:56:37.455870,saru_mukherjee_sharma_1768304224_504957332.mp4,https://t.me/+CgUFCvGWEk84NDQ1,Media
2026-01-26T04:56:37.456870,saru_mukherjee_sharma_1768398379_504957332.jpg,https://t.me/+CgUFCvGWEk84NDQ1,Media
2026-01-26T04:56:37.457868,saru_mukherjee_sharma_1768400278_504957332.mp4,https://t.me/+CgUFCvGWEk84NDQ1,Media
2026-01-26T04:56:37.459868,saru_mukherjee_sharma_1768400740_504957332.jpg,https://t.me/+CgUFCvGWEk84NDQ1,Media
2026-01-26T04:56:37.459868,saru_mukherjee_sharma_1768400928_504957332.jpg,https://t.me/+CgUFCvGWEk84NDQ1,Media
2026-01-26T04:56:37.460869,saru_mukherjee_sharma_1768401427_504957332.jpg,https://t.me/+CgUFCvGWEk84NDQ1,Media
2026-01-26T04:56:37.461884,saru_mukherjee_sharma_1768401798_504957332.jpg,https://t.me/+CgUFCvGWEk84NDQ1,Media
2026-01-26T04:59:09.870864,saru_mukherjee_sharma_1768402095_504957332.jpg,https://t.me/+CgUFCvGWEk84NDQ1,Media
2026-01-26T04:59:09.871863,saru_mukherjee_sharma_1768407177_504957332.jpg,https://t.me/+CgUFCvGWEk84NDQ1,Media
2026-01-26T04:59:09.872864,saru_mukherjee_sharma_1768407348_504957332.mp4,https://t.me/+CgUFCvGWEk84NDQ1,Media
2026-01-26T04:59:09.872864,saru_mukherjee_sharma_1768563145_504957332.jpg,https://t.me/+CgUFCvGWEk84NDQ1,Media
2026-01-26T04:59:09.873864,saru_mukherjee_sharma_1768564504_504957332.mp4,https://t.me/+CgUFCvGWEk84NDQ1,Media
2026-01-26T04:59:09.874864,saru_mukherjee_sharma_1768566563_504957332.mp4,https://t.me/+CgUFCvGWEk84NDQ1,Media
2026-01-26T04:59:09.875863,saru_mukherjee_sharma_1768566803_504957332.jpg,https://t.me/+CgUFCvGWEk84NDQ1,Media
2026-01-26T04:59:09.875863,saru_mukherjee_sharma_1768567087_504957332.jpg,https://t.me/+CgUFCvGWEk84NDQ1,Media
2026-01-26T04:59:09.876863,saru_mukherjee_sharma_1768585284_504957332.jpg,https://t.me/+CgUFCvGWEk84NDQ1,Media
2026-01-26T04:59:09.877863,saru_mukherjee_sharma_1768586554_504957332.jpg,https://t.me/+CgUFCvGWEk84NDQ1,Media
2026-01-26T05:02:33.617528,saru_mukherjee_sharma_1768730997_504957332.mp4,https://t.me/+CgUFCvGWEk84NDQ1,Media
2026-01-26T05:02:33.617528,saru_mukherjee_sharma_1768731180_504957332.jpg,https://t.me/+CgUFCvGWEk84NDQ1,Media
2026-01-26T05:02:33.619527,saru_mukherjee_sharma_1768731631_504957332.mp4,https://t.me/+CgUFCvGWEk84NDQ1,Media
2026-01-26T05:02:33.619527,saru_mukherjee_sharma_1768732016_504957332.mp4,https://t.me/+CgUFCvGWEk84NDQ1,Media
2026-01-26T05:02:33.620528,saru_mukherjee_sharma_1768732722_504957332.mp4,https://t.me/+CgUFCvGWEk84NDQ1,Media
2026-01-26T05:02:33.621529,saumyasaraswatt_1767243992_2343862157.mp4,https://t.me/+CgUFCvGWEk84NDQ1,Media
2026-01-26T05:02:33.622527,saumyasaraswatt_1767248444_2343862157.mp4,https://t.me/+CgUFCvGWEk84NDQ1,Media
2026-01-26T05:02:33.624528,saumyasaraswatt_1767256027_2343862157.mp4,https://t.me/+CgUFCvGWEk84NDQ1,Media
2026-01-26T05:02:33.625527,saumyasaraswatt_1767371453_2343862157.mp4,https://t.me/+CgUFCvGWEk84NDQ1,Media
2026-01-26T05:02:33.625527,saumyasaraswatt_1767374030_2343862157.mp4,https://t.me/+CgUFCvGWEk84NDQ1,Media
2026-01-26T05:05:06.132992,saumyasaraswatt_1767610890_2343862157.mp4,https://t.me/+CgUFCvGWEk84NDQ1,Media
2026-01-26T05:05:06.133992,saumyasaraswatt_1767617286_2343862157.mp4,https://t.me/+CgUFCvGWEk84NDQ1,Media
2026-01-26T05:05:06.135991,saumyasaraswatt_1767680183_2343862157.mp4,https://t.me/+CgUFCvGWEk84NDQ1,Media
2026-01-26T05:05:06.135991,saumyasaraswatt_1767689520_2343862157.jpg,https://t.me/+CgUFCvGWEk84NDQ1,Media
2026-01-26T05:05:06.136994,saumyasaraswatt_1767704326_2343862157.mp4,https://t.me/+CgUFCvGWEk84NDQ1,Media
2026-01-26T05:05:06.137992,saumyasaraswatt_1768203898_2343862157.mp4,https://t.me/+CgUFCvGWEk84NDQ1,Media
2026-01-26T05:05:06.139013,saumyasaraswatt_1768231269_2343862157.mp4,https://t.me/+CgUFCvGWEk84NDQ1,Media
2026-01-26T05:05:06.139992,saumyasaraswatt_1768232087_2343862157.mp4,https://t.me/+CgUFCvGWEk84NDQ1,Media
2026-01-26T05:05:06.140992,saumyasaraswatt_1768235517_2343862157.mp4,https://t.me/+CgUFCvGWEk84NDQ1,Media
2026-01-26T05:05:06.140992,saumyasaraswatt_1768364366_2343862157.mp4,https://t.me/+CgUFCvGWEk84NDQ1,Media
2026-01-26T05:08:24.624252,saumyasaraswatt_1768364693_2343862157.jpg,https://t.me/+CgUFCvGWEk84NDQ1,Media
2026-01-26T05:08:24.625252,saumyasaraswatt_1768365455_2343862157.mp4,https://t.me/+CgUFCvGWEk84NDQ1,Media
2026-01-26T05:08:24.627253,saumyasaraswatt_1768374151_2343862157.mp4,https://t.me/+CgUFCvGWEk84NDQ1,Media
2026-01-26T05:08:24.628255,saumyasaraswatt_1768388958_2343862157.mp4,https://t.me/+CgUFCvGWEk84NDQ1,Media
2026-01-26T05:08:24.630253,saumyasaraswatt_1768400016_2343862157.jpg,https://t.me/+CgUFCvGWEk84NDQ1,Media
2026-01-26T05:08:24.631253,saumyasaraswatt_1768571393_2343862157.mp4,https://t.me/+CgUFCvGWEk84NDQ1,Media
2026-01-26T05:08:24.632253,saumyasaraswatt_1768637636_2343862157.mp4,https://t.me/+CgUFCvGWEk84NDQ1,Media
2026-01-26T05:08:24.632253,saumyasaraswatt_1768665915_2343862157.mp4,https://t.me/+CgUFCvGWEk84NDQ1,Media
2026-01-26T05:08:24.633251,saumyasaraswatt_1768667347_2343862157.mp4,https://t.me/+CgUFCvGWEk84NDQ1,Media
2026-01-26T05:08:24.634252,saumyasaraswatt_1768848393_2343862157.mp4,https://t.me/+CgUFCvGWEk84NDQ1,Media
2026-01-26T05:14:24.954190,saumyasaraswatt_1768883964_2343862157.mp4,https://t.me/+CgUFCvGWEk84NDQ1,Media
2026-01-26T05:14:24.956199,saumyasaraswatt_1768918928_2343862157.mp4,https://t.me/+CgUFCvGWEk84NDQ1,Media
2026-01-26T05:14:24.957200,sehban_azim_1768202184_322738911.mp4,https://t.me/+CgUFCvGWEk84NDQ1,Media
2026-01-26T05:14:24.958199,sehban_azim_1768203034_322738911.mp4,https://t.me/+CgUFCvGWEk84NDQ1,Media
2026-01-26T05:14:24.959197,sehban_azim_1768211790_322738911.mp4,https://t.me/+CgUFCvGWEk84NDQ1,Media
2026-01-26T05:14:24.961197,sehban_azim_1768217381_322738911.mp4,https://t.me/+CgUFCvGWEk84NDQ1,Media
2026-01-26T05:14:24.961197,sehban_azim_1768218523_322738911.mp4,https://t.me/+CgUFCvGWEk84NDQ1,Media
2026-01-26T05:14:24.963199,sehban_azim_1768223753_322738911.mp4,https://t.me/+CgUFCvGWEk84NDQ1,Media
2026-01-26T05:14:24.964197,sentheicon_1767594801_3803182192642720407_66871147892.mp4,https://t.me/+CgUFCvGWEk84NDQ1,Media
2026-01-26T05:14:24.965197,shadabhussainsiddiquishsblog_1765484900_3785482000502316186_16721642964.mp4,https://t.me/+CgUFCvGWEk84NDQ1,Media
2026-01-26T05:51:35.073088,shakeelsbyzeeshandanish_1767974507_3806367992536450023_6024512703.mp4,https://t.me/+CgUFCvGWEk84NDQ1,Media
2026-01-26T05:51:35.087088,shanzayylodhii_1767183323_3799731573923255389_3711944186.jpg,https://t.me/+CgUFCvGWEk84NDQ1,Media
2026-01-26T05:51:35.088088,shanzayylodhii_1767183323_3799731573923290790_3711944186.jpg,https://t.me/+CgUFCvGWEk84NDQ1,Media
2026-01-26T05:51:35.089088,shanzayylodhii_1767183323_3799731573931647152_3711944186.jpg,https://t.me/+CgUFCvGWEk84NDQ1,Media
2026-01-26T05:51:35.090088,shanzayylodhii_1767183323_3799731573931654532_3711944186.jpg,https://t.me/+CgUFCvGWEk84NDQ1,Media
2026-01-26T05:51:35.091092,shanzayylodhii_1767183323_3799731573931688372_3711944186.jpg,https://t.me/+CgUFCvGWEk84NDQ1,Media
2026-01-26T05:51:35.092092,shanzayylodhii_1767183323_3799731573940046882_3711944186.jpg,https://t.me/+CgUFCvGWEk84NDQ1,Media
2026-01-26T05:51:35.093093,shanzayylodhii_1767183323_3799731573940066199_3711944186.jpg,https://t.me/+CgUFCvGWEk84NDQ1,Media
2026-01-26T05:51:35.094092,shanzayylodhii_1767183323_3799731573940076041_3711944186.jpg,https://t.me/+CgUFCvGWEk84NDQ1,Media
2026-01-26T05:51:35.095092,shanzayylodhii_1767183323_3799731573940079866_3711944186.jpg,https://t.me/+CgUFCvGWEk84NDQ1,Media
2026-01-26T05:52:02.603088,shanzayylodhii_1767183323_3799731573940087049_3711944186.jpg,https://t.me/+CgUFCvGWEk84NDQ1,Media
2026-01-26T05:52:02.605089,shanzayylodhii_1768314933_3809224206177545580_3711944186.jpg,https://t.me/+CgUFCvGWEk84NDQ1,Media
2026-01-26T05:52:02.607171,shanzayylodhii_1768314933_3809224206177556399_3711944186.jpg,https://t.me/+CgUFCvGWEk84NDQ1,Media
2026-01-26T05:52:02.609230,shanzayylodhii_1768314933_3809224206177556523_3711944186.jpg,https://t.me/+CgUFCvGWEk84NDQ1,Media
2026-01-26T05:52:02.611222,shanzayylodhii_1768314933_3809224206177598250_3711944186.jpg,https://t.me/+CgUFCvGWEk84NDQ1,Media
2026-01-26T05:52:02.612163,shanzayylodhii_1768314933_3809224206185980468_3711944186.jpg,https://t.me/+CgUFCvGWEk84NDQ1,Media
2026-01-26T05:52:02.613165,shanzayylodhii_1768314933_3809224206320182053_3711944186.jpg,https://t.me/+CgUFCvGWEk84NDQ1,Media
2026-01-26T05:52:02.614166,shanzayylodhii_1768314933_3809224206496308198_3711944186.jpg,https://t.me/+CgUFCvGWEk84NDQ1,Media
2026-01-26T05:52:02.615171,shanzayylodhii_1768314933_3809224206504724848_3711944186.jpg,https://t.me/+CgUFCvGWEk84NDQ1,Media
2026-01-26T05:52:02.615171,sharvari_1766575457_3794632426128173949_441646638.jpg,https://t.me/+CgUFCvGWEk84NDQ1,Media
2026-01-26T05:59:13.339425,sharvari_1766575457_3794632426128178785_441646638.jpg,https://t.me/+CgUFCvGWEk84NDQ1,Media
2026-01-26T05:59:13.340424,sharvari_1766575457_3794632426128206968_441646638.jpg,https://t.me/+CgUFCvGWEk84NDQ1,Media
2026-01-26T05:59:13.341424,sharvari_1766575457_3794632426136562178_441646638.jpg,https://t.me/+CgUFCvGWEk84NDQ1,Media
2026-01-26T05:59:13.342438,sharvari_1766575457_3794632426144974954_441646638.jpg,https://t.me/+CgUFCvGWEk84NDQ1,Media
2026-01-26T05:59:13.342438,sharvari_1766575457_3794632426212070882_441646638.jpg,https://t.me/+CgUFCvGWEk84NDQ1,Media
2026-01-26T05:59:13.343424,sharvari_1766575457_3794632426346290841_441646638.jpg,https://t.me/+CgUFCvGWEk84NDQ1,Media
2026-01-26T05:59:13.344424,shawnchikhodrawala_1766981789_3798040514830970225_24343581243.mp4,https://t.me/+CgUFCvGWEk84NDQ1,Media
2026-01-26T05:59:13.345425,shawnchikhodrawala_1767068347_3798766545363692697_24343581243.mp4,https://t.me/+CgUFCvGWEk84NDQ1,Media
2026-01-26T05:59:13.346424,shekhar12478_1767160694_3799541241651305171_54093298715.mp4,https://t.me/+CgUFCvGWEk84NDQ1,Media
2026-01-26T05:59:13.347424,shetroublemaker_1767522107_3802570904434385280_277581011.mp4,https://t.me/+CgUFCvGWEk84NDQ1,Media
2026-01-26T06:08:37.489624,shirls_setia_1765093266_15717349521.jpg,https://t.me/+CgUFCvGWEk84NDQ1,Media
2026-01-26T06:08:37.490624,shirls_setia_1765093266_15717349521.jpg,https://t.me/+CgUFCvGWEk84NDQ1,Media
2026-01-26T06:08:37.490624,shivamgroverofficial_1765797130_3788103214655761107_2094016741.mp4,https://t.me/+CgUFCvGWEk84NDQ1,Media
2026-01-26T06:08:37.491624,shivamgroverofficial_1768302800_3809121365845486521_2094016741.mp4,https://t.me/+CgUFCvGWEk84NDQ1,Media
2026-01-26T06:08:37.493625,shivangis.era_1767013524_3798306617977731934_60693807047.mp4,https://t.me/+CgUFCvGWEk84NDQ1,Media
2026-01-26T06:08:37.494627,shivangisluv_1766312023_3792422241813296331_53403556399.mp4,https://t.me/+CgUFCvGWEk84NDQ1,Media
2026-01-26T06:08:37.495625,shivangisreza_1764404263_3776417263239896124_52678193908.mp4,https://t.me/+CgUFCvGWEk84NDQ1,Media
2026-01-26T06:08:37.496625,shivangisreza_1767186106_3799752963330791054_52678193908.mp4,https://t.me/+CgUFCvGWEk84NDQ1,Media
2026-01-26T06:08:37.498623,shobhaswathireddy_1759542649_3735636230601413392_64888312402.mp4,https://t.me/+CgUFCvGWEk84NDQ1,Media
2026-01-26T06:08:37.498623,showbizwithowi_1765474497_3785396630863392191_60762781657.mp4,https://t.me/+CgUFCvGWEk84NDQ1,Media
2026-01-26T06:11:13.055557,shraddhacrazenzz_1766306457_3792375530294245535_60933970727.mp4,https://t.me/+CgUFCvGWEk84NDQ1,Media
2026-01-26T06:11:13.056557,shraddhamusale_1767353099_1620250485.mp4,https://t.me/+CgUFCvGWEk84NDQ1,Media
2026-01-26T06:11:13.058061,shraddhamusale_1767367037_1620250485.mp4,https://t.me/+CgUFCvGWEk84NDQ1,Media
2026-01-26T06:11:13.059065,shraddhamusale_1767368066_1620250485.mp4,https://t.me/+CgUFCvGWEk84NDQ1,Media
2026-01-26T06:11:13.059065,shraddhamusale_1767778149_1620250485.jpg,https://t.me/+CgUFCvGWEk84NDQ1,Media
2026-01-26T06:11:13.060065,shraddhamusale_1767778149_1620250485.jpg,https://t.me/+CgUFCvGWEk84NDQ1,Media
2026-01-26T06:11:13.061066,shraddhamusale_1767778602_1620250485.jpg,https://t.me/+CgUFCvGWEk84NDQ1,Media
2026-01-26T06:11:13.062065,shraddhamusale_1767778602_1620250485.jpg,https://t.me/+CgUFCvGWEk84NDQ1,Media
2026-01-26T06:11:13.062065,shradhaluthra_1768295994_3809063266220341665_209682342.mp4,https://t.me/+CgUFCvGWEk84NDQ1,Media
2026-01-26T06:11:13.063066,shriya_saran1109_1766638875_1664782476.mp4,https://t.me/+CgUFCvGWEk84NDQ1,Media
2026-01-26T06:18:37.619295,shriya_saran1109_1766651324_1664782476.mp4,https://t.me/+CgUFCvGWEk84NDQ1,Media
2026-01-26T06:18:37.621295,shriya_saran1109_1766651478_1664782476.mp4,https://t.me/+CgUFCvGWEk84NDQ1,Media
2026-01-26T06:18:37.622336,shriya_saran1109_1766651538_1664782476.mp4,https://t.me/+CgUFCvGWEk84NDQ1,Media
2026-01-26T06:18:37.623295,shriya_saran1109_1766651680_1664782476.mp4,https://t.me/+CgUFCvGWEk84NDQ1,Media
2026-01-26T06:18:37.624295,shriya_saran1109_1766651738_1664782476.mp4,https://t.me/+CgUFCvGWEk84NDQ1,Media
2026-01-26T06:18:37.625295,shriya_saran1109_1766651760_1664782476.mp4,https://t.me/+CgUFCvGWEk84NDQ1,Media
2026-01-26T06:18:37.626295,shriya_saran1109_1766651846_1664782476.mp4,https://t.me/+CgUFCvGWEk84NDQ1,Media
2026-01-26T06:18:37.627295,shriya_saran1109_1766651880_1664782476.mp4,https://t.me/+CgUFCvGWEk84NDQ1,Media
2026-01-26T06:18:37.627295,shriya_saran1109_1766651921_1664782476.mp4,https://t.me/+CgUFCvGWEk84NDQ1,Media
2026-01-26T06:18:37.629751,shriya_saran1109_1766651935_1664782476.mp4,https://t.me/+CgUFCvGWEk84NDQ1,Media
2026-01-26T06:21:37.360471,shriya_saran1109_1766676405_1664782476.mp4,https://t.me/+CgUFCvGWEk84NDQ1,Media
2026-01-26T06:21:37.361974,shriya_saran1109_1767104126_1664782476.jpg,https://t.me/+CgUFCvGWEk84NDQ1,Media
2026-01-26T06:21:37.362977,shriya_saran1109_1767158893_1664782476.mp4,https://t.me/+CgUFCvGWEk84NDQ1,Media
2026-01-26T06:21:37.363977,shriya_saran1109_1767327355_1664782476.mp4,https://t.me/+CgUFCvGWEk84NDQ1,Media
2026-01-26T06:21:37.364977,shriya_saran1109_1767348672_1664782476.jpg,https://t.me/+CgUFCvGWEk84NDQ1,Media
2026-01-26T06:21:37.364977,shriya_saran1109_1767348700_1664782476.jpg,https://t.me/+CgUFCvGWEk84NDQ1,Media
2026-01-26T06:21:37.365979,shriya_saran1109_1767349060_1664782476.jpg,https://t.me/+CgUFCvGWEk84NDQ1,Media
2026-01-26T06:21:37.366978,shriya_saran1109_1767349095_1664782476.mp4,https://t.me/+CgUFCvGWEk84NDQ1,Media
2026-01-26T06:21:37.367977,shriya_saran1109_1767349112_1664782476.jpg,https://t.me/+CgUFCvGWEk84NDQ1,Media
2026-01-26T06:21:37.367977,shriya_saran1109_1767349128_1664782476.jpg,https://t.me/+CgUFCvGWEk84NDQ1,Media
2026-01-26T06:27:11.853766,shriya_saran1109_1767349143_1664782476.mp4,https://t.me/+CgUFCvGWEk84NDQ1,Media
2026-01-26T06:27:11.854766,shriya_saran1109_1767349158_1664782476.mp4,https://t.me/+CgUFCvGWEk84NDQ1,Media
2026-01-26T06:27:11.855765,shriya_saran1109_1767349212_1664782476.jpg,https://t.me/+CgUFCvGWEk84NDQ1,Media
2026-01-26T06:27:11.856765,shriya_saran1109_1767349240_1664782476.mp4,https://t.me/+CgUFCvGWEk84NDQ1,Media
2026-01-26T06:27:11.857766,shriya_saran1109_1768684400_1664782476.mp4,https://t.me/+CgUFCvGWEk84NDQ1,Media
2026-01-26T06:27:11.858766,shriya_saran1109_1768719515_1664782476.mp4,https://t.me/+CgUFCvGWEk84NDQ1,Media
2026-01-26T06:27:11.859766,shrutiisharmaa_1768640892_1019902516.mp4,https://t.me/+CgUFCvGWEk84NDQ1,Media
2026-01-26T06:27:11.860766,shrutiisharmaa_1768640912_1019902516.mp4,https://t.me/+CgUFCvGWEk84NDQ1,Media
2026-01-26T06:27:11.861766,shrutiisharmaa_1768668415_1019902516.mp4,https://t.me/+CgUFCvGWEk84NDQ1,Media
2026-01-26T06:27:11.861766,shrutiisharmaa_1768669755_1019902516.mp4,https://t.me/+CgUFCvGWEk84NDQ1,Media
2026-01-26T06:29:29.459200,shrutiisharmaa_1768669759_1019902516.mp4,https://t.me/+CgUFCvGWEk84NDQ1,Media
2026-01-26T06:29:29.460201,shutterdown.in_1765872968_3788738675384510120_1221762988.mp4,https://t.me/+CgUFCvGWEk84NDQ1,Media
2026-01-26T06:29:29.461200,siddhiisharma____1767016312_35295105097.mp4,https://t.me/+CgUFCvGWEk84NDQ1,Media
2026-01-26T06:29:29.462201,siddhiisharma____1767029388_35295105097.mp4,https://t.me/+CgUFCvGWEk84NDQ1,Media
2026-01-26T06:29:29.463203,siddhiisharma____1767032114_35295105097.mp4,https://t.me/+CgUFCvGWEk84NDQ1,Media
2026-01-26T06:29:29.463203,siddhiisharma____1767032141_35295105097.mp4,https://t.me/+CgUFCvGWEk84NDQ1,Media
2026-01-26T06:29:29.464201,siddhiisharma____1767032169_35295105097.mp4,https://t.me/+CgUFCvGWEk84NDQ1,Media
2026-01-26T06:29:29.465205,siddhiisharma____1767032214_35295105097.mp4,https://t.me/+CgUFCvGWEk84NDQ1,Media
2026-01-26T06:29:29.466206,siddhiisharma____1767032302_35295105097.mp4,https://t.me/+CgUFCvGWEk84NDQ1,Media
2026-01-26T06:29:29.467206,siddhiisharma____1767032762_35295105097.mp4,https://t.me/+CgUFCvGWEk84NDQ1,Media
2026-01-26T06:32:21.343817,siddhiisharma____1767032776_35295105097.mp4,https://t.me/+CgUFCvGWEk84NDQ1,Media
2026-01-26T06:32:21.344819,siddhiisharma____1767079890_35295105097.mp4,https://t.me/+CgUFCvGWEk84NDQ1,Media
2026-01-26T06:32:21.345819,signi.world_1767241800_3800222209604952632_67013720944.mp4,https://t.me/+CgUFCvGWEk84NDQ1,Media
2026-01-26T06:32:21.346819,silent__kniight_1768367063_1933046847.jpg,https://t.me/+CgUFCvGWEk84NDQ1,Media
2026-01-26T06:32:21.347818,silent__kniight_1768373350_1933046847.mp4,https://t.me/+CgUFCvGWEk84NDQ1,Media
2026-01-26T06:32:21.347818,silent__kniight_1768406727_1933046847.jpg,https://t.me/+CgUFCvGWEk84NDQ1,Media
2026-01-26T06:32:21.348819,simratkaur_16_1767365285_2203119031.mp4,https://t.me/+CgUFCvGWEk84NDQ1,Media
2026-01-26T06:32:21.349816,simratkaur_16_1768740594_2203119031.jpg,https://t.me/+CgUFCvGWEk84NDQ1,Media
2026-01-26T06:32:21.351831,simratkaur_16_1768741789_2203119031.jpg,https://t.me/+CgUFCvGWEk84NDQ1,Media
2026-01-26T06:32:21.352816,sindhusampathstyles_1766505364_3794043028320193481_619154957.mp4,https://t.me/+CgUFCvGWEk84NDQ1,Media
2026-01-26T06:33:57.212185,sonambajwa_1766921447_761860826.jpg,https://t.me/+CgUFCvGWEk84NDQ1,Media
2026-01-26T06:33:57.213185,sonambajwa_1766921466_761860826.jpg,https://t.me/+CgUFCvGWEk84NDQ1,Media
2026-01-26T06:33:57.215185,sonambajwa_1766922925_761860826.mp4,https://t.me/+CgUFCvGWEk84NDQ1,Media
2026-01-26T06:33:57.215185,sonambajwa_1766936010_761860826.mp4,https://t.me/+CgUFCvGWEk84NDQ1,Media
2026-01-26T06:33:57.216185,sonambajwa_1767081749_3798879511333326414_761860826.jpg,https://t.me/+CgUFCvGWEk84NDQ1,Media
2026-01-26T06:33:57.217185,sonambajwa_1767081749_3798879511618520771_761860826.jpg,https://t.me/+CgUFCvGWEk84NDQ1,Media
2026-01-26T06:33:57.218185,sonambajwa_1767081749_3798879511677283962_761860826.jpg,https://t.me/+CgUFCvGWEk84NDQ1,Media
2026-01-26T06:33:57.219185,sonambajwa_1767094372_761860826.jpg,https://t.me/+CgUFCvGWEk84NDQ1,Media
2026-01-26T06:33:57.219185,sonambajwa_1767101387_761860826.mp4,https://t.me/+CgUFCvGWEk84NDQ1,Media
2026-01-26T06:33:57.220186,sonambajwa_1767109896_761860826.mp4,https://t.me/+CgUFCvGWEk84NDQ1,Media
2026-01-26T06:36:47.134385,sonambajwa_1767111668_761860826.mp4,https://t.me/+CgUFCvGWEk84NDQ1,Media
2026-01-26T06:36:47.135385,sonambajwa_1767112540_761860826.mp4,https://t.me/+CgUFCvGWEk84NDQ1,Media
2026-01-26T06:36:47.135385,sonambajwa_1767333571_761860826.mp4,https://t.me/+CgUFCvGWEk84NDQ1,Media
2026-01-26T06:36:47.136385,sonambajwa_1767337771_761860826.mp4,https://t.me/+CgUFCvGWEk84NDQ1,Media
2026-01-26T06:36:47.137385,sonambajwa_1767337780_761860826.jpg,https://t.me/+CgUFCvGWEk84NDQ1,Media
2026-01-26T06:36:47.138384,sonambajwa_1767339698_761860826.mp4,https://t.me/+CgUFCvGWEk84NDQ1,Media
2026-01-26T06:36:47.138384,sonambajwa_1767345072_761860826.mp4,https://t.me/+CgUFCvGWEk84NDQ1,Media
2026-01-26T06:36:47.139400,sonambajwa_1767346361_761860826.mp4,https://t.me/+CgUFCvGWEk84NDQ1,Media
2026-01-26T06:36:47.140386,sonambajwa_1767347239_761860826.mp4,https://t.me/+CgUFCvGWEk84NDQ1,Media
2026-01-26T06:36:47.141384,sonambajwa_1767347393_761860826.mp4,https://t.me/+CgUFCvGWEk84NDQ1,Media
2026-01-26T06:40:16.798365,sonambajwa_1767348198_761860826.mp4,https://t.me/+CgUFCvGWEk84NDQ1,Media
2026-01-26T06:40:16.800526,sonambajwa_1767359909_761860826.mp4,https://t.me/+CgUFCvGWEk84NDQ1,Media
2026-01-26T06:40:16.801365,sonambajwa_1767363992_761860826.mp4,https://t.me/+CgUFCvGWEk84NDQ1,Media
2026-01-26T06:40:16.803360,sonambajwa_1767364162_761860826.mp4,https://t.me/+CgUFCvGWEk84NDQ1,Media
2026-01-26T06:40:16.804360,sonambajwa_1767367120_761860826.mp4,https://t.me/+CgUFCvGWEk84NDQ1,Media
2026-01-26T06:40:16.805361,sonambajwa_1767369096_761860826.mp4,https://t.me/+CgUFCvGWEk84NDQ1,Media
2026-01-26T06:40:16.805361,sonambajwa_1767370117_761860826.mp4,https://t.me/+CgUFCvGWEk84NDQ1,Media
2026-01-26T06:40:16.806361,sonambajwa_1767370172_761860826.mp4,https://t.me/+CgUFCvGWEk84NDQ1,Media
2026-01-26T06:40:16.807363,sonambajwa_1767370201_761860826.mp4,https://t.me/+CgUFCvGWEk84NDQ1,Media
2026-01-26T06:40:16.807363,sonambajwa_1767370366_761860826.mp4,https://t.me/+CgUFCvGWEk84NDQ1,Media
2026-01-26T06:48:45.998219,sonambajwa_1767379563_761860826.mp4,https://t.me/+CgUFCvGWEk84NDQ1,Media
2026-01-26T06:48:46.000233,sonambajwa_1767430551_761860826.mp4,https://t.me/+CgUFCvGWEk84NDQ1,Media
2026-01-26T06:48:46.002233,sonambajwa_1767434703_761860826.mp4,https://t.me/+CgUFCvGWEk84NDQ1,Media
2026-01-26T06:48:46.004232,sonambajwa_1767454753_761860826.mp4,https://t.me/+CgUFCvGWEk84NDQ1,Media
2026-01-26T06:48:46.005233,sonambajwa_1767458736_761860826.jpg,https://t.me/+CgUFCvGWEk84NDQ1,Media
2026-01-26T06:48:46.006233,sonambajwa_1767596939_761860826.mp4,https://t.me/+CgUFCvGWEk84NDQ1,Media
2026-01-26T06:48:46.007858,sonambajwa_1767600923_761860826.mp4,https://t.me/+CgUFCvGWEk84NDQ1,Media
2026-01-26T06:48:46.008862,sonambajwa_1767603038_761860826.mp4,https://t.me/+CgUFCvGWEk84NDQ1,Media
2026-01-26T06:48:46.008862,sonambajwa_1767603644_761860826.mp4,https://t.me/+CgUFCvGWEk84NDQ1,Media
2026-01-26T06:48:46.009862,sonambajwa_1767624062_761860826.mp4,https://t.me/+CgUFCvGWEk84NDQ1,Media
2026-01-26T06:53:53.299816,sonambajwa_1767624292_761860826.mp4,https://t.me/+CgUFCvGWEk84NDQ1,Media
2026-01-26T06:53:53.301319,sonambajwa_1767636598_761860826.mp4,https://t.me/+CgUFCvGWEk84NDQ1,Media
2026-01-26T06:53:53.302324,sonambajwa_1767636645_761860826.mp4,https://t.me/+CgUFCvGWEk84NDQ1,Media
2026-01-26T06:53:53.303766,sonambajwa_1768189646_761860826.mp4,https://t.me/+CgUFCvGWEk84NDQ1,Media
2026-01-26T06:53:53.305282,sonambajwa_1768196084_761860826.mp4,https://t.me/+CgUFCvGWEk84NDQ1,Media
2026-01-26T06:53:53.305282,sonambajwa_1768196331_761860826.mp4,https://t.me/+CgUFCvGWEk84NDQ1,Media
2026-01-26T06:53:53.307280,sonambajwa_1768201592_761860826.mp4,https://t.me/+CgUFCvGWEk84NDQ1,Media
2026-01-26T06:53:53.308280,sonambajwa_1768204358_761860826.mp4,https://t.me/+CgUFCvGWEk84NDQ1,Media
2026-01-26T06:53:53.309282,sonambajwa_1768204671_761860826.mp4,https://t.me/+CgUFCvGWEk84NDQ1,Media
2026-01-26T06:53:53.310281,sonambajwa_1768213398_761860826.mp4,https://t.me/+CgUFCvGWEk84NDQ1,Media
2026-01-26T06:57:38.768081,sonambajwa_1768213451_761860826.mp4,https://t.me/+CgUFCvGWEk84NDQ1,Media
2026-01-26T06:57:38.769090,sonambajwa_1768213710_761860826.mp4,https://t.me/+CgUFCvGWEk84NDQ1,Media
2026-01-26T06:57:38.769090,sonambajwa_1768226961_761860826.mp4,https://t.me/+CgUFCvGWEk84NDQ1,Media
2026-01-26T06:57:38.770081,sonambajwa_1768227649_761860826.mp4,https://t.me/+CgUFCvGWEk84NDQ1,Media
2026-01-26T06:57:38.771089,sonambajwa_1768228115_761860826.mp4,https://t.me/+CgUFCvGWEk84NDQ1,Media
2026-01-26T06:57:38.772081,sonambajwa_1768230437_3808515404327314795_761860826.jpg,https://t.me/+CgUFCvGWEk84NDQ1,Media
2026-01-26T06:57:38.773082,sonambajwa_1768230437_3808515404327326216_761860826.jpg,https://t.me/+CgUFCvGWEk84NDQ1,Media
2026-01-26T06:57:38.774091,sonambajwa_1768230437_3808515404327336412_761860826.jpg,https://t.me/+CgUFCvGWEk84NDQ1,Media
2026-01-26T06:57:38.774091,sonambajwa_1768230437_3808515404637687722_761860826.jpg,https://t.me/+CgUFCvGWEk84NDQ1,Media
2026-01-26T06:57:38.775082,sonambajwa_1768240358_761860826.mp4,https://t.me/+CgUFCvGWEk84NDQ1,Media
2026-01-26T07:01:22.086057,sonambajwa_1768240432_761860826.mp4,https://t.me/+CgUFCvGWEk84NDQ1,Media
2026-01-26T07:01:22.087151,sonambajwa_1768283407_761860826.mp4,https://t.me/+CgUFCvGWEk84NDQ1,Media
2026-01-26T07:01:22.088154,sonambajwa_1768288251_761860826.mp4,https://t.me/+CgUFCvGWEk84NDQ1,Media
2026-01-26T07:01:22.089046,sonambajwa_1768298591_761860826.mp4,https://t.me/+CgUFCvGWEk84NDQ1,Media
2026-01-26T07:01:22.090046,sonambajwa_1768302816_761860826.mp4,https://t.me/+CgUFCvGWEk84NDQ1,Media
2026-01-26T07:01:22.091046,sonambajwa_1768302933_761860826.mp4,https://t.me/+CgUFCvGWEk84NDQ1,Media
2026-01-26T07:01:22.092073,sonambajwa_1768310461_761860826.mp4,https://t.me/+CgUFCvGWEk84NDQ1,Media
2026-01-26T07:01:22.093046,sonambajwa_1768537811_761860826.mp4,https://t.me/+CgUFCvGWEk84NDQ1,Media
2026-01-26T07:01:22.094056,sonambajwa_1768541717_761860826.mp4,https://t.me/+CgUFCvGWEk84NDQ1,Media
2026-01-26T07:01:22.094056,sonambajwa_1768541743_761860826.mp4,https://t.me/+CgUFCvGWEk84NDQ1,Media
2026-01-26T07:07:21.510706,sonambajwa_1768547444_761860826.mp4,https://t.me/+CgUFCvGWEk84NDQ1,Media
2026-01-26T07:07:21.511706,sonambajwa_1768567536_761860826.mp4,https://t.me/+CgUFCvGWEk84NDQ1,Media
2026-01-26T07:07:21.513844,sonambajwa_1768576493_761860826.mp4,https://t.me/+CgUFCvGWEk84NDQ1,Media
2026-01-26T07:07:21.514778,sonambajwa_1768581591_761860826.mp4,https://t.me/+CgUFCvGWEk84NDQ1,Media
2026-01-26T07:07:21.516706,sonambajwa_1768581849_761860826.mp4,https://t.me/+CgUFCvGWEk84NDQ1,Media
2026-01-26T07:07:21.517706,sonambajwa_1768586947_761860826.mp4,https://t.me/+CgUFCvGWEk84NDQ1,Media
2026-01-26T07:07:21.518705,sonambajwa_1768627916_761860826.mp4,https://t.me/+CgUFCvGWEk84NDQ1,Media
2026-01-26T07:07:21.518705,sonambajwa_1768629196_761860826.mp4,https://t.me/+CgUFCvGWEk84NDQ1,Media
2026-01-26T07:07:21.519706,sonambajwa_1768652053_761860826.mp4,https://t.me/+CgUFCvGWEk84NDQ1,Media
2026-01-26T07:07:21.520706,sonambajwa_1768652516_761860826.mp4,https://t.me/+CgUFCvGWEk84NDQ1,Media
2026-01-26T07:12:32.126233,sonambajwa_1768668127_761860826.mp4,https://t.me/+CgUFCvGWEk84NDQ1,Media
2026-01-26T07:12:32.127229,sonambajwa_1768668139_761860826.mp4,https://t.me/+CgUFCvGWEk84NDQ1,Media
2026-01-26T07:12:32.128229,sonambajwa_1768668270_761860826.jpg,https://t.me/+CgUFCvGWEk84NDQ1,Media
2026-01-26T07:12:32.130230,sonambajwa_1768742909_761860826.mp4,https://t.me/+CgUFCvGWEk84NDQ1,Media
2026-01-26T07:12:32.131229,sonambajwa_1768742926_761860826.mp4,https://t.me/+CgUFCvGWEk84NDQ1,Media
2026-01-26T07:12:32.132230,sonambajwa_1768849154_761860826.mp4,https://t.me/+CgUFCvGWEk84NDQ1,Media
2026-01-26T07:12:32.133229,sonambajwa_1768887049_761860826.mp4,https://t.me/+CgUFCvGWEk84NDQ1,Media
2026-01-26T07:12:32.133229,sonambajwa_1768887212_761860826.mp4,https://t.me/+CgUFCvGWEk84NDQ1,Media
2026-01-26T07:12:32.135229,sonambajwa_1768902770_761860826.mp4,https://t.me/+CgUFCvGWEk84NDQ1,Media
2026-01-26T07:12:32.135229,sonambajwa_1768927870_761860826.mp4,https://t.me/+CgUFCvGWEk84NDQ1,Media
2026-01-26T07:13:22.098893,sonambajwa_1768927893_761860826.mp4,https://t.me/+CgUFCvGWEk84NDQ1,Media
2026-01-26T07:13:22.100865,sonambajwa_1768927918_761860826.mp4,https://t.me/+CgUFCvGWEk84NDQ1,Media
2026-01-26T07:13:22.102851,soni_soni_singh_1768279653_3808928262387782867_1208530456.jpg,https://t.me/+CgUFCvGWEk84NDQ1,Media
2026-01-26T07:13:22.102851,soni_soni_singh_1768279653_3808928262387782867_1208530456.jpg,https://t.me/+CgUFCvGWEk84NDQ1,Media
2026-01-26T07:13:22.103851,soni_soni_singh_1768279653_3808928262396122866_1208530456.jpg,https://t.me/+CgUFCvGWEk84NDQ1,Media
2026-01-26T07:13:22.104850,soni_soni_singh_1768279653_3808928262396122866_1208530456.jpg,https://t.me/+CgUFCvGWEk84NDQ1,Media
2026-01-26T07:13:22.105852,soni_soni_singh_1768279653_3808928262396128620_1208530456.jpg,https://t.me/+CgUFCvGWEk84NDQ1,Media
2026-01-26T07:13:22.108147,soni_soni_singh_1768279653_3808928262396128620_1208530456.jpg,https://t.me/+CgUFCvGWEk84NDQ1,Media
2026-01-26T07:13:22.108147,soni_soni_singh_1768279653_3808928262396150044_1208530456.jpg,https://t.me/+CgUFCvGWEk84NDQ1,Media
2026-01-26T07:13:22.109152,soni_soni_singh_1768279653_3808928262396150044_1208530456.jpg,https://t.me/+CgUFCvGWEk84NDQ1,Media
2026-01-26T07:13:46.230203,soni_soni_singh_1768279653_3808928262396161564_1208530456.jpg,https://t.me/+CgUFCvGWEk84NDQ1,Media
2026-01-26T07:13:46.231204,soni_soni_singh_1768279653_3808928262396161564_1208530456.jpg,https://t.me/+CgUFCvGWEk84NDQ1,Media
2026-01-26T07:13:46.232203,soni_soni_singh_1768279653_3808928262396162742_1208530456.jpg,https://t.me/+CgUFCvGWEk84NDQ1,Media
2026-01-26T07:13:46.232203,soni_soni_singh_1768279653_3808928262396162742_1208530456.jpg,https://t.me/+CgUFCvGWEk84NDQ1,Media
2026-01-26T07:13:46.233203,soni_soni_singh_1768279653_3808928262404524750_1208530456.jpg,https://t.me/+CgUFCvGWEk84NDQ1,Media
2026-01-26T07:13:46.234204,soni_soni_singh_1768279653_3808928262404524750_1208530456.jpg,https://t.me/+CgUFCvGWEk84NDQ1,Media
2026-01-26T07:13:46.234204,soni_soni_singh_1768279653_3808928262404531952_1208530456.jpg,https://t.me/+CgUFCvGWEk84NDQ1,Media
2026-01-26T07:13:46.234204,soni_soni_singh_1768279653_3808928262404531952_1208530456.jpg,https://t.me/+CgUFCvGWEk84NDQ1,Media
2026-01-26T07:13:46.235204,soni_soni_singh_1768279653_3808928262404542773_1208530456.jpg,https://t.me/+CgUFCvGWEk84NDQ1,Media
2026-01-26T07:13:46.236204,soni_soni_singh_1768279653_3808928262404542773_1208530456.jpg,https://t.me/+CgUFCvGWEk84NDQ1,Media
2026-01-26T07:17:42.846600,soni_soni_singh_1768279653_3808928262429691961_1208530456.jpg,https://t.me/+CgUFCvGWEk84NDQ1,Media
2026-01-26T07:17:42.847600,soni_soni_singh_1768279653_3808928262429691961_1208530456.jpg,https://t.me/+CgUFCvGWEk84NDQ1,Media
2026-01-26T07:17:42.847600,soni_soni_singh_1768892053_1208530456.mp4,https://t.me/+CgUFCvGWEk84NDQ1,Media
2026-01-26T07:17:42.848600,soni_soni_singh_1768918302_1208530456.mp4,https://t.me/+CgUFCvGWEk84NDQ1,Media
2026-01-26T07:17:42.849600,soni_soni_singh_1768928828_1208530456.mp4,https://t.me/+CgUFCvGWEk84NDQ1,Media
2026-01-26T07:17:42.850601,specialized_edits_1767270270_3800460709457402078_61978328456.mp4,https://t.me/+CgUFCvGWEk84NDQ1,Media
2026-01-26T07:17:42.851600,splitsvilla_verse_1768202442_3808279105192329551_57576557095.mp4,https://t.me/+CgUFCvGWEk84NDQ1,Media
2026-01-26T07:17:42.853600,spotinsider_1765281514_3783777869953353110_61994902893.mp4,https://t.me/+CgUFCvGWEk84NDQ1,Media
2026-01-26T07:17:42.853600,spotinsider_1767071765_3798795570224662212_61994902893.mp4,https://t.me/+CgUFCvGWEk84NDQ1,Media
2026-01-26T07:17:42.854600,spotinsider_1767170527_3799624045843766419_61994902893.mp4,https://t.me/+CgUFCvGWEk84NDQ1,Media
2026-01-26T07:24:53.485205,spottoday_1754400391_3692500238655892607_48193145186.mp4,https://t.me/+CgUFCvGWEk84NDQ1,Media
2026-01-26T07:24:53.487170,spottoday_1754768654_3695588533146274936_48193145186.mp4,https://t.me/+CgUFCvGWEk84NDQ1,Media
2026-01-26T07:24:53.491167,spottoday_1760640891_3744849023481342789_48193145186.mp4,https://t.me/+CgUFCvGWEk84NDQ1,Media
2026-01-26T07:24:53.493167,spottoday_1760684590_3745214607364622102_48193145186.mp4,https://t.me/+CgUFCvGWEk84NDQ1,Media
2026-01-26T07:24:53.495206,spottoday_1763804928_3771391253184386321_48193145186.mp4,https://t.me/+CgUFCvGWEk84NDQ1,Media
2026-01-26T07:24:53.496171,spottoday_1763923113_3772382891138109656_48193145186.mp4,https://t.me/+CgUFCvGWEk84NDQ1,Media
2026-01-26T07:24:53.498175,spottoday_1764606457_3778114112409333769_48193145186.mp4,https://t.me/+CgUFCvGWEk84NDQ1,Media
2026-01-26T07:24:53.498175,spottoday_1764829199_3779983499534180934_48193145186.mp4,https://t.me/+CgUFCvGWEk84NDQ1,Media
2026-01-26T07:24:53.499179,spottoday_1768304122_3809133520074058088_48193145186.jpg,https://t.me/+CgUFCvGWEk84NDQ1,Media
2026-01-26T07:24:53.500165,spwrites20_1762575881_3761081174207252003_64432835039.mp4,https://t.me/+CgUFCvGWEk84NDQ1,Media
2026-01-26T07:25:26.517353,srinidhi_shetty_1766413661_3793275185114824287_1448449412.jpg,https://t.me/+CgUFCvGWEk84NDQ1,Media
2026-01-26T07:25:26.518352,srinidhi_shetty_1766413661_3793275185114824287_1448449412.jpg,https://t.me/+CgUFCvGWEk84NDQ1,Media
2026-01-26T07:25:26.518352,srinidhi_shetty_1766413661_3793275185123185216_1448449412.jpg,https://t.me/+CgUFCvGWEk84NDQ1,Media
2026-01-26T07:25:26.519352,srinidhi_shetty_1766413661_3793275185123185216_1448449412.jpg,https://t.me/+CgUFCvGWEk84NDQ1,Media
2026-01-26T07:25:26.520351,srinidhi_shetty_1766413661_3793275185123192643_1448449412.jpg,https://t.me/+CgUFCvGWEk84NDQ1,Media
2026-01-26T07:25:26.521352,srinidhi_shetty_1766413661_3793275185123192643_1448449412.jpg,https://t.me/+CgUFCvGWEk84NDQ1,Media
2026-01-26T07:25:26.521352,srinidhi_shetty_1766413661_3793275185123197063_1448449412.jpg,https://t.me/+CgUFCvGWEk84NDQ1,Media
2026-01-26T07:25:26.522351,srinidhi_shetty_1766413661_3793275185123197063_1448449412.jpg,https://t.me/+CgUFCvGWEk84NDQ1,Media
2026-01-26T07:25:26.523351,srinidhi_shetty_1766413661_3793275185123198101_1448449412.jpg,https://t.me/+CgUFCvGWEk84NDQ1,Media
2026-01-26T07:25:26.524352,srinidhi_shetty_1766413661_3793275185123198101_1448449412.jpg,https://t.me/+CgUFCvGWEk84NDQ1,Media
2026-01-26T07:26:01.000770,srinidhi_shetty_1766413661_3793275185123200964_1448449412.jpg,https://t.me/+CgUFCvGWEk84NDQ1,Media
2026-01-26T07:26:01.000770,srinidhi_shetty_1766413661_3793275185123200964_1448449412.jpg,https://t.me/+CgUFCvGWEk84NDQ1,Media
2026-01-26T07:26:01.002768,srinidhi_shetty_1766413661_3793275185123205368_1448449412.jpg,https://t.me/+CgUFCvGWEk84NDQ1,Media
2026-01-26T07:26:01.002768,srinidhi_shetty_1766413661_3793275185123205368_1448449412.jpg,https://t.me/+CgUFCvGWEk84NDQ1,Media
2026-01-26T07:26:01.003769,srinidhi_shetty_1766413661_3793275185123208886_1448449412.jpg,https://t.me/+CgUFCvGWEk84NDQ1,Media
2026-01-26T07:26:01.004770,srinidhi_shetty_1766413661_3793275185123208886_1448449412.jpg,https://t.me/+CgUFCvGWEk84NDQ1,Media
2026-01-26T07:26:01.005769,srinidhi_shetty_1766413661_3793275185123223322_1448449412.jpg,https://t.me/+CgUFCvGWEk84NDQ1,Media
2026-01-26T07:26:01.006771,srinidhi_shetty_1766413661_3793275185123223322_1448449412.jpg,https://t.me/+CgUFCvGWEk84NDQ1,Media
2026-01-26T07:26:01.006771,srinidhi_shetty_1766413661_3793275185257402933_1448449412.jpg,https://t.me/+CgUFCvGWEk84NDQ1,Media
2026-01-26T07:26:01.007771,srinidhi_shetty_1766413661_3793275185257402933_1448449412.jpg,https://t.me/+CgUFCvGWEk84NDQ1,Media
2026-01-26T07:27:23.365648,srinidhi_shetty_1766413661_3793275185265833463_1448449412.jpg,https://t.me/+CgUFCvGWEk84NDQ1,Media
2026-01-26T07:27:23.367710,srinidhi_shetty_1766413661_3793275185265833463_1448449412.jpg,https://t.me/+CgUFCvGWEk84NDQ1,Media
2026-01-26T07:27:23.367710,srinidhi_shetty_1766413661_3793275185399993274_1448449412.jpg,https://t.me/+CgUFCvGWEk84NDQ1,Media
2026-01-26T07:27:23.368741,srinidhi_shetty_1766413661_3793275185399993274_1448449412.jpg,https://t.me/+CgUFCvGWEk84NDQ1,Media
2026-01-26T07:27:23.369734,srinidhi_shetty_1766413661_3793275185399997448_1448449412.jpg,https://t.me/+CgUFCvGWEk84NDQ1,Media
2026-01-26T07:27:23.369734,srinidhi_shetty_1766413661_3793275185399997448_1448449412.jpg,https://t.me/+CgUFCvGWEk84NDQ1,Media
2026-01-26T07:27:23.370745,srinidhi_shetty_1766413661_3793275185433602077_1448449412.jpg,https://t.me/+CgUFCvGWEk84NDQ1,Media
2026-01-26T07:27:23.371660,srinidhi_shetty_1766413661_3793275185433602077_1448449412.jpg,https://t.me/+CgUFCvGWEk84NDQ1,Media
2026-01-26T07:27:23.371660,srinidhi_shetty_1766413661_3793275185458712530_1448449412.jpg,https://t.me/+CgUFCvGWEk84NDQ1,Media
2026-01-26T07:27:23.372731,srinidhi_shetty_1766413661_3793275185458712530_1448449412.jpg,https://t.me/+CgUFCvGWEk84NDQ1,Media
2026-01-26T07:27:54.663380,srinidhi_shetty_1766413661_3793275185458724764_1448449412.jpg,https://t.me/+CgUFCvGWEk84NDQ1,Media
2026-01-26T07:27:54.664387,srinidhi_shetty_1766413661_3793275185458724764_1448449412.jpg,https://t.me/+CgUFCvGWEk84NDQ1,Media
2026-01-26T07:27:54.667379,srinidhi_shetty_1766413661_3793275185458761199_1448449412.jpg,https://t.me/+CgUFCvGWEk84NDQ1,Media
2026-01-26T07:27:54.667379,srinidhi_shetty_1766413661_3793275185458761199_1448449412.jpg,https://t.me/+CgUFCvGWEk84NDQ1,Media
2026-01-26T07:27:54.669469,srinidhi_shetty_1766413661_3793275185458769866_1448449412.jpg,https://t.me/+CgUFCvGWEk84NDQ1,Media
2026-01-26T07:27:54.669469,srinidhi_shetty_1766413661_3793275185458769866_1448449412.jpg,https://t.me/+CgUFCvGWEk84NDQ1,Media
2026-01-26T07:27:54.669469,srinidhi_shetty_1766413661_3793275185534207862_1448449412.jpg,https://t.me/+CgUFCvGWEk84NDQ1,Media
2026-01-26T07:27:54.670973,srinidhi_shetty_1766413661_3793275185534207862_1448449412.jpg,https://t.me/+CgUFCvGWEk84NDQ1,Media
2026-01-26T07:27:54.671978,srinidhi_shetty_1766413661_3793275185542618808_1448449412.jpg,https://t.me/+CgUFCvGWEk84NDQ1,Media
2026-01-26T07:27:54.671978,srinidhi_shetty_1766413661_3793275185542618808_1448449412.jpg,https://t.me/+CgUFCvGWEk84NDQ1,Media
2026-01-26T07:36:22.583382,st0hdfan_1767125084_3799243028506894123_27060613087.jpg,https://t.me/+CgUFCvGWEk84NDQ1,Media
2026-01-26T07:36:22.585381,st0hdfan_1767125084_3799243028506894123_27060613087.jpg,https://t.me/+CgUFCvGWEk84NDQ1,Media
2026-01-26T07:36:22.586383,starboysmedia2_1766045029_3790181066976883241_77460065886.mp4,https://t.me/+CgUFCvGWEk84NDQ1,Media
2026-01-26T07:36:22.587386,stargazeoffiical_1757610195_3719426286197611225_53462358683.mp4,https://t.me/+CgUFCvGWEk84NDQ1,Media
2026-01-26T07:36:22.588401,stargazeoffiical_1767022686_3798383980471906814_53462358683.mp4,https://t.me/+CgUFCvGWEk84NDQ1,Media
2026-01-26T07:36:22.589388,stebinben_1764599195_3778054181668783493_1738580379.mp4,https://t.me/+CgUFCvGWEk84NDQ1,Media
2026-01-26T07:36:22.590381,stebyben_1768637443_3811929399138723040_2258427228.mp4,https://t.me/+CgUFCvGWEk84NDQ1,Media
2026-01-26T07:36:22.590381,storiesbydeepu_1763532175_3769095431415554593_56378465115.mp4,https://t.me/+CgUFCvGWEk84NDQ1,Media
2026-01-26T07:36:22.593005,styledbyanna137_1765610330_3786536356705479155_46274581958.jpg,https://t.me/+CgUFCvGWEk84NDQ1,Media
2026-01-26T07:36:22.594005,styledbyanna137_1765610330_3786536356705479155_46274581958.jpg,https://t.me/+CgUFCvGWEk84NDQ1,Media
2026-01-26T07:36:51.219371,styledbyanna137_1765610330_3786536356705498969_46274581958.jpg,https://t.me/+CgUFCvGWEk84NDQ1,Media
2026-01-26T07:36:51.220372,styledbyanna137_1765610330_3786536356705498969_46274581958.jpg,https://t.me/+CgUFCvGWEk84NDQ1,Media
2026-01-26T07:36:51.221370,styledbyanna137_1765610330_3786536356705519800_46274581958.jpg,https://t.me/+CgUFCvGWEk84NDQ1,Media
2026-01-26T07:36:51.221370,styledbyanna137_1765610330_3786536356705519800_46274581958.jpg,https://t.me/+CgUFCvGWEk84NDQ1,Media
2026-01-26T07:36:51.222372,styledbyanna137_1765610330_3786536356713921677_46274581958.jpg,https://t.me/+CgUFCvGWEk84NDQ1,Media
2026-01-26T07:36:51.222372,styledbyanna137_1765610330_3786536356713921677_46274581958.jpg,https://t.me/+CgUFCvGWEk84NDQ1,Media
2026-01-26T07:36:51.223372,styledbyanna137_1765610330_3786536356713921982_46274581958.jpg,https://t.me/+CgUFCvGWEk84NDQ1,Media
2026-01-26T07:36:51.223372,styledbyanna137_1765610330_3786536356713921982_46274581958.jpg,https://t.me/+CgUFCvGWEk84NDQ1,Media
2026-01-26T07:36:51.224371,styledbyanna137_1765610330_3786536356722284742_46274581958.jpg,https://t.me/+CgUFCvGWEk84NDQ1,Media
2026-01-26T07:36:51.225393,styledbyanna137_1765610330_3786536356722284742_46274581958.jpg,https://t.me/+CgUFCvGWEk84NDQ1,Media
2026-01-26T07:37:29.119112,styledbyanna137_1765610330_3786536356730696420_46274581958.jpg,https://t.me/+CgUFCvGWEk84NDQ1,Media
2026-01-26T07:37:29.120734,styledbyanna137_1765610330_3786536356730696420_46274581958.jpg,https://t.me/+CgUFCvGWEk84NDQ1,Media
2026-01-26T07:37:29.122382,styledbyanna137_1765610330_3786536357024266677_46274581958.jpg,https://t.me/+CgUFCvGWEk84NDQ1,Media
2026-01-26T07:37:29.122382,styledbyanna137_1765610330_3786536357024266677_46274581958.jpg,https://t.me/+CgUFCvGWEk84NDQ1,Media
2026-01-26T07:37:29.122382,styledbyanna137_1766782520_3796369401717905629_46274581958.jpg,https://t.me/+CgUFCvGWEk84NDQ1,Media
2026-01-26T07:37:29.125031,styledbyanna137_1766782520_3796369401717905629_46274581958.jpg,https://t.me/+CgUFCvGWEk84NDQ1,Media
2026-01-26T07:37:29.126225,styledbyanna137_1766782520_3796369401726251129_46274581958.jpg,https://t.me/+CgUFCvGWEk84NDQ1,Media
2026-01-26T07:37:29.127220,styledbyanna137_1766782520_3796369401726251129_46274581958.jpg,https://t.me/+CgUFCvGWEk84NDQ1,Media
2026-01-26T07:37:29.128220,styledbyanna137_1766782520_3796369401734635962_46274581958.jpg,https://t.me/+CgUFCvGWEk84NDQ1,Media
2026-01-26T07:37:29.128220,styledbyanna137_1766782520_3796369401734635962_46274581958.jpg,https://t.me/+CgUFCvGWEk84NDQ1,Media
2026-01-26T07:37:57.274149,styledbyanna137_1766782520_3796369401734653884_46274581958.jpg,https://t.me/+CgUFCvGWEk84NDQ1,Media
2026-01-26T07:37:57.276154,styledbyanna137_1766782520_3796369401734653884_46274581958.jpg,https://t.me/+CgUFCvGWEk84NDQ1,Media
2026-01-26T07:37:57.277154,styledbyanna137_1766782521_3796369401717875574_46274581958.jpg,https://t.me/+CgUFCvGWEk84NDQ1,Media
2026-01-26T07:37:57.278153,styledbyanna137_1766782521_3796369401717875574_46274581958.jpg,https://t.me/+CgUFCvGWEk84NDQ1,Media
2026-01-26T07:37:57.279154,styledbyanna137_1766782521_3796369401734677851_46274581958.jpg,https://t.me/+CgUFCvGWEk84NDQ1,Media
2026-01-26T07:37:57.280154,styledbyanna137_1766782521_3796369401734677851_46274581958.jpg,https://t.me/+CgUFCvGWEk84NDQ1,Media
2026-01-26T07:37:57.281155,styledbyanna137_1766782521_3796369401734684055_46274581958.jpg,https://t.me/+CgUFCvGWEk84NDQ1,Media
2026-01-26T07:37:57.283154,styledbyanna137_1766782521_3796369401734684055_46274581958.jpg,https://t.me/+CgUFCvGWEk84NDQ1,Media
2026-01-26T07:37:57.284155,styledbyanna137_1766782521_3796369401944371489_46274581958.jpg,https://t.me/+CgUFCvGWEk84NDQ1,Media
2026-01-26T07:37:57.284155,styledbyanna137_1766782521_3796369401944371489_46274581958.jpg,https://t.me/+CgUFCvGWEk84NDQ1,Media
2026-01-26T07:38:21.501961,styledbyanna137_1766996992_3798168518252846578_46274581958.jpg,https://t.me/+CgUFCvGWEk84NDQ1,Media
2026-01-26T07:38:21.503466,styledbyanna137_1766996992_3798168518252846578_46274581958.jpg,https://t.me/+CgUFCvGWEk84NDQ1,Media
2026-01-26T07:38:21.504474,styledbyanna137_1766996992_3798168518252882269_46274581958.jpg,https://t.me/+CgUFCvGWEk84NDQ1,Media
2026-01-26T07:38:21.505475,styledbyanna137_1766996992_3798168518252882269_46274581958.jpg,https://t.me/+CgUFCvGWEk84NDQ1,Media
2026-01-26T07:38:21.506474,styledbyanna137_1766996992_3798168518252886180_46274581958.jpg,https://t.me/+CgUFCvGWEk84NDQ1,Media
2026-01-26T07:38:21.506474,styledbyanna137_1766996992_3798168518252886180_46274581958.jpg,https://t.me/+CgUFCvGWEk84NDQ1,Media
2026-01-26T07:38:21.507474,styledbyanna137_1766996992_3798168518261233164_46274581958.jpg,https://t.me/+CgUFCvGWEk84NDQ1,Media
2026-01-26T07:38:21.508475,styledbyanna137_1766996992_3798168518261233164_46274581958.jpg,https://t.me/+CgUFCvGWEk84NDQ1,Media
2026-01-26T07:38:21.508475,styledbyanna137_1766996992_3798168518261237387_46274581958.jpg,https://t.me/+CgUFCvGWEk84NDQ1,Media
2026-01-26T07:38:21.509473,styledbyanna137_1766996992_3798168518261237387_46274581958.jpg,https://t.me/+CgUFCvGWEk84NDQ1,Media
2026-01-26T07:38:42.329483,styledbyanna137_1766996992_3798168518261255115_46274581958.jpg,https://t.me/+CgUFCvGWEk84NDQ1,Media
2026-01-26T07:38:42.331493,styledbyanna137_1766996992_3798168518261255115_46274581958.jpg,https://t.me/+CgUFCvGWEk84NDQ1,Media
2026-01-26T07:38:42.332516,styledbyanna137_1766996992_3798168518261271741_46274581958.jpg,https://t.me/+CgUFCvGWEk84NDQ1,Media
2026-01-26T07:38:42.333522,styledbyanna137_1766996992_3798168518261271741_46274581958.jpg,https://t.me/+CgUFCvGWEk84NDQ1,Media
2026-01-26T07:38:42.333522,styledbyanna137_1766996992_3798168518269622262_46274581958.jpg,https://t.me/+CgUFCvGWEk84NDQ1,Media
2026-01-26T07:38:42.333522,styledbyanna137_1766996992_3798168518269622262_46274581958.jpg,https://t.me/+CgUFCvGWEk84NDQ1,Media
2026-01-26T07:38:42.334492,styledbyanna137_1766996992_3798168518269636406_46274581958.jpg,https://t.me/+CgUFCvGWEk84NDQ1,Media
2026-01-26T07:38:42.335483,styledbyanna137_1766996992_3798168518269636406_46274581958.jpg,https://t.me/+CgUFCvGWEk84NDQ1,Media
2026-01-26T07:38:42.336472,styledbyanna137_1766996992_3798168518269655131_46274581958.jpg,https://t.me/+CgUFCvGWEk84NDQ1,Media
2026-01-26T07:38:42.336472,styledbyanna137_1766996992_3798168518269655131_46274581958.jpg,https://t.me/+CgUFCvGWEk84NDQ1,Media
2026-01-26T07:48:43.501279,styledbyanna137_1766996992_3798168518722588526_46274581958.jpg,https://t.me/+CgUFCvGWEk84NDQ1,Media
2026-01-26T07:48:43.501279,styledbyanna137_1766996992_3798168518722588526_46274581958.jpg,https://t.me/+CgUFCvGWEk84NDQ1,Media
2026-01-26T07:48:43.502279,styledbyanna137_1766996992_3798168518722617619_46274581958.jpg,https://t.me/+CgUFCvGWEk84NDQ1,Media
2026-01-26T07:48:43.503279,styledbyanna137_1766996992_3798168518722617619_46274581958.jpg,https://t.me/+CgUFCvGWEk84NDQ1,Media
2026-01-26T07:48:43.504278,styleebyapurrva_1766842401_3796871718997144738_8333966986.jpg,https://t.me/+CgUFCvGWEk84NDQ1,Media
2026-01-26T07:48:43.504278,styleitupbyaashna_1766587491_3794731335978920505_5926145578.mp4,https://t.me/+CgUFCvGWEk84NDQ1,Media
2026-01-26T07:48:43.505279,sugarfree.india_1767361169_3801222180936745797_32354526255.mp4,https://t.me/+CgUFCvGWEk84NDQ1,Media
2026-01-26T07:48:43.507279,suhani8_1768512690_340235428.mp4,https://t.me/+CgUFCvGWEk84NDQ1,Media
2026-01-26T07:48:43.508278,suhani8_1768543200_3810972055366192947_340235428.jpg,https://t.me/+CgUFCvGWEk84NDQ1,Media
2026-01-26T07:48:43.508278,suhani8_1768543200_3810972055374540157_340235428.jpg,https://t.me/+CgUFCvGWEk84NDQ1,Media
2026-01-26T07:50:01.002475,suhani8_1768543200_3810972055374593755_340235428.jpg,https://t.me/+CgUFCvGWEk84NDQ1,Media
2026-01-26T07:50:01.003481,suhani8_1768543200_3810972055491989866_340235428.jpg,https://t.me/+CgUFCvGWEk84NDQ1,Media
2026-01-26T07:50:01.004481,suhani8_1768543200_3810972055575874494_340235428.jpg,https://t.me/+CgUFCvGWEk84NDQ1,Media
2026-01-26T07:50:01.005482,suhani8_1768543200_3810972055575876990_340235428.jpg,https://t.me/+CgUFCvGWEk84NDQ1,Media
2026-01-26T07:50:01.006480,suhani8_1768543200_3810972055575897119_340235428.jpg,https://t.me/+CgUFCvGWEk84NDQ1,Media
2026-01-26T07:50:01.006480,suhani8_1768543200_3810972055575910412_340235428.jpg,https://t.me/+CgUFCvGWEk84NDQ1,Media
2026-01-26T07:50:01.007885,suhani8_1768545174_340235428.mp4,https://t.me/+CgUFCvGWEk84NDQ1,Media
2026-01-26T07:50:01.008922,suhani8_1768548522_340235428.mp4,https://t.me/+CgUFCvGWEk84NDQ1,Media
2026-01-26T07:50:01.009912,suhani8_1768548567_340235428.mp4,https://t.me/+CgUFCvGWEk84NDQ1,Media
2026-01-26T07:50:01.010913,suhani8_1768552160_340235428.jpg,https://t.me/+CgUFCvGWEk84NDQ1,Media
2026-01-26T07:51:06.060809,suhani8_1768555209_340235428.mp4,https://t.me/+CgUFCvGWEk84NDQ1,Media
2026-01-26T07:51:06.061809,suhani8_1768555224_340235428.mp4,https://t.me/+CgUFCvGWEk84NDQ1,Media
2026-01-26T07:51:06.063809,suhani8_1768557903_340235428.mp4,https://t.me/+CgUFCvGWEk84NDQ1,Media
2026-01-26T07:51:06.064808,suhani8_1768558022_340235428.mp4,https://t.me/+CgUFCvGWEk84NDQ1,Media
2026-01-26T07:51:06.065809,suhani8_1768561732_340235428.mp4,https://t.me/+CgUFCvGWEk84NDQ1,Media
2026-01-26T07:51:06.065809,suhani8_1768570200_3811011034786482138_340235428.jpg,https://t.me/+CgUFCvGWEk84NDQ1,Media
2026-01-26T07:51:06.066809,suhani8_1768570200_3811011034786494734_340235428.jpg,https://t.me/+CgUFCvGWEk84NDQ1,Media
2026-01-26T07:51:06.068809,suhani8_1768570200_3811011034979424681_340235428.jpg,https://t.me/+CgUFCvGWEk84NDQ1,Media
2026-01-26T07:51:06.068809,suhani8_1768570200_3811011034987805818_340235428.jpg,https://t.me/+CgUFCvGWEk84NDQ1,Media
2026-01-26T07:51:06.070808,suhani8_1768574939_340235428.mp4,https://t.me/+CgUFCvGWEk84NDQ1,Media
2026-01-26T07:57:49.744491,suhani8_1768586991_340235428.mp4,https://t.me/+CgUFCvGWEk84NDQ1,Media
2026-01-26T07:57:49.746490,sujeetandia_1763710886_3770602375342744008_58664839319.mp4,https://t.me/+CgUFCvGWEk84NDQ1,Media
2026-01-26T07:57:49.747489,sujeetandia_1764919784_3780743481170645607_58664839319.mp4,https://t.me/+CgUFCvGWEk84NDQ1,Media
2026-01-26T07:57:49.749497,sukritikakar_1766678710_435962255.jpg,https://t.me/+CgUFCvGWEk84NDQ1,Media
2026-01-26T07:57:49.749497,sukritikakar_1766678729_435962255.jpg,https://t.me/+CgUFCvGWEk84NDQ1,Media
2026-01-26T07:57:49.750823,sukritikakar_1766678838_435962255.jpg,https://t.me/+CgUFCvGWEk84NDQ1,Media
2026-01-26T07:57:49.751829,sukritikakar_1766679019_435962255.mp4,https://t.me/+CgUFCvGWEk84NDQ1,Media
2026-01-26T07:57:49.752829,sukritikakar_1766679048_435962255.jpg,https://t.me/+CgUFCvGWEk84NDQ1,Media
2026-01-26T07:57:49.753844,sukritikakar_1766719181_435962255.jpg,https://t.me/+CgUFCvGWEk84NDQ1,Media
2026-01-26T07:57:49.754837,sukritikakar_1766729645_435962255.mp4,https://t.me/+CgUFCvGWEk84NDQ1,Media
2026-01-26T07:59:28.446873,sukritikakar_1766747052_435962255.jpg,https://t.me/+CgUFCvGWEk84NDQ1,Media
2026-01-26T07:59:28.449871,sukritikakar_1766778296_435962255.jpg,https://t.me/+CgUFCvGWEk84NDQ1,Media
2026-01-26T07:59:28.449871,sukritikakar_1766778429_435962255.mp4,https://t.me/+CgUFCvGWEk84NDQ1,Media
2026-01-26T07:59:28.450865,sukritikakar_1766780791_435962255.mp4,https://t.me/+CgUFCvGWEk84NDQ1,Media
2026-01-26T07:59:28.451863,sukritikakar_1767244442_435962255.mp4,https://t.me/+CgUFCvGWEk84NDQ1,Media
2026-01-26T07:59:28.452864,sukritikakar_1767273355_435962255.mp4,https://t.me/+CgUFCvGWEk84NDQ1,Media
2026-01-26T07:59:28.452864,sukritikakar_1767277383_435962255.mp4,https://t.me/+CgUFCvGWEk84NDQ1,Media
2026-01-26T07:59:28.453864,sukritikakar_1767280928_435962255.jpg,https://t.me/+CgUFCvGWEk84NDQ1,Media
2026-01-26T07:59:28.454871,sukritikakar_1767421567_435962255.jpg,https://t.me/+CgUFCvGWEk84NDQ1,Media
2026-01-26T07:59:28.455872,sukritikakar_1767435796_435962255.mp4,https://t.me/+CgUFCvGWEk84NDQ1,Media
2026-01-26T08:06:10.207625,sukritikakar_1767436515_435962255.mp4,https://t.me/+CgUFCvGWEk84NDQ1,Media
2026-01-26T08:06:10.210066,sukritikakar_1767436580_435962255.mp4,https://t.me/+CgUFCvGWEk84NDQ1,Media
2026-01-26T08:06:10.210066,sukritikakar_1768888818_435962255.mp4,https://t.me/+CgUFCvGWEk84NDQ1,Media
2026-01-26T08:06:10.211071,sukritikakar_1768900544_435962255.mp4,https://t.me/+CgUFCvGWEk84NDQ1,Media
2026-01-26T08:06:10.212071,sukritikakar_1768915433_435962255.mp4,https://t.me/+CgUFCvGWEk84NDQ1,Media
2026-01-26T08:06:10.213072,sumedhmallikdiaries_1765552030_3786044989110295810_60697851183.mp4,https://t.me/+CgUFCvGWEk84NDQ1,Media
2026-01-26T08:06:10.214071,sumitkadelofficial_1767274550_3800496843588339263_1587126910.jpg,https://t.me/+CgUFCvGWEk84NDQ1,Media
2026-01-26T08:06:10.216123,sunsilkbd_1764330598_3775800947823020147_6336834087.mp4,https://t.me/+CgUFCvGWEk84NDQ1,Media
2026-01-26T08:06:10.217122,sushmitasen47_1768657165_1556210560.mp4,https://t.me/+CgUFCvGWEk84NDQ1,Media
2026-01-26T08:06:10.218122,sushmitasen47_1768657232_1556210560.mp4,https://t.me/+CgUFCvGWEk84NDQ1,Media
2026-01-26T08:14:28.411082,sushmitasen47_1768657289_1556210560.mp4,https://t.me/+CgUFCvGWEk84NDQ1,Media
2026-01-26T08:14:28.412086,sushmitasen47_1768657380_1556210560.mp4,https://t.me/+CgUFCvGWEk84NDQ1,Media
2026-01-26T08:14:28.414087,sushmitasen47_1768657554_1556210560.mp4,https://t.me/+CgUFCvGWEk84NDQ1,Media
2026-01-26T08:14:28.415088,sushmitasen47_1768658091_1556210560.mp4,https://t.me/+CgUFCvGWEk84NDQ1,Media
2026-01-26T08:14:28.416086,sushmitasen47_1768658138_1556210560.mp4,https://t.me/+CgUFCvGWEk84NDQ1,Media
2026-01-26T08:14:28.417087,sushmitasen47_1768658194_1556210560.mp4,https://t.me/+CgUFCvGWEk84NDQ1,Media
2026-01-26T08:14:28.418087,sushmitasen47_1768658272_1556210560.mp4,https://t.me/+CgUFCvGWEk84NDQ1,Media
2026-01-26T08:14:28.420087,sushmitasen47_1768658898_1556210560.mp4,https://t.me/+CgUFCvGWEk84NDQ1,Media
2026-01-26T08:14:28.421086,sushmitasen47_1768659479_1556210560.mp4,https://t.me/+CgUFCvGWEk84NDQ1,Media
2026-01-26T08:14:28.422086,sushmitasen47_1768659503_1556210560.mp4,https://t.me/+CgUFCvGWEk84NDQ1,Media
2026-01-26T08:26:29.754434,swastikproductions_1768566600_3811335496798910079_3008023300.mp4,https://t.me/+CgUFCvGWEk84NDQ1,Media
2026-01-26T08:26:29.755433,sxpcreation_1768405705_3809985413021200123_19021928485.mp4,https://t.me/+CgUFCvGWEk84NDQ1,Media
2026-01-26T08:26:29.756433,syed_khutub_69_1761868373_3755146349751567915_5488579775.mp4,https://t.me/+CgUFCvGWEk84NDQ1,Media
2026-01-26T08:26:29.759432,systummvibes_1768151573_3807853612144322078_75509815941.mp4,https://t.me/+CgUFCvGWEk84NDQ1,Media
2026-01-26T08:26:29.760441,tahirjasus_1757061835_3714826272942648073_45984078058.mp4,https://t.me/+CgUFCvGWEk84NDQ1,Media
2026-01-26T08:26:29.762443,tahirjasus_1766079941_3790475524372727121_45984078058.mp4,https://t.me/+CgUFCvGWEk84NDQ1,Media
2026-01-26T08:26:29.763446,talkingwilly_1767612131_3803327506645084975_75562249008.mp4,https://t.me/+CgUFCvGWEk84NDQ1,Media
2026-01-26T08:26:29.765440,tamannah_world___1765718123_3787440531140320834_7272134988.mp4,https://t.me/+CgUFCvGWEk84NDQ1,Media
2026-01-26T08:26:29.766432,tamil_settaigal_1767020831_3798368329182773270_15025459580.mp4,https://t.me/+CgUFCvGWEk84NDQ1,Media
2026-01-26T08:26:29.766432,tanvichemburkar_1765729336_3787533006148583743_608518420.mp4,https://t.me/+CgUFCvGWEk84NDQ1,Media
2026-01-26T08:30:33.090182,tanya_rathi_1766680942_3795515553755375991_2006815899.mp4,https://t.me/+CgUFCvGWEk84NDQ1,Media
2026-01-26T08:30:33.092182,tanya_rathi_1767180940_3799711589851962872_2006815899.jpg,https://t.me/+CgUFCvGWEk84NDQ1,Media
2026-01-26T08:30:33.093182,tanya_rathi_1767180940_3799711589860338913_2006815899.jpg,https://t.me/+CgUFCvGWEk84NDQ1,Media
2026-01-26T08:30:33.094182,tanya_rathi_1767180940_3799711589860356261_2006815899.jpg,https://t.me/+CgUFCvGWEk84NDQ1,Media
2026-01-26T08:30:33.095182,tanya_rathi_1767180940_3799711589860367276_2006815899.jpg,https://t.me/+CgUFCvGWEk84NDQ1,Media
2026-01-26T08:30:33.096182,tanya_rathi_1767180940_3799711589868702516_2006815899.jpg,https://t.me/+CgUFCvGWEk84NDQ1,Media
2026-01-26T08:30:33.096182,tanya_rathi_1767180940_3799711589868729462_2006815899.jpg,https://t.me/+CgUFCvGWEk84NDQ1,Media
2026-01-26T08:30:33.097182,tanya_rathi_1767180940_3799711589868740381_2006815899.jpg,https://t.me/+CgUFCvGWEk84NDQ1,Media
2026-01-26T08:30:33.098182,tanya_rathi_1767180940_3799711589877089876_2006815899.jpg,https://t.me/+CgUFCvGWEk84NDQ1,Media
2026-01-26T08:30:33.099182,tanya_rathi_1767180940_3799711589877119305_2006815899.jpg,https://t.me/+CgUFCvGWEk84NDQ1,Media
2026-01-26T08:31:18.938788,tanya_rathi_1767180940_3799711590002920035_2006815899.jpg,https://t.me/+CgUFCvGWEk84NDQ1,Media
2026-01-26T08:31:18.940789,tanya_rathi_1767180940_3799711590002946535_2006815899.jpg,https://t.me/+CgUFCvGWEk84NDQ1,Media
2026-01-26T08:31:18.940789,tanya_rathi_1767180940_3799711590002953232_2006815899.jpg,https://t.me/+CgUFCvGWEk84NDQ1,Media
2026-01-26T08:31:18.941789,tanya_rathi_1767180940_3799711590011327766_2006815899.jpg,https://t.me/+CgUFCvGWEk84NDQ1,Media
2026-01-26T08:31:18.943789,tanya_rathi_1767180940_3799711590028084793_2006815899.jpg,https://t.me/+CgUFCvGWEk84NDQ1,Media
2026-01-26T08:31:18.944790,tanya_rathi_1767180940_3799711590044868518_2006815899.jpg,https://t.me/+CgUFCvGWEk84NDQ1,Media
2026-01-26T08:31:18.944790,tanya_rathi_1767180940_3799711590061681680_2006815899.jpg,https://t.me/+CgUFCvGWEk84NDQ1,Media
2026-01-26T08:31:18.945789,tara.sutaaria_1768587986_3811514748316604556_66892682862.jpg,https://t.me/+CgUFCvGWEk84NDQ1,Media
2026-01-26T08:31:18.946790,tara.sutaaria_1768587986_3811514748316604556_66892682862.jpg,https://t.me/+CgUFCvGWEk84NDQ1,Media
2026-01-26T08:31:18.947790,tara.sutaaria_1768587986_3811514748324940048_66892682862.jpg,https://t.me/+CgUFCvGWEk84NDQ1,Media
2026-01-26T08:32:31.667346,tele__verse_1757830361_3721273110331962502_68083954318.mp4,https://t.me/+CgUFCvGWEk84NDQ1,Media
2026-01-26T08:32:31.667346,tellycoverage_1766822837_3796707596913677198_37980602298.jpg,https://t.me/+CgUFCvGWEk84NDQ1,Media
2026-01-26T08:32:31.669346,tellycoverage_1766822837_3796707596913709368_37980602298.jpg,https://t.me/+CgUFCvGWEk84NDQ1,Media
2026-01-26T08:32:31.670347,tellycoverage_1766822837_3796707596913733270_37980602298.jpg,https://t.me/+CgUFCvGWEk84NDQ1,Media
2026-01-26T08:32:31.671346,tellycoverage_1766822837_3796707596913733954_37980602298.jpg,https://t.me/+CgUFCvGWEk84NDQ1,Media
2026-01-26T08:32:31.672346,tellycoverage_1766822837_3796707596922061076_37980602298.jpg,https://t.me/+CgUFCvGWEk84NDQ1,Media
2026-01-26T08:32:31.672346,tellycoverage_1766822837_3796707596922069552_37980602298.jpg,https://t.me/+CgUFCvGWEk84NDQ1,Media
2026-01-26T08:32:31.673346,tellycoverage_1766822837_3796707596922076575_37980602298.jpg,https://t.me/+CgUFCvGWEk84NDQ1,Media
2026-01-26T08:32:31.674346,tellycoverage_1766822837_3796707596930483477_37980602298.jpg,https://t.me/+CgUFCvGWEk84NDQ1,Media
2026-01-26T08:32:31.675346,tellycoverage_1766822837_3796707596930501319_37980602298.jpg,https://t.me/+CgUFCvGWEk84NDQ1,Media
2026-01-26T08:38:05.795927,tellycoverage_1766822837_3796707596938903049_37980602298.jpg,https://t.me/+CgUFCvGWEk84NDQ1,Media
2026-01-26T08:38:05.797929,tellycoverage_1768647079_3812010448309545850_37980602298.jpg,https://t.me/+CgUFCvGWEk84NDQ1,Media
2026-01-26T08:38:05.798927,tellycreates_1767024898_3798402610068876557_48099572342.jpg,https://t.me/+CgUFCvGWEk84NDQ1,Media
2026-01-26T08:38:05.799928,tellycreates_1767024898_3798402610077273630_48099572342.jpg,https://t.me/+CgUFCvGWEk84NDQ1,Media
2026-01-26T08:38:05.799928,tellycreates_1767024898_3798402610219844171_48099572342.jpg,https://t.me/+CgUFCvGWEk84NDQ1,Media
2026-01-26T08:38:05.801928,tellycreates_1767024898_3798402610345713170_48099572342.jpg,https://t.me/+CgUFCvGWEk84NDQ1,Media
2026-01-26T08:38:05.802928,tellydramatv_1763199498_3766312657838973001_12800588363.mp4,https://t.me/+CgUFCvGWEk84NDQ1,Media
2026-01-26T08:38:05.803928,tellysuper.in_1764999589_3781412990780983911_66968557502.mp4,https://t.me/+CgUFCvGWEk84NDQ1,Media
2026-01-26T08:38:05.805928,tellysuper.in_1766395821_3793125448931382339_66968557502.mp4,https://t.me/+CgUFCvGWEk84NDQ1,Media
2026-01-26T08:38:05.806927,tellytimes_official_1766211326_3791577120276436618_45697784900.mp4,https://t.me/+CgUFCvGWEk84NDQ1,Media
2026-01-26T08:42:49.731828,tellytimes_official_1766231253_3791745032140297728_45697784900.jpg,https://t.me/+CgUFCvGWEk84NDQ1,Media
2026-01-26T08:42:49.732831,tellytimes_official_1766231253_3791745032140297728_45697784900.jpg,https://t.me/+CgUFCvGWEk84NDQ1,Media
2026-01-26T08:42:49.733828,tellytimes_official_1766231253_3791745032148714718_45697784900.jpg,https://t.me/+CgUFCvGWEk84NDQ1,Media
2026-01-26T08:42:49.734828,tellytimes_official_1766231253_3791745032148714718_45697784900.jpg,https://t.me/+CgUFCvGWEk84NDQ1,Media
2026-01-26T08:42:49.734828,tendulkarsfamily_1767591140_3803147262017289326_59433955110.mp4,https://t.me/+CgUFCvGWEk84NDQ1,Media
2026-01-26T08:42:49.736828,the.rebel.kid_1766660302_436091172.mp4,https://t.me/+CgUFCvGWEk84NDQ1,Media
2026-01-26T08:42:49.737828,the.rebel.kid_1766669310_436091172.mp4,https://t.me/+CgUFCvGWEk84NDQ1,Media
2026-01-26T08:42:49.739833,the.rebel.kid_1766669322_436091172.mp4,https://t.me/+CgUFCvGWEk84NDQ1,Media
2026-01-26T08:42:49.739833,the.rebel.kid_1766669372_436091172.mp4,https://t.me/+CgUFCvGWEk84NDQ1,Media
2026-01-26T08:42:49.741835,the.rebel.kid_1766669387_436091172.mp4,https://t.me/+CgUFCvGWEk84NDQ1,Media
2026-01-26T08:46:35.414520,the.rebel.kid_1766669646_436091172.jpg,https://t.me/+CgUFCvGWEk84NDQ1,Media
2026-01-26T08:46:35.415520,the.rebel.kid_1766670138_436091172.mp4,https://t.me/+CgUFCvGWEk84NDQ1,Media
2026-01-26T08:46:35.416522,the.rebel.kid_1766672051_436091172.jpg,https://t.me/+CgUFCvGWEk84NDQ1,Media
2026-01-26T08:46:35.417520,the.rebel.kid_1766678043_436091172.jpg,https://t.me/+CgUFCvGWEk84NDQ1,Media
2026-01-26T08:46:35.418520,the.rebel.kid_1766678061_436091172.jpg,https://t.me/+CgUFCvGWEk84NDQ1,Media
2026-01-26T08:46:35.419534,the.rebel.kid_1766678150_436091172.jpg,https://t.me/+CgUFCvGWEk84NDQ1,Media
2026-01-26T08:46:35.419534,the.rebel.kid_1766689867_436091172.mp4,https://t.me/+CgUFCvGWEk84NDQ1,Media
2026-01-26T08:46:35.420523,the.rebel.kid_1766830207_436091172.mp4,https://t.me/+CgUFCvGWEk84NDQ1,Media
2026-01-26T08:46:35.421520,the.rebel.kid_1766833563_436091172.mp4,https://t.me/+CgUFCvGWEk84NDQ1,Media
2026-01-26T08:46:35.422520,the.rebel.kid_1766834145_436091172.mp4,https://t.me/+CgUFCvGWEk84NDQ1,Media
2026-01-26T08:50:26.134763,the.rebel.kid_1766925595_436091172.mp4,https://t.me/+CgUFCvGWEk84NDQ1,Media
2026-01-26T08:50:26.136763,the.rebel.kid_1766929490_436091172.jpg,https://t.me/+CgUFCvGWEk84NDQ1,Media
2026-01-26T08:50:26.137762,the.rebel.kid_1766931628_436091172.jpg,https://t.me/+CgUFCvGWEk84NDQ1,Media
2026-01-26T08:50:26.138763,the.rebel.kid_1766955560_436091172.jpg,https://t.me/+CgUFCvGWEk84NDQ1,Media
2026-01-26T08:50:26.139763,the.rebel.kid_1766956226_436091172.jpg,https://t.me/+CgUFCvGWEk84NDQ1,Media
2026-01-26T08:50:26.140777,the.rebel.kid_1767222172_436091172.mp4,https://t.me/+CgUFCvGWEk84NDQ1,Media
2026-01-26T08:50:26.141765,the.rebel.kid_1767250572_436091172.mp4,https://t.me/+CgUFCvGWEk84NDQ1,Media
2026-01-26T08:50:26.142764,the.rebel.kid_1767255963_436091172.mp4,https://t.me/+CgUFCvGWEk84NDQ1,Media
2026-01-26T08:50:26.143763,the.rebel.kid_1767299683_436091172.mp4,https://t.me/+CgUFCvGWEk84NDQ1,Media
2026-01-26T08:50:26.144762,the.rebel.kid_1767580948_436091172.jpg,https://t.me/+CgUFCvGWEk84NDQ1,Media
2026-01-26T08:54:51.476501,the.rebel.kid_1767580965_436091172.jpg,https://t.me/+CgUFCvGWEk84NDQ1,Media
2026-01-26T08:54:51.477949,the.rebel.kid_1767595159_436091172.mp4,https://t.me/+CgUFCvGWEk84NDQ1,Media
2026-01-26T08:54:51.479263,the.rebel.kid_1768232953_436091172.mp4,https://t.me/+CgUFCvGWEk84NDQ1,Media
2026-01-26T08:54:51.480685,the.rebel.kid_1768865904_436091172.mp4,https://t.me/+CgUFCvGWEk84NDQ1,Media
2026-01-26T08:54:51.481734,the.rebel.kid_1768871948_436091172.mp4,https://t.me/+CgUFCvGWEk84NDQ1,Media
2026-01-26T08:54:51.482738,the.rebel.kid_1768879176_436091172.jpg,https://t.me/+CgUFCvGWEk84NDQ1,Media
2026-01-26T08:54:51.483776,theabhivalera_1766586661_3794726411874426760_300359724.jpg,https://t.me/+CgUFCvGWEk84NDQ1,Media
2026-01-26T08:54:51.484779,theabhivalera_1766586661_3794726411882833774_300359724.jpg,https://t.me/+CgUFCvGWEk84NDQ1,Media
2026-01-26T08:54:51.485779,theabhivalera_1766586661_3794726411882851171_300359724.jpg,https://t.me/+CgUFCvGWEk84NDQ1,Media
2026-01-26T08:54:51.487259,theabhivalera_1766586661_3794726411908003939_300359724.jpg,https://t.me/+CgUFCvGWEk84NDQ1,Media
2026-01-26T09:00:34.622671,theabhivalera_1766586661_3794726411908018738_300359724.jpg,https://t.me/+CgUFCvGWEk84NDQ1,Media
2026-01-26T09:00:34.623672,thecidhant_1753962487_3688826998991160852_66653120024.mp4,https://t.me/+CgUFCvGWEk84NDQ1,Media
2026-01-26T09:00:34.625672,thecidhant_1761863082_3755102049193739484_66653120024.mp4,https://t.me/+CgUFCvGWEk84NDQ1,Media
2026-01-26T09:00:34.627672,theclosetdiariess_1768219852_3808425042460334739_4823479372.mp4,https://t.me/+CgUFCvGWEk84NDQ1,Media
2026-01-26T09:00:34.628671,theclosetdiariess_1768228211_3808494011917574052_4823479372.mp4,https://t.me/+CgUFCvGWEk84NDQ1,Media
2026-01-26T09:00:34.629685,theentertainmentassignment_1765814507_3788247913185426480_8412617147.mp4,https://t.me/+CgUFCvGWEk84NDQ1,Media
2026-01-26T09:00:34.630677,thegdmagazine_1768561630_3811293471810553739_49229777422.mp4,https://t.me/+CgUFCvGWEk84NDQ1,Media
2026-01-26T09:00:34.632168,thehimachalipodcaster_1768222551_3808446259280476164_61927015297.mp4,https://t.me/+CgUFCvGWEk84NDQ1,Media
2026-01-26T09:00:34.633180,thehimachalipodcaster_1768222551_3808449251580790147_61927015297.jpg,https://t.me/+CgUFCvGWEk84NDQ1,Media
2026-01-26T09:00:34.634642,thehimachalipodcaster_1768222551_3808449251589176237_61927015297.jpg,https://t.me/+CgUFCvGWEk84NDQ1,Media
2026-01-26T09:05:07.781390,thehimachalipodcaster_1768222551_3808449251647911702_61927015297.jpg,https://t.me/+CgUFCvGWEk84NDQ1,Media
2026-01-26T09:05:07.783390,thehimachalipodcaster_1768222551_3808449251664715401_61927015297.jpg,https://t.me/+CgUFCvGWEk84NDQ1,Media
2026-01-26T09:05:07.783390,thehimachalipodcaster_1768222551_3808449251706649663_61927015297.jpg,https://t.me/+CgUFCvGWEk84NDQ1,Media
2026-01-26T09:05:07.784390,thehimachalipodcaster_1768222551_3808449251715025859_61927015297.jpg,https://t.me/+CgUFCvGWEk84NDQ1,Media
2026-01-26T09:05:07.785390,thehimachalipodcaster_1768222551_3808449251874413845_61927015297.jpg,https://t.me/+CgUFCvGWEk84NDQ1,Media
2026-01-26T09:05:07.786390,thehimachalipodcaster_1768222551_3808449251874420989_61927015297.jpg,https://t.me/+CgUFCvGWEk84NDQ1,Media
2026-01-26T09:05:07.787391,theiconicvibe_1768150078_3807841012353709332_52100760633.mp4,https://t.me/+CgUFCvGWEk84NDQ1,Media
2026-01-26T09:05:07.788391,thenameisyash_1767157208_3799512505392098631_9156769353.jpg,https://t.me/+CgUFCvGWEk84NDQ1,Media
2026-01-26T09:05:07.788391,thenews.vala_1768648194_3812018947864965103_70297430059.mp4,https://t.me/+CgUFCvGWEk84NDQ1,Media
2026-01-26T09:05:07.790391,theonlykhushigupta_1767967365_3806307670164664074_1743194684.mp4,https://t.me/+CgUFCvGWEk84NDQ1,Media
2026-01-26T09:11:41.905970,theonlykhushigupta_1767967365_3806307705371685962_1743194684.mp4,https://t.me/+CgUFCvGWEk84NDQ1,Media
2026-01-26T09:11:41.906971,theonlykhushigupta_1767967365_3806307731409918272_1743194684.mp4,https://t.me/+CgUFCvGWEk84NDQ1,Media
2026-01-26T09:11:41.907971,theonlykhushigupta_1767967365_3806307751802598702_1743194684.mp4,https://t.me/+CgUFCvGWEk84NDQ1,Media
2026-01-26T09:11:41.908971,theonlykhushigupta_1767967365_3806307770903465417_1743194684.mp4,https://t.me/+CgUFCvGWEk84NDQ1,Media
2026-01-26T09:11:41.909971,theonlykhushigupta_1767967365_3806307942299503988_1743194684.mp4,https://t.me/+CgUFCvGWEk84NDQ1,Media
2026-01-26T09:11:41.910970,theonlykhushigupta_1767967365_3806307963010963402_1743194684.mp4,https://t.me/+CgUFCvGWEk84NDQ1,Media
2026-01-26T09:11:41.910970,theonlykhushigupta_1767967365_3806307993537121315_1743194684.mp4,https://t.me/+CgUFCvGWEk84NDQ1,Media
2026-01-26T09:11:41.913051,theonlykhushigupta_1767967365_3806308116379895587_1743194684.mp4,https://t.me/+CgUFCvGWEk84NDQ1,Media
2026-01-26T09:11:41.913051,theonlykhushigupta_1767967365_3806308145161219353_1743194684.mp4,https://t.me/+CgUFCvGWEk84NDQ1,Media
2026-01-26T09:11:41.914970,theonlykhushigupta_1767967365_3806308157064619578_1743194684.mp4,https://t.me/+CgUFCvGWEk84NDQ1,Media
2026-01-26T09:18:55.500226,theonlykhushigupta_1767967365_3806308337067390921_1743194684.mp4,https://t.me/+CgUFCvGWEk84NDQ1,Media
2026-01-26T09:18:55.501225,theonlykhushigupta_1767967365_3806308602071875968_1743194684.jpg,https://t.me/+CgUFCvGWEk84NDQ1,Media
2026-01-26T09:18:55.502225,theonlykhushigupta_1767967366_3806308093344803407_1743194684.mp4,https://t.me/+CgUFCvGWEk84NDQ1,Media
2026-01-26T09:18:55.504234,theonlykhushigupta_1767967366_3806308263499273175_1743194684.mp4,https://t.me/+CgUFCvGWEk84NDQ1,Media
2026-01-26T09:18:55.505224,thepaparazzi.in_1766731687_3795940519403076671_67594640838.mp4,https://t.me/+CgUFCvGWEk84NDQ1,Media
2026-01-26T09:18:55.506225,thephoto_hunger_1766644022_3795207482310971612_3461537142.mp4,https://t.me/+CgUFCvGWEk84NDQ1,Media
2026-01-26T09:18:55.507225,theranveershowpodcast_1767108614_3799105023423367590_33387182893.mp4,https://t.me/+CgUFCvGWEk84NDQ1,Media
2026-01-26T09:18:55.508225,therealkarismakapoor_1766812427_1460581245.jpg,https://t.me/+CgUFCvGWEk84NDQ1,Media
2026-01-26T09:18:55.509225,therealkarismakapoor_1766812796_1460581245.jpg,https://t.me/+CgUFCvGWEk84NDQ1,Media
2026-01-26T09:18:55.510225,therealkarismakapoor_1766814757_1460581245.mp4,https://t.me/+CgUFCvGWEk84NDQ1,Media
2026-01-26T09:19:54.251121,therealkarismakapoor_1766817946_1460581245.mp4,https://t.me/+CgUFCvGWEk84NDQ1,Media
2026-01-26T09:19:54.252121,therealkarismakapoor_1766819676_1460581245.jpg,https://t.me/+CgUFCvGWEk84NDQ1,Media
2026-01-26T09:19:54.253121,therealkarismakapoor_1766820389_1460581245.jpg,https://t.me/+CgUFCvGWEk84NDQ1,Media
2026-01-26T09:19:54.254121,theshilpashetty_1767867601_1904097264.jpg,https://t.me/+CgUFCvGWEk84NDQ1,Media
2026-01-26T09:19:54.255121,theshilpashetty_1767867601_1904097264.jpg,https://t.me/+CgUFCvGWEk84NDQ1,Media
2026-01-26T09:19:54.255121,the_parthsamthaan_1766846936_3796909758784640537_2318117563.jpg,https://t.me/+CgUFCvGWEk84NDQ1,Media
2026-01-26T09:19:54.256121,the_parthsamthaan_1766846936_3796909758801409320_2318117563.jpg,https://t.me/+CgUFCvGWEk84NDQ1,Media
2026-01-26T09:19:54.257121,the_parthsamthaan_1766846936_3796909758801410412_2318117563.jpg,https://t.me/+CgUFCvGWEk84NDQ1,Media
2026-01-26T09:19:54.257121,the_parthsamthaan_1766846936_3796909758944009819_2318117563.jpg,https://t.me/+CgUFCvGWEk84NDQ1,Media
2026-01-26T09:19:54.258121,tinadatta_1767262524_3800395963580621911_503814618.jpg,https://t.me/+CgUFCvGWEk84NDQ1,Media
2026-01-26T09:20:47.179635,tinadatta_1767262524_3800395963589001619_503814618.jpg,https://t.me/+CgUFCvGWEk84NDQ1,Media
2026-01-26T09:20:47.180634,tinadatta_1767262524_3800395963589032400_503814618.jpg,https://t.me/+CgUFCvGWEk84NDQ1,Media
2026-01-26T09:20:47.181643,tinadatta_1767262524_3800395963589043052_503814618.jpg,https://t.me/+CgUFCvGWEk84NDQ1,Media
2026-01-26T09:20:47.182634,tinadatta_1767262524_3800395963589046303_503814618.jpg,https://t.me/+CgUFCvGWEk84NDQ1,Media
2026-01-26T09:20:47.184643,tinadatta_1767262524_3800395963589054290_503814618.jpg,https://t.me/+CgUFCvGWEk84NDQ1,Media
2026-01-26T09:20:47.185635,tinadatta_1767262524_3800395963589061947_503814618.jpg,https://t.me/+CgUFCvGWEk84NDQ1,Media
2026-01-26T09:20:47.185635,tinadatta_1767262524_3800395963597411614_503814618.jpg,https://t.me/+CgUFCvGWEk84NDQ1,Media
2026-01-26T09:20:47.186634,tinadatta_1767262524_3800395963597417408_503814618.jpg,https://t.me/+CgUFCvGWEk84NDQ1,Media
2026-01-26T09:20:47.187635,tinadatta_1767262524_3800395963597417679_503814618.jpg,https://t.me/+CgUFCvGWEk84NDQ1,Media
2026-01-26T09:20:47.188635,tinadatta_1767262524_3800395963664520404_503814618.jpg,https://t.me/+CgUFCvGWEk84NDQ1,Media
2026-01-26T09:21:49.861096,tinadatta_1767262524_3800395963664542627_503814618.jpg,https://t.me/+CgUFCvGWEk84NDQ1,Media
2026-01-26T09:21:49.862086,tinadatta_1767262524_3800395963849074448_503814618.jpg,https://t.me/+CgUFCvGWEk84NDQ1,Media
2026-01-26T09:21:49.862086,tinadatta_1767262524_3800395963857454822_503814618.jpg,https://t.me/+CgUFCvGWEk84NDQ1,Media
2026-01-26T09:21:49.863086,tinadatta_1767583225_3803086199024999414_503814618.jpg,https://t.me/+CgUFCvGWEk84NDQ1,Media
2026-01-26T09:21:49.864086,tinadatta_1767583225_3803086199025026994_503814618.jpg,https://t.me/+CgUFCvGWEk84NDQ1,Media
2026-01-26T09:21:49.865089,tinadatta_1767583225_3803086199025033299_503814618.jpg,https://t.me/+CgUFCvGWEk84NDQ1,Media
2026-01-26T09:21:49.866087,tinadatta_1767583225_3803086199033418941_503814618.jpg,https://t.me/+CgUFCvGWEk84NDQ1,Media
2026-01-26T09:21:49.866087,tinadatta_1767583225_3803086199150826106_503814618.jpg,https://t.me/+CgUFCvGWEk84NDQ1,Media
2026-01-26T09:21:49.867088,tinadatta_1767583225_3803086199360571302_503814618.jpg,https://t.me/+CgUFCvGWEk84NDQ1,Media
2026-01-26T09:21:49.868088,tinadatta_1768562067_503814618.mp4,https://t.me/+CgUFCvGWEk84NDQ1,Media
2026-01-26T09:28:44.942755,tinadatta_1768562891_503814618.mp4,https://t.me/+CgUFCvGWEk84NDQ1,Media
2026-01-26T09:28:44.943756,tinadatta_1768564508_503814618.mp4,https://t.me/+CgUFCvGWEk84NDQ1,Media
2026-01-26T09:28:44.944756,tinadatta_1768564685_503814618.mp4,https://t.me/+CgUFCvGWEk84NDQ1,Media
2026-01-26T09:28:44.945756,tinadatta_1768564833_503814618.mp4,https://t.me/+CgUFCvGWEk84NDQ1,Media
2026-01-26T09:28:44.946756,tinadatta_1768564953_503814618.mp4,https://t.me/+CgUFCvGWEk84NDQ1,Media
2026-01-26T09:28:44.948756,tinadatta_1768577723_503814618.mp4,https://t.me/+CgUFCvGWEk84NDQ1,Media
2026-01-26T09:28:44.949756,tinadatta_1768577835_503814618.mp4,https://t.me/+CgUFCvGWEk84NDQ1,Media
2026-01-26T09:28:44.950760,tinadatta_1768580129_503814618.mp4,https://t.me/+CgUFCvGWEk84NDQ1,Media
2026-01-26T09:28:44.951760,tinadatta_1768580756_503814618.mp4,https://t.me/+CgUFCvGWEk84NDQ1,Media
2026-01-26T09:28:44.952760,tinadatta_1768633141_503814618.mp4,https://t.me/+CgUFCvGWEk84NDQ1,Media
2026-01-26T09:41:10.136370,tinadatta_1768665846_503814618 (1).mp4,https://t.me/+CgUFCvGWEk84NDQ1,Media
2026-01-26T09:41:10.138369,tinadatta_1768665846_503814618.mp4,https://t.me/+CgUFCvGWEk84NDQ1,Media
2026-01-26T09:41:10.139369,tinkal_25_1766839700_8019958544.mp4,https://t.me/+CgUFCvGWEk84NDQ1,Media
2026-01-26T09:41:10.140370,tinkal_25_1766839704_8019958544.mp4,https://t.me/+CgUFCvGWEk84NDQ1,Media
2026-01-26T09:41:10.142369,tinkal_25_1767273005_8019958544.mp4,https://t.me/+CgUFCvGWEk84NDQ1,Media
2026-01-26T09:41:10.143370,tinkal_25_1767273092_8019958544.mp4,https://t.me/+CgUFCvGWEk84NDQ1,Media
2026-01-26T09:41:10.143370,tinkal_25_1767273142_8019958544.mp4,https://t.me/+CgUFCvGWEk84NDQ1,Media
2026-01-26T09:41:10.144369,tollywoodtide_1759642749_3736473126126307643_68599625121.mp4,https://t.me/+CgUFCvGWEk84NDQ1,Media
2026-01-26T09:41:10.145858,tollywoodtide_1765349180_3784343559710320403_68599625121.mp4,https://t.me/+CgUFCvGWEk84NDQ1,Media
2026-01-26T09:41:10.147862,tollywoodtide_1766382669_3793014164466842801_68599625121.mp4,https://t.me/+CgUFCvGWEk84NDQ1,Media
2026-01-26T09:57:15.199951,totalfilmii_1765888102_3788866334319238422_49056517772.mp4,https://t.me/+CgUFCvGWEk84NDQ1,Media
2026-01-26T09:57:15.200951,totalfilmii_1766592431_3794774465997987699_49056517772.mp4,https://t.me/+CgUFCvGWEk84NDQ1,Media
2026-01-26T09:57:15.202951,totalfilmii_1766988787_3798099550808839375_49056517772.mp4,https://t.me/+CgUFCvGWEk84NDQ1,Media
2026-01-26T09:57:15.204951,travelandleisureindia_1766475106_3793790125596692135_1231146661.mp4,https://t.me/+CgUFCvGWEk84NDQ1,Media
2026-01-26T09:57:15.206951,trendingbeautz_1765528611_3785850342811549922_44830234698.mp4,https://t.me/+CgUFCvGWEk84NDQ1,Media
2026-01-26T09:57:15.207951,trishaxloves_1763979444_3772855337976639190_63681987963.mp4,https://t.me/+CgUFCvGWEk84NDQ1,Media
2026-01-26T09:57:15.209951,trulytimes_news_1753758841_3687118328501594407_18423267745.mp4,https://t.me/+CgUFCvGWEk84NDQ1,Media
2026-01-26T09:57:15.210950,tseries.official_1766897004_3797329220063052246_1103704045.mp4,https://t.me/+CgUFCvGWEk84NDQ1,Media
2026-01-26T09:57:15.211950,tseries.official_1766981741_3798040151386589668_1103704045.mp4,https://t.me/+CgUFCvGWEk84NDQ1,Media
2026-01-26T09:57:15.213951,tseries.official_1767173777_3799651316486964505_1103704045.mp4,https://t.me/+CgUFCvGWEk84NDQ1,Media
2026-01-26T10:00:13.803193,tseriesfilms_1767205992_3799921734162588316_10448539756.jpg,https://t.me/+CgUFCvGWEk84NDQ1,Media
2026-01-26T10:00:13.804193,tseriesfilms_1768408814_3810010640929270650_10448539756.mp4,https://t.me/+CgUFCvGWEk84NDQ1,Media
2026-01-26T10:00:13.805193,tulsikumar15_1766727583_1202306893.mp4,https://t.me/+CgUFCvGWEk84NDQ1,Media
2026-01-26T10:00:13.806193,tulsikumar15_1766740493_1202306893.jpg,https://t.me/+CgUFCvGWEk84NDQ1,Media
2026-01-26T10:00:13.806193,tulsikumar15_1766750746_1202306893.jpg,https://t.me/+CgUFCvGWEk84NDQ1,Media
2026-01-26T10:00:13.807193,tulsikumar15_1766763289_1202306893.mp4,https://t.me/+CgUFCvGWEk84NDQ1,Media
2026-01-26T10:00:13.808192,tulsikumar15_1766764188_1202306893.jpg,https://t.me/+CgUFCvGWEk84NDQ1,Media
2026-01-26T10:00:13.809193,tulsikumar15_1768210963_1202306893.mp4,https://t.me/+CgUFCvGWEk84NDQ1,Media
2026-01-26T10:00:13.810193,tulsikumar15_1768215957_1202306893.jpg,https://t.me/+CgUFCvGWEk84NDQ1,Media
2026-01-26T10:00:13.811193,tulsikumar15_1768239162_1202306893.jpg,https://t.me/+CgUFCvGWEk84NDQ1,Media
2026-01-26T10:04:43.323416,turki_1768689086_3812362365304360764_7020673524.mp4,https://t.me/+CgUFCvGWEk84NDQ1,Media
2026-01-26T10:04:43.325431,tv_actress_beauties_1763820171_3771519411720204425_26964030808.jpg,https://t.me/+CgUFCvGWEk84NDQ1,Media
2026-01-26T10:04:43.327432,tv_actress_beauties_1763820171_3771519411720204425_26964030808.jpg,https://t.me/+CgUFCvGWEk84NDQ1,Media
2026-01-26T10:04:43.328424,tv_actress_beauties_1763820171_3771519411728555670_26964030808.jpg,https://t.me/+CgUFCvGWEk84NDQ1,Media
2026-01-26T10:04:43.331806,tv_actress_beauties_1763820171_3771519411728555670_26964030808.jpg,https://t.me/+CgUFCvGWEk84NDQ1,Media
2026-01-26T10:04:43.332767,tv_actress_beauties_1763820171_3771519411728561617_26964030808.jpg,https://t.me/+CgUFCvGWEk84NDQ1,Media
2026-01-26T10:04:43.333423,tv_actress_beauties_1763820171_3771519411728561617_26964030808.jpg,https://t.me/+CgUFCvGWEk84NDQ1,Media
2026-01-26T10:04:43.334424,tv_actress_beauties_1763820171_3771519411728609941_26964030808.jpg,https://t.me/+CgUFCvGWEk84NDQ1,Media
2026-01-26T10:04:43.335432,tv_actress_beauties_1763820171_3771519411728609941_26964030808.jpg,https://t.me/+CgUFCvGWEk84NDQ1,Media
2026-01-26T10:04:43.335432,tv_actress_beauties_1763820171_3771519411854406563_26964030808.jpg,https://t.me/+CgUFCvGWEk84NDQ1,Media
2026-01-26T10:13:31.093379,tv_actress_beauties_1763820171_3771519412106074942_26964030808.jpg,https://t.me/+CgUFCvGWEk84NDQ1,Media
2026-01-26T10:13:31.094379,tv_showindia_1762684932_3761994800355361042_72995257325.mp4,https://t.me/+CgUFCvGWEk84NDQ1,Media
2026-01-26T10:13:31.096379,twinkle_vasisht_1765222319_1151179707.jpg,https://t.me/+CgUFCvGWEk84NDQ1,Media
2026-01-26T10:13:31.098379,twinkle_vasisht_1765222319_1151179707.jpg,https://t.me/+CgUFCvGWEk84NDQ1,Media
2026-01-26T10:13:31.098379,v2v_edt_1764505360_3777266172149523332_53801186899.mp4,https://t.me/+CgUFCvGWEk84NDQ1,Media
2026-01-26T10:13:31.100379,valentine.couture_1767451989_3801982727327979330_50418498569.mp4,https://t.me/+CgUFCvGWEk84NDQ1,Media
2026-01-26T10:13:31.101378,valeriepereez__1766432418_3793431100329527516_72352568931.mp4,https://t.me/+CgUFCvGWEk84NDQ1,Media
2026-01-26T10:13:31.102379,varinderchawla_lifestyle_1760264989_3741696228783755375_55942806851.mp4,https://t.me/+CgUFCvGWEk84NDQ1,Media
2026-01-26T10:13:31.104379,varinderchawla_lifestyle_1760649474_3744921500735760177_55942806851.mp4,https://t.me/+CgUFCvGWEk84NDQ1,Media
2026-01-26T10:13:31.105379,varinderchawla_lifestyle_1762957850_3764285628839332546_55942806851.mp4,https://t.me/+CgUFCvGWEk84NDQ1,Media
2026-01-26T10:22:37.558019,varinderchawla_lifestyle_1764663354_3778592403012953138_55942806851.mp4,https://t.me/+CgUFCvGWEk84NDQ1,Media
2026-01-26T10:22:37.560028,varinderchawla_lifestyle_1765533087_3785888256526347789_55942806851.mp4,https://t.me/+CgUFCvGWEk84NDQ1,Media
2026-01-26T10:22:37.562028,varinderchawla_lifestyle_1766576700_3794642699975645880_55942806851.mp4,https://t.me/+CgUFCvGWEk84NDQ1,Media
2026-01-26T10:22:37.563028,varinderchawla_lifestyle_1767229372_3800117747678458620_55942806851.mp4,https://t.me/+CgUFCvGWEk84NDQ1,Media
2026-01-26T10:22:37.564028,vedikabhandari_1766697363_650188737.mp4,https://t.me/+CgUFCvGWEk84NDQ1,Media
2026-01-26T10:22:37.565027,vedikabhandari_1766721911_650188737.mp4,https://t.me/+CgUFCvGWEk84NDQ1,Media
2026-01-26T10:22:37.566027,vedikabhandari_1766733503_650188737.mp4,https://t.me/+CgUFCvGWEk84NDQ1,Media
2026-01-26T10:22:37.567028,vedikabhandari_1766736803_650188737.mp4,https://t.me/+CgUFCvGWEk84NDQ1,Media
2026-01-26T10:22:37.567028,vedikabhandari_1766738414_650188737.mp4,https://t.me/+CgUFCvGWEk84NDQ1,Media
2026-01-26T10:22:37.568027,vedikabhandari_1766899730_650188737.mp4,https://t.me/+CgUFCvGWEk84NDQ1,Media
2026-01-26T10:24:02.740665,vedikabhandari_1766906861_650188737.mp4,https://t.me/+CgUFCvGWEk84NDQ1,Media
2026-01-26T10:24:02.741657,vedikabhandari_1766919703_650188737.mp4,https://t.me/+CgUFCvGWEk84NDQ1,Media
2026-01-26T10:24:02.742659,vedikabhandari_1766931980_650188737.mp4,https://t.me/+CgUFCvGWEk84NDQ1,Media
2026-01-26T10:24:02.742659,vedikabhandari_1766931995_650188737.mp4,https://t.me/+CgUFCvGWEk84NDQ1,Media
2026-01-26T10:24:02.744657,vedikabhandari_1767033069_650188737.mp4,https://t.me/+CgUFCvGWEk84NDQ1,Media
2026-01-26T10:24:02.744657,vedikabhandari_1767060307_650188737.mp4,https://t.me/+CgUFCvGWEk84NDQ1,Media
2026-01-26T10:24:02.745657,vedikabhandari_1767060323_650188737.mp4,https://t.me/+CgUFCvGWEk84NDQ1,Media
2026-01-26T10:24:02.746657,vedikabhandari_1767060332_650188737.mp4,https://t.me/+CgUFCvGWEk84NDQ1,Media
2026-01-26T10:24:02.747656,vedikabhandari_1767070797_650188737.mp4,https://t.me/+CgUFCvGWEk84NDQ1,Media
2026-01-26T10:24:02.749659,vedikabhandari_1767074496_650188737.mp4,https://t.me/+CgUFCvGWEk84NDQ1,Media
2026-01-26T10:27:10.066760,vedikabhandari_1767076179_650188737.mp4,https://t.me/+CgUFCvGWEk84NDQ1,Media
2026-01-26T10:27:10.067761,vedikabhandari_1767076203_650188737.mp4,https://t.me/+CgUFCvGWEk84NDQ1,Media
2026-01-26T10:27:10.068761,vedikabhandari_1767285871_650188737.mp4,https://t.me/+CgUFCvGWEk84NDQ1,Media
2026-01-26T10:27:10.069761,vedikabhandari_1767285887_650188737.mp4,https://t.me/+CgUFCvGWEk84NDQ1,Media
2026-01-26T10:27:10.070760,vedikabhandari_1767290576_650188737.mp4,https://t.me/+CgUFCvGWEk84NDQ1,Media
2026-01-26T10:27:10.071760,vedikabhandari_1767339118_650188737.mp4,https://t.me/+CgUFCvGWEk84NDQ1,Media
2026-01-26T10:27:10.072760,vedikabhandari_1767349508_650188737.mp4,https://t.me/+CgUFCvGWEk84NDQ1,Media
2026-01-26T10:27:10.073760,vedikabhandari_1767360764_650188737.mp4,https://t.me/+CgUFCvGWEk84NDQ1,Media
2026-01-26T10:27:10.073760,vedikabhandari_1767363478_650188737.mp4,https://t.me/+CgUFCvGWEk84NDQ1,Media
2026-01-26T10:27:10.074760,vedikabhandari_1767416784_650188737.mp4,https://t.me/+CgUFCvGWEk84NDQ1,Media
2026-01-26T10:33:03.618805,vedikabhandari_1767429537_650188737.mp4,https://t.me/+CgUFCvGWEk84NDQ1,Media
2026-01-26T10:33:03.619805,vedikabhandari_1768217765_650188737.mp4,https://t.me/+CgUFCvGWEk84NDQ1,Media
2026-01-26T10:33:03.621805,vedikabhandari_1768221017_650188737.mp4,https://t.me/+CgUFCvGWEk84NDQ1,Media
2026-01-26T10:33:03.621805,vedikabhandari_1768242487_650188737.mp4,https://t.me/+CgUFCvGWEk84NDQ1,Media
2026-01-26T10:33:03.623805,vedikabhandari_1768375509_650188737.mp4,https://t.me/+CgUFCvGWEk84NDQ1,Media
2026-01-26T10:33:03.624812,vedikabhandari_1768402295_650188737.mp4,https://t.me/+CgUFCvGWEk84NDQ1,Media
2026-01-26T10:33:03.625805,vedikabhandari_1768709349_650188737.mp4,https://t.me/+CgUFCvGWEk84NDQ1,Media
2026-01-26T10:33:03.626805,vedikabhandari_1768716290_650188737.mp4,https://t.me/+CgUFCvGWEk84NDQ1,Media
2026-01-26T10:33:03.627804,vedikabhandari_1768729553_650188737.mp4,https://t.me/+CgUFCvGWEk84NDQ1,Media
2026-01-26T10:33:03.627804,vedikabhandari_1768739771_650188737.mp4,https://t.me/+CgUFCvGWEk84NDQ1,Media
2026-01-26T10:34:52.515306,vedikabhandari_1768739789_650188737.mp4,https://t.me/+CgUFCvGWEk84NDQ1,Media
2026-01-26T10:34:52.516307,vedikabhandari_1768739808_650188737.mp4,https://t.me/+CgUFCvGWEk84NDQ1,Media
2026-01-26T10:34:52.516307,vedikabhandari_1768748265_650188737.mp4,https://t.me/+CgUFCvGWEk84NDQ1,Media
2026-01-26T10:34:52.517307,vedikabhandari_1768759232_650188737.mp4,https://t.me/+CgUFCvGWEk84NDQ1,Media
2026-01-26T10:34:52.519306,vedikabhandari_1768912680_650188737.mp4,https://t.me/+CgUFCvGWEk84NDQ1,Media
2026-01-26T10:34:52.520307,vedikabhandari_1768927216_650188737.mp4,https://t.me/+CgUFCvGWEk84NDQ1,Media
2026-01-26T10:34:52.520307,vedi__10_1768798792_3813283114965856020_63268702275.jpg,https://t.me/+CgUFCvGWEk84NDQ1,Media
2026-01-26T10:34:52.521309,vedi__10_1768798792_3813283114965856020_63268702275.jpg,https://t.me/+CgUFCvGWEk84NDQ1,Media
2026-01-26T10:34:52.522321,vedi__10_1768798792_3813283115536276439_63268702275.jpg,https://t.me/+CgUFCvGWEk84NDQ1,Media
2026-01-26T10:34:52.523318,vedi__10_1768798792_3813283115536276439_63268702275.jpg,https://t.me/+CgUFCvGWEk84NDQ1,Media
2026-01-26T10:36:48.308657,vidhiipandya_1766924161_1114909532.jpg,https://t.me/+CgUFCvGWEk84NDQ1,Media
2026-01-26T10:36:48.309657,vidhiipandya_1766925383_1114909532.mp4,https://t.me/+CgUFCvGWEk84NDQ1,Media
2026-01-26T10:36:48.310657,vidhiipandya_1767101960_1114909532.jpg,https://t.me/+CgUFCvGWEk84NDQ1,Media
2026-01-26T10:36:48.311657,vidhiipandya_1767103174_1114909532.mp4,https://t.me/+CgUFCvGWEk84NDQ1,Media
2026-01-26T10:36:48.312658,vidhiipandya_1767154082_1114909532.mp4,https://t.me/+CgUFCvGWEk84NDQ1,Media
2026-01-26T10:36:48.313657,vidhiipandya_1768226479_1114909532.jpg,https://t.me/+CgUFCvGWEk84NDQ1,Media
2026-01-26T10:36:48.314657,vidhiipandya_1768227895_1114909532.mp4,https://t.me/+CgUFCvGWEk84NDQ1,Media
2026-01-26T10:36:48.316656,vidhiipandya_1768713296_1114909532.mp4,https://t.me/+CgUFCvGWEk84NDQ1,Media
2026-01-26T10:36:48.317658,vidhiipandya_1768723621_1114909532.mp4,https://t.me/+CgUFCvGWEk84NDQ1,Media
2026-01-26T10:36:48.317658,vidhiipandya_1768749396_1114909532.mp4,https://t.me/+CgUFCvGWEk84NDQ1,Media
2026-01-26T10:42:29.659760,vidishasrivastava_1768563133_1514689047.mp4,https://t.me/+CgUFCvGWEk84NDQ1,Media
2026-01-26T10:42:29.661766,vidishasrivastava_1768563150_1514689047.mp4,https://t.me/+CgUFCvGWEk84NDQ1,Media
2026-01-26T10:42:29.663759,vidishasrivastava_1768576294_1514689047.mp4,https://t.me/+CgUFCvGWEk84NDQ1,Media
2026-01-26T10:42:29.664758,vidishasrivastava_1768583118_1514689047.mp4,https://t.me/+CgUFCvGWEk84NDQ1,Media
2026-01-26T10:42:29.664758,vidishasrivastava_1768583128_1514689047.jpg,https://t.me/+CgUFCvGWEk84NDQ1,Media
2026-01-26T10:42:29.665759,vidishasrivastava_1768587034_1514689047.mp4,https://t.me/+CgUFCvGWEk84NDQ1,Media
2026-01-26T10:42:29.666766,vinali_bhatnagar_1767626655_1646984829.mp4,https://t.me/+CgUFCvGWEk84NDQ1,Media
2026-01-26T10:42:29.666766,vinali_bhatnagar_1768384516_1646984829.jpg,https://t.me/+CgUFCvGWEk84NDQ1,Media
2026-01-26T10:42:29.667758,vinali_bhatnagar_1768385488_1646984829.mp4,https://t.me/+CgUFCvGWEk84NDQ1,Media
2026-01-26T10:42:29.668759,vinali_bhatnagar_1768388646_1646984829.mp4,https://t.me/+CgUFCvGWEk84NDQ1,Media
2026-01-26T11:01:13.133070,visionbollywoood_1766397651_3793139626627125318_52610386092.mp4,https://t.me/+CgUFCvGWEk84NDQ1,Media
2026-01-26T11:01:13.135071,viyaaa.jainnn_1766169538_3791226778242194151_9142385038.mp4,https://t.me/+CgUFCvGWEk84NDQ1,Media
2026-01-26T11:01:13.137066,voompla_1760641584_3744853686800863733_2047061280.mp4,https://t.me/+CgUFCvGWEk84NDQ1,Media
2026-01-26T11:01:13.139069,voompla_1763757734_3770995373490476584_2047061280.mp4,https://t.me/+CgUFCvGWEk84NDQ1,Media
2026-01-26T11:01:13.141069,voompla_1764666021_3778614110339090341_2047061280.mp4,https://t.me/+CgUFCvGWEk84NDQ1,Media
2026-01-26T11:01:13.142082,voompla_1765458522_3785262231538246233_2047061280.mp4,https://t.me/+CgUFCvGWEk84NDQ1,Media
2026-01-26T11:01:13.144067,voompla_1766503975_3794032453288718038_2047061280.mp4,https://t.me/+CgUFCvGWEk84NDQ1,Media
2026-01-26T11:01:13.146069,voompla_1767619766_3803392019712843045_2047061280.mp4,https://t.me/+CgUFCvGWEk84NDQ1,Media
2026-01-26T11:01:13.147068,voompla_1768041142_3806927099525769854_2047061280.mp4,https://t.me/+CgUFCvGWEk84NDQ1,Media
2026-01-26T11:01:13.149067,voompla_1768743680_3812820486464375458_2047061280.mp4,https://t.me/+CgUFCvGWEk84NDQ1,Media
2026-01-26T11:09:32.670546,voompla_1768840487_3813632343018225445_2047061280.mp4,https://t.me/+CgUFCvGWEk84NDQ1,Media
2026-01-26T11:09:32.671546,vyrloriginals_1766665920_3795390128957471507_8003297955.mp4,https://t.me/+CgUFCvGWEk84NDQ1,Media
2026-01-26T11:09:32.672544,whatcyrussays_1764662400_3778584568186837650_54864374328.mp4,https://t.me/+CgUFCvGWEk84NDQ1,Media
2026-01-26T11:09:32.674663,wheninmanila_1767270159_3800459176683147663_336320856.mp4,https://t.me/+CgUFCvGWEk84NDQ1,Media
2026-01-26T11:09:32.674663,whokunalthakur_1768546059_341874403.mp4,https://t.me/+CgUFCvGWEk84NDQ1,Media
2026-01-26T11:09:32.675663,whokunalthakur_1768555491_341874403.mp4,https://t.me/+CgUFCvGWEk84NDQ1,Media
2026-01-26T11:09:32.676670,whokunalthakur_1768575330_341874403.mp4,https://t.me/+CgUFCvGWEk84NDQ1,Media
2026-01-26T11:09:32.677670,whokunalthakur_1768579212_341874403.mp4,https://t.me/+CgUFCvGWEk84NDQ1,Media
2026-01-26T11:09:32.678663,whokunalthakur_1768581738_341874403.mp4,https://t.me/+CgUFCvGWEk84NDQ1,Media
2026-01-26T11:09:32.679663,wildmellow.in_1767616626_3803364127297510270_61752463345.mp4,https://t.me/+CgUFCvGWEk84NDQ1,Media
2026-01-26T11:13:28.512725,xframes.exe_1767630701_3803483944277109794_72172433537.mp4,https://t.me/+CgUFCvGWEk84NDQ1,Media
2026-01-26T11:13:28.513733,yashcyx_1766773563_3796293720829251946_35822519383.mp4,https://t.me/+CgUFCvGWEk84NDQ1,Media
2026-01-26T11:13:28.514733,yashwaanjum.mua_1768494173_3810725063364766004_48095634447.mp4,https://t.me/+CgUFCvGWEk84NDQ1,Media
2026-01-26T11:13:28.515733,yashwaanjum.mua_1768494173_3810725665801035656_48095634447.mp4,https://t.me/+CgUFCvGWEk84NDQ1,Media
2026-01-26T11:13:28.516739,yashwaanjum.mua_1768494173_3810726117108147691_48095634447.mp4,https://t.me/+CgUFCvGWEk84NDQ1,Media
2026-01-26T11:13:28.517733,yashwaanjum.mua_1768494173_3810726130487930404_48095634447.mp4,https://t.me/+CgUFCvGWEk84NDQ1,Media
2026-01-26T11:13:28.517733,yashwaanjum.mua_1768494173_3810727784570426906_48095634447.jpg,https://t.me/+CgUFCvGWEk84NDQ1,Media
2026-01-26T11:13:28.518733,yashwaanjum.mua_1768494173_3810727784570473199_48095634447.jpg,https://t.me/+CgUFCvGWEk84NDQ1,Media
2026-01-26T11:13:28.519733,yashwaanjum.mua_1768494173_3810727784612385914_48095634447.jpg,https://t.me/+CgUFCvGWEk84NDQ1,Media
2026-01-26T11:13:28.520733,yashwaanjum.mua_1768494173_3810727784612389314_48095634447.jpg,https://t.me/+CgUFCvGWEk84NDQ1,Media
2026-01-26T11:20:37.606942,yashwaanjum.mua_1768494173_3810727784637589283_48095634447.jpg,https://t.me/+CgUFCvGWEk84NDQ1,Media
2026-01-26T11:20:37.607941,yashwaanjum.mua_1768494173_3810727784637593088_48095634447.jpg,https://t.me/+CgUFCvGWEk84NDQ1,Media
2026-01-26T11:20:37.608942,yashwaanjum.mua_1768494173_3810727784637594130_48095634447.jpg,https://t.me/+CgUFCvGWEk84NDQ1,Media
2026-01-26T11:20:37.609941,yashwaanjum.mua_1768494173_3810727784947934352_48095634447.jpg,https://t.me/+CgUFCvGWEk84NDQ1,Media
2026-01-26T11:20:37.609941,yogenshah_s_1767780386_3804740103990735126_4639673954.jpg,https://t.me/+CgUFCvGWEk84NDQ1,Media
2026-01-26T11:20:37.610943,yogenshah_s_1767780386_3804740103990735126_4639673954.jpg,https://t.me/+CgUFCvGWEk84NDQ1,Media
2026-01-26T11:20:37.611942,yoqkanal_1767044475_3798566619551637942_76348158381.mp4,https://t.me/+CgUFCvGWEk84NDQ1,Media
2026-01-26T11:20:37.612942,yuvikachaudhary_1766755514_3796139359871760775_520478085.mp4,https://t.me/+CgUFCvGWEk84NDQ1,Media
2026-01-26T11:20:37.614941,yuvikachaudhary_1766997807_3798174847356942705_520478085.mp4,https://t.me/+CgUFCvGWEk84NDQ1,Media
2026-01-26T11:20:37.615943,zalak.gohilll_1768208895_3808334523734481849_3639659621.mp4,https://t.me/+CgUFCvGWEk84NDQ1,Media
2026-01-26T11:25:05.596085,zalakdesaiii_1766898216_1306415030.mp4,https://t.me/+CgUFCvGWEk84NDQ1,Media
2026-01-26T11:25:05.598931,zalakdesaiii_1766909495_1306415030.jpg,https://t.me/+CgUFCvGWEk84NDQ1,Media
2026-01-26T11:25:05.599932,zalakdesaiii_1766933339_1306415030.mp4,https://t.me/+CgUFCvGWEk84NDQ1,Media
2026-01-26T11:25:05.601932,zarakhan_1767259603_1838211004.jpg,https://t.me/+CgUFCvGWEk84NDQ1,Media
2026-01-26T11:25:05.602932,zarakhan_1767259644_1838211004.mp4,https://t.me/+CgUFCvGWEk84NDQ1,Media
2026-01-26T11:25:05.603932,zarakhan_1767259671_1838211004.mp4,https://t.me/+CgUFCvGWEk84NDQ1,Media
2026-01-26T11:25:05.603932,zarakhan_1767259694_1838211004.mp4,https://t.me/+CgUFCvGWEk84NDQ1,Media
2026-01-26T11:25:05.604932,zarakhan_1767259721_1838211004.mp4,https://t.me/+CgUFCvGWEk84NDQ1,Media
2026-01-26T11:25:05.606931,zarakhan_1767259948_1838211004.mp4,https://t.me/+CgUFCvGWEk84NDQ1,Media
2026-01-26T11:25:05.606931,zarakhan_1767260147_1838211004.mp4,https://t.me/+CgUFCvGWEk84NDQ1,Media
2026-01-26T11:30:06.537799,zarakhan_1767260167_1838211004.mp4,https://t.me/+CgUFCvGWEk84NDQ1,Media
2026-01-26T11:30:06.538774,zarakhan_1767260197_1838211004.mp4,https://t.me/+CgUFCvGWEk84NDQ1,Media
2026-01-26T11:30:06.540767,zarakhan_1767260214_1838211004.mp4,https://t.me/+CgUFCvGWEk84NDQ1,Media
2026-01-26T11:30:06.542833,zarakhan_1767260244_1838211004.mp4,https://t.me/+CgUFCvGWEk84NDQ1,Media
2026-01-26T11:30:06.543767,zarakhan_1767260261_1838211004.mp4,https://t.me/+CgUFCvGWEk84NDQ1,Media
2026-01-26T11:30:06.543767,zarakhan_1767260271_1838211004.mp4,https://t.me/+CgUFCvGWEk84NDQ1,Media
2026-01-26T11:30:06.544766,zarakhan_1767260279_1838211004.mp4,https://t.me/+CgUFCvGWEk84NDQ1,Media
2026-01-26T11:30:06.545767,zarakhan_1767260328_1838211004.mp4,https://t.me/+CgUFCvGWEk84NDQ1,Media
2026-01-26T11:30:06.547766,zarakhan_1767260338_1838211004.mp4,https://t.me/+CgUFCvGWEk84NDQ1,Media
2026-01-26T11:30:06.548767,zarakhan_1767260413_1838211004.mp4,https://t.me/+CgUFCvGWEk84NDQ1,Media
2026-01-26T11:32:25.348573,zarakhan_1767260942_1838211004.mp4,https://t.me/+CgUFCvGWEk84NDQ1,Media
2026-01-26T11:32:25.349492,zarakhan_1767261197_1838211004.mp4,https://t.me/+CgUFCvGWEk84NDQ1,Media
2026-01-26T11:32:25.350492,zarakhan_1767261244_1838211004.mp4,https://t.me/+CgUFCvGWEk84NDQ1,Media
2026-01-26T11:32:25.350492,zarakhan_1767261384_1838211004.mp4,https://t.me/+CgUFCvGWEk84NDQ1,Media
2026-01-26T11:32:25.351491,zarakhan_1767261822_1838211004.mp4,https://t.me/+CgUFCvGWEk84NDQ1,Media
2026-01-26T11:32:25.352620,zarakhan_1767262145_1838211004.mp4,https://t.me/+CgUFCvGWEk84NDQ1,Media
2026-01-26T11:32:25.353619,zarakhan_1767263069_1838211004.mp4,https://t.me/+CgUFCvGWEk84NDQ1,Media
2026-01-26T11:32:25.354620,zarakhan_1767263102_1838211004.mp4,https://t.me/+CgUFCvGWEk84NDQ1,Media
2026-01-26T11:32:25.355620,zarakhan_1767263429_1838211004.mp4,https://t.me/+CgUFCvGWEk84NDQ1,Media
2026-01-26T11:32:25.355620,zarakhan_1767264114_1838211004.jpg,https://t.me/+CgUFCvGWEk84NDQ1,Media
2026-01-26T11:33:20.375843,zarakhan_1767264191_1838211004.mp4,https://t.me/+CgUFCvGWEk84NDQ1,Media
2026-01-26T11:33:20.376836,zarakhan_1767264354_1838211004.mp4,https://t.me/+CgUFCvGWEk84NDQ1,Media
2026-01-26T11:33:20.377836,zarakhan_1767265982_1838211004.jpg,https://t.me/+CgUFCvGWEk84NDQ1,Media
2026-01-26T11:33:20.378837,zarakhan_1767265998_1838211004.jpg,https://t.me/+CgUFCvGWEk84NDQ1,Media
2026-01-26T11:33:20.379836,zarakhan_1767266021_1838211004.jpg,https://t.me/+CgUFCvGWEk84NDQ1,Media
2026-01-26T11:33:20.379836,zarakhan_1767267201_1838211004.mp4,https://t.me/+CgUFCvGWEk84NDQ1,Media
2026-01-26T11:33:20.380835,zarakhan_1767267219_1838211004.mp4,https://t.me/+CgUFCvGWEk84NDQ1,Media
2026-01-26T11:33:20.381843,zarakhan_1767267225_1838211004.mp4,https://t.me/+CgUFCvGWEk84NDQ1,Media
2026-01-26T11:33:20.382836,zarakhan_1767267234_1838211004.mp4,https://t.me/+CgUFCvGWEk84NDQ1,Media
2026-01-26T11:33:20.383837,zarakhan_1767267242_1838211004.mp4,https://t.me/+CgUFCvGWEk84NDQ1,Media
2026-01-26T11:35:32.980363,zarakhan_1767267254_1838211004.mp4,https://t.me/+CgUFCvGWEk84NDQ1,Media
2026-01-26T11:35:32.981369,zarakhan_1767267270_1838211004.mp4,https://t.me/+CgUFCvGWEk84NDQ1,Media
2026-01-26T11:35:32.982367,zarakhan_1767267277_1838211004.mp4,https://t.me/+CgUFCvGWEk84NDQ1,Media
2026-01-26T11:35:32.983367,zarakhan_1767267295_1838211004.mp4,https://t.me/+CgUFCvGWEk84NDQ1,Media
2026-01-26T11:35:32.984375,zarakhan_1767268979_1838211004.mp4,https://t.me/+CgUFCvGWEk84NDQ1,Media
2026-01-26T11:35:32.985374,zarakhan_1767269679_1838211004.jpg,https://t.me/+CgUFCvGWEk84NDQ1,Media
2026-01-26T11:35:32.986366,zarakhan_1767269686_1838211004.jpg,https://t.me/+CgUFCvGWEk84NDQ1,Media
2026-01-26T11:35:32.987371,zarakhan_1767277105_1838211004.mp4,https://t.me/+CgUFCvGWEk84NDQ1,Media
2026-01-26T11:35:32.988369,zarakhan_1767294486_1838211004.mp4,https://t.me/+CgUFCvGWEk84NDQ1,Media
2026-01-26T11:35:32.989369,zarakhan_1767300098_1838211004.mp4,https://t.me/+CgUFCvGWEk84NDQ1,Media
2026-01-26T11:40:07.402397,zarakhan_1767300124_1838211004.mp4,https://t.me/+CgUFCvGWEk84NDQ1,Media
2026-01-26T11:40:07.405398,zarakhan_1767300132_1838211004.mp4,https://t.me/+CgUFCvGWEk84NDQ1,Media
2026-01-26T11:40:07.407400,zarakhan_1767300166_1838211004.mp4,https://t.me/+CgUFCvGWEk84NDQ1,Media
2026-01-26T11:40:07.408398,zarakhan_1767309206_1838211004.mp4,https://t.me/+CgUFCvGWEk84NDQ1,Media
2026-01-26T11:40:07.409398,zarakhan_1767309470_1838211004.jpg,https://t.me/+CgUFCvGWEk84NDQ1,Media
2026-01-26T11:40:07.410397,zarakhan_1767309575_1838211004.mp4,https://t.me/+CgUFCvGWEk84NDQ1,Media
2026-01-26T11:40:07.411397,zarakhan_1767309651_1838211004.jpg,https://t.me/+CgUFCvGWEk84NDQ1,Media
2026-01-26T11:40:07.412397,zarakhan_1767330253_1838211004.mp4,https://t.me/+CgUFCvGWEk84NDQ1,Media
2026-01-26T11:40:07.413397,zarakhan_1767339017_1838211004.mp4,https://t.me/+CgUFCvGWEk84NDQ1,Media
2026-01-26T11:40:07.413397,zarakhan_1767340266_1838211004.mp4,https://t.me/+CgUFCvGWEk84NDQ1,Media
2026-01-26T11:42:03.519511,zarakhan_1767353794_1838211004.jpg,https://t.me/+CgUFCvGWEk84NDQ1,Media
2026-01-26T11:42:03.520511,zarakhan_1767353833_1838211004.mp4,https://t.me/+CgUFCvGWEk84NDQ1,Media
2026-01-26T11:42:03.520511,zarakhan_1767353921_1838211004.mp4,https://t.me/+CgUFCvGWEk84NDQ1,Media
2026-01-26T11:42:03.521512,zarakhan_1767353942_1838211004.mp4,https://t.me/+CgUFCvGWEk84NDQ1,Media
2026-01-26T11:42:03.522511,zarakhan_1767355287_1838211004.mp4,https://t.me/+CgUFCvGWEk84NDQ1,Media
2026-01-26T11:42:03.523510,zarakhan_1767355324_1838211004.mp4,https://t.me/+CgUFCvGWEk84NDQ1,Media
2026-01-26T11:42:03.524511,zarakhan_1767362171_1838211004.mp4,https://t.me/+CgUFCvGWEk84NDQ1,Media
2026-01-26T11:42:03.524511,zarakhan_1767365394_1838211004.mp4,https://t.me/+CgUFCvGWEk84NDQ1,Media
2026-01-26T11:42:03.525510,zarakhan_1767645216_1838211004.mp4,https://t.me/+CgUFCvGWEk84NDQ1,Media
2026-01-26T11:42:03.527523,zarakhan_1767657297_1838211004.mp4,https://t.me/+CgUFCvGWEk84NDQ1,Media
2026-01-26T11:51:31.551803,zarakhan_1767700086_1838211004.mp4,https://t.me/+CgUFCvGWEk84NDQ1,Media
2026-01-26T11:51:31.552804,zarakhan_1767700152_1838211004.mp4,https://t.me/+CgUFCvGWEk84NDQ1,Media
2026-01-26T11:51:31.553800,zarakhan_1767700186_1838211004.mp4,https://t.me/+CgUFCvGWEk84NDQ1,Media
2026-01-26T11:51:31.555801,zarakhan_1767700213_1838211004.mp4,https://t.me/+CgUFCvGWEk84NDQ1,Media
2026-01-26T11:51:31.557309,zarakhan_1767700336_1838211004.mp4,https://t.me/+CgUFCvGWEk84NDQ1,Media
2026-01-26T11:51:31.559318,zarakhan_1767700350_1838211004.mp4,https://t.me/+CgUFCvGWEk84NDQ1,Media
2026-01-26T11:51:31.560314,zarakhan_1767700548_1838211004.mp4,https://t.me/+CgUFCvGWEk84NDQ1,Media
2026-01-26T11:51:31.561317,zarakhan_1767710725_1838211004.mp4,https://t.me/+CgUFCvGWEk84NDQ1,Media
2026-01-26T11:51:31.562315,zarakhan_1767710764_1838211004.mp4,https://t.me/+CgUFCvGWEk84NDQ1,Media
2026-01-26T11:51:31.563315,zarakhan_1767710793_1838211004.mp4,https://t.me/+CgUFCvGWEk84NDQ1,Media
2026-01-26T12:02:48.832153,zarakhan_1767710880_1838211004.mp4,https://t.me/+CgUFCvGWEk84NDQ1,Media
2026-01-26T12:02:48.833154,zarakhan_1767710902_1838211004.mp4,https://t.me/+CgUFCvGWEk84NDQ1,Media
2026-01-26T12:02:48.834154,zarakhan_1767711012_1838211004.mp4,https://t.me/+CgUFCvGWEk84NDQ1,Media
2026-01-26T12:02:48.835153,zarakhan_1767711050_1838211004.mp4,https://t.me/+CgUFCvGWEk84NDQ1,Media
2026-01-26T12:02:48.836153,zarakhan_1768163130_1838211004.mp4,https://t.me/+CgUFCvGWEk84NDQ1,Media
2026-01-26T12:02:48.838154,zarakhan_1768184795_1838211004.mp4,https://t.me/+CgUFCvGWEk84NDQ1,Media
2026-01-26T12:02:48.839154,zarakhan_1768184858_1838211004.mp4,https://t.me/+CgUFCvGWEk84NDQ1,Media
2026-01-26T12:02:48.840658,zarakhan_1768184914_1838211004.mp4,https://t.me/+CgUFCvGWEk84NDQ1,Media
2026-01-26T12:02:48.841665,zarakhan_1768184970_1838211004.mp4,https://t.me/+CgUFCvGWEk84NDQ1,Media
2026-01-26T12:02:48.842664,zarakhan_1768185904_1838211004.mp4,https://t.me/+CgUFCvGWEk84NDQ1,Media
2026-01-26T12:11:29.758013,zarakhan_1768186059_1838211004.mp4,https://t.me/+CgUFCvGWEk84NDQ1,Media
2026-01-26T12:11:29.760149,zarakhan_1768186114_1838211004.mp4,https://t.me/+CgUFCvGWEk84NDQ1,Media
2026-01-26T12:11:29.761150,zarakhan_1768188103_1838211004.mp4,https://t.me/+CgUFCvGWEk84NDQ1,Media
2026-01-26T12:11:29.762150,zarakhan_1768211606_1838211004.mp4,https://t.me/+CgUFCvGWEk84NDQ1,Media
2026-01-26T12:11:29.763149,zarakhan_1768213269_1838211004.mp4,https://t.me/+CgUFCvGWEk84NDQ1,Media
2026-01-26T12:11:29.764149,zarakhan_1768216647_1838211004.mp4,https://t.me/+CgUFCvGWEk84NDQ1,Media
2026-01-26T12:11:29.765160,zarakhan_1768326580_1838211004.mp4,https://t.me/+CgUFCvGWEk84NDQ1,Media
2026-01-26T12:11:29.767151,zarakhan_1768326920_1838211004.mp4,https://t.me/+CgUFCvGWEk84NDQ1,Media
2026-01-26T12:11:29.768149,zarakhan_1768339872_1838211004.mp4,https://t.me/+CgUFCvGWEk84NDQ1,Media
2026-01-26T12:11:29.769150,zarakhan_1768374937_1838211004.mp4,https://t.me/+CgUFCvGWEk84NDQ1,Media
2026-01-26T12:27:20.846346,zarakhan_1768376966_1838211004.mp4,https://t.me/+CgUFCvGWEk84NDQ1,Media
2026-01-26T12:27:20.847832,zarakhan_1768377715_1838211004.mp4,https://t.me/+CgUFCvGWEk84NDQ1,Media
2026-01-26T12:27:20.848999,zarakhan_1768377856_1838211004.mp4,https://t.me/+CgUFCvGWEk84NDQ1,Media
2026-01-26T12:27:20.851003,zarakhan_1768377872_1838211004.mp4,https://t.me/+CgUFCvGWEk84NDQ1,Media
2026-01-26T12:27:20.853004,zarakhan_1768377931_1838211004.mp4,https://t.me/+CgUFCvGWEk84NDQ1,Media
2026-01-26T12:27:20.854004,zarakhan_1768377969_1838211004.mp4,https://t.me/+CgUFCvGWEk84NDQ1,Media
2026-01-26T12:27:20.856004,zarakhan_1768378001_1838211004.mp4,https://t.me/+CgUFCvGWEk84NDQ1,Media
2026-01-26T12:27:20.858004,zarakhan_1768380815_1838211004.mp4,https://t.me/+CgUFCvGWEk84NDQ1,Media
2026-01-26T12:27:20.859004,zarakhan_1768380914_1838211004.mp4,https://t.me/+CgUFCvGWEk84NDQ1,Media
2026-01-26T12:27:20.860004,zarakhan_1768383851_1838211004.mp4,https://t.me/+CgUFCvGWEk84NDQ1,Media
2026-01-26T12:38:39.262648,zarakhan_1768390281_1838211004.mp4,https://t.me/+CgUFCvGWEk84NDQ1,Media
2026-01-26T12:38:39.264656,zarakhan_1768393685_1838211004.mp4,https://t.me/+CgUFCvGWEk84NDQ1,Media
2026-01-26T12:38:39.265667,zarakhan_1768393708_1838211004.mp4,https://t.me/+CgUFCvGWEk84NDQ1,Media
2026-01-26T12:38:39.266656,zarakhan_1768397783_1838211004.mp4,https://t.me/+CgUFCvGWEk84NDQ1,Media
2026-01-26T12:38:39.267656,zarakhan_1768399191_1838211004.mp4,https://t.me/+CgUFCvGWEk84NDQ1,Media
2026-01-26T12:38:39.268661,zarakhan_1768399246_1838211004.mp4,https://t.me/+CgUFCvGWEk84NDQ1,Media
2026-01-26T12:38:39.270657,zarakhan_1768399312_1838211004.mp4,https://t.me/+CgUFCvGWEk84NDQ1,Media
2026-01-26T12:38:39.271664,zarakhan_1768403113_1838211004.mp4,https://t.me/+CgUFCvGWEk84NDQ1,Media
2026-01-26T12:38:39.272664,zarakhan_1768403150_1838211004.mp4,https://t.me/+CgUFCvGWEk84NDQ1,Media
2026-01-26T12:38:39.273657,zarakhan_1768403326_1838211004.mp4,https://t.me/+CgUFCvGWEk84NDQ1,Media
2026-01-26T12:50:43.072036,zarakhan_1768403660_1838211004.mp4,https://t.me/+CgUFCvGWEk84NDQ1,Media
2026-01-26T12:50:43.073036,zarakhan_1768404217_1838211004.mp4,https://t.me/+CgUFCvGWEk84NDQ1,Media
2026-01-26T12:50:43.074036,zarakhan_1768408720_1838211004.mp4,https://t.me/+CgUFCvGWEk84NDQ1,Media
2026-01-26T12:50:43.075036,zarakhan_1768416145_1838211004.mp4,https://t.me/+CgUFCvGWEk84NDQ1,Media
2026-01-26T12:50:43.076036,zarakhan_1768548348_1838211004.mp4,https://t.me/+CgUFCvGWEk84NDQ1,Media
2026-01-26T12:50:43.078035,zarakhan_1768568490_1838211004.mp4,https://t.me/+CgUFCvGWEk84NDQ1,Media
2026-01-26T12:50:43.080035,zarakhan_1768569429_1838211004.mp4,https://t.me/+CgUFCvGWEk84NDQ1,Media
2026-01-26T12:50:43.082036,zarakhan_1768642748_1838211004.mp4,https://t.me/+CgUFCvGWEk84NDQ1,Media
2026-01-26T12:50:43.083036,zarakhan_1768652399_1838211004.mp4,https://t.me/+CgUFCvGWEk84NDQ1,Media
2026-01-26T12:50:43.084036,zarakhan_1768661904_1838211004.mp4,https://t.me/+CgUFCvGWEk84NDQ1,Media
2026-01-26T12:54:43.929249,zarakhan_1768670466_1838211004.mp4,https://t.me/+CgUFCvGWEk84NDQ1,Media
2026-01-26T12:54:43.931242,zarakhan_1768887466_1838211004.mp4,https://t.me/+CgUFCvGWEk84NDQ1,Media
2026-01-26T12:54:43.932253,zoyaafroz_1768721096_283789164.mp4,https://t.me/+CgUFCvGWEk84NDQ1,Media
2026-01-26T12:54:43.932253,zoyaafroz_1768725297_283789164.mp4,https://t.me/+CgUFCvGWEk84NDQ1,Media
2026-01-26T12:54:43.934242,zoyaafroz_1768726284_283789164.mp4,https://t.me/+CgUFCvGWEk84NDQ1,Media
2026-01-26T12:54:43.935248,zoyaafroz_1768726395_283789164.mp4,https://t.me/+CgUFCvGWEk84NDQ1,Media
2026-01-26T12:54:43.935248,zoyaafroz_1768732833_283789164.mp4,https://t.me/+CgUFCvGWEk84NDQ1,Media
2026-01-26T12:54:43.937242,zoyaafroz_1768738496_283789164.mp4,https://t.me/+CgUFCvGWEk84NDQ1,Media
2026-01-26T12:54:43.937242,zoyaafroz_1768743928_283789164.mp4,https://t.me/+CgUFCvGWEk84NDQ1,Media
2026-01-26T12:54:43.938243,zoyaafroz_1768744231_283789164.mp4,https://t.me/+CgUFCvGWEk84NDQ1,Media
2026-01-26T12:56:50.937393,zoyaafroz_1768747713_283789164.jpg,https://t.me/+CgUFCvGWEk84NDQ1,Media
2026-01-26T12:56:50.939399,zoyaafroz_1768759091_283789164.mp4,https://t.me/+CgUFCvGWEk84NDQ1,Media
2026-01-26T12:56:50.940398,zoyaafroz_1768759818_283789164.mp4,https://t.me/+CgUFCvGWEk84NDQ1,Media
2026-01-26T12:56:50.941410,zoyaafroz_1768853077_283789164.mp4,https://t.me/+CgUFCvGWEk84NDQ1,Media
2026-01-26T12:56:50.943397,zoyaafroz_1768853101_283789164.mp4,https://t.me/+CgUFCvGWEk84NDQ1,Media
2026-01-26T12:56:50.944398,zoyaafroz_1768853141_283789164.mp4,https://t.me/+CgUFCvGWEk84NDQ1,Media
2026-01-26T12:56:50.944398,zoyaafroz_1768895586_283789164.mp4,https://t.me/+CgUFCvGWEk84NDQ1,Media
2026-01-26T12:56:50.946398,zoyaafroz_1768907372_3814193858645481600_283789164.mp4,https://t.me/+CgUFCvGWEk84NDQ1,Media
2026-01-26T12:56:50.947398,zoyaafroz_1768907372_3814193945576619273_283789164.jpg,https://t.me/+CgUFCvGWEk84NDQ1,Media
2026-01-26T12:56:50.947398,zoyaafroz_1768907372_3814193945601801679_283789164.jpg,https://t.me/+CgUFCvGWEk84NDQ1,Media
2026-01-26T12:57:34.859139,zoyaafroz_1768907372_3814193946147065513_283789164.jpg,https://t.me/+CgUFCvGWEk84NDQ1,Media
2026-01-26T12:57:34.859139,zoyaafroz_1768911122_283789164.mp4,https://t.me/+CgUFCvGWEk84NDQ1,Media
2026-01-26T12:57:34.860139,zoyaafroz_1768917087_283789164.mp4,https://t.me/+CgUFCvGWEk84NDQ1,Media
2026-01-26T12:57:34.861138,zoyasiddiqua21_1765652837_3786892930325828009_48838939153.jpg,https://t.me/+CgUFCvGWEk84NDQ1,Media
2026-01-26T12:57:34.862140,zoyasiddiqua21_1765652837_3786892930325828009_48838939153.jpg,https://t.me/+CgUFCvGWEk84NDQ1,Media
2026-01-26T12:57:34.863137,zoyasiddiqua21_1765652837_3786892930334219206_48838939153.jpg,https://t.me/+CgUFCvGWEk84NDQ1,Media
2026-01-26T12:57:34.864141,zoyasiddiqua21_1765652837_3786892930334219206_48838939153.jpg,https://t.me/+CgUFCvGWEk84NDQ1,Media
2026-01-26T12:57:34.864141,zoyasiddiqua21_1765652837_3786892930334239625_48838939153.jpg,https://t.me/+CgUFCvGWEk84NDQ1,Media
2026-01-26T12:57:34.865140,zoyasiddiqua21_1765652837_3786892930334239625_48838939153.jpg,https://t.me/+CgUFCvGWEk84NDQ1,Media
2026-01-26T12:57:34.866139,zoyasiddiqua21_1765652837_3786892930334248853_48838939153.jpg,https://t.me/+CgUFCvGWEk84NDQ1,Media
2026-01-26T12:57:59.426586,zoyasiddiqua21_1765652837_3786892930342623330_48838939153.jpg,https://t.me/+CgUFCvGWEk84NDQ1,Media
2026-01-26T12:57:59.427586,zoyasiddiqua21_1765652837_3786892930342624975_48838939153.jpg,https://t.me/+CgUFCvGWEk84NDQ1,Media
2026-01-26T12:57:59.428587,zoyasiddiqua21_1765652837_3786892930342624975_48838939153.jpg,https://t.me/+CgUFCvGWEk84NDQ1,Media
2026-01-26T12:57:59.429587,zoyasiddiqua21_1765652837_3786892930342626053_48838939153.jpg,https://t.me/+CgUFCvGWEk84NDQ1,Media
2026-01-26T12:57:59.431587,zoyasiddiqua21_1765652837_3786892930342626053_48838939153.jpg,https://t.me/+CgUFCvGWEk84NDQ1,Media
2026-01-26T12:57:59.431587,zoyasiddiqua21_1765652837_3786892930342627695_48838939153.jpg,https://t.me/+CgUFCvGWEk84NDQ1,Media
2026-01-26T12:57:59.432586,zoyasiddiqua21_1765652837_3786892930342627695_48838939153.jpg,https://t.me/+CgUFCvGWEk84NDQ1,Media
2026-01-26T12:57:59.433587,zoyasiddiqua21_1765652837_3786892930342642956_48838939153.jpg,https://t.me/+CgUFCvGWEk84NDQ1,Media
2026-01-26T12:57:59.433587,zoyasiddiqua21_1765652837_3786892930342642956_48838939153.jpg,https://t.me/+CgUFCvGWEk84NDQ1,Media
2026-01-26T12:57:59.434587,zoyasiddiqua21_1765652837_3786892930342645921_48838939153.jpg,https://t.me/+CgUFCvGWEk84NDQ1,Media
2026-01-26T13:06:42.865294,zoyasiddiqua21_1765652837_3786892930644622828_48838939153.jpg,https://t.me/+CgUFCvGWEk84NDQ1,Media
2026-01-26T13:06:42.866294,zoyasiddiqua21_1765652837_3786892930686567449_48838939153.jpg,https://t.me/+CgUFCvGWEk84NDQ1,Media
2026-01-26T13:06:42.867295,zoyasiddiqua21_1765652837_3786892930686567449_48838939153.jpg,https://t.me/+CgUFCvGWEk84NDQ1,Media
2026-01-26T13:06:42.868296,_.nandinii._30_1768706136_73461298260.mp4,https://t.me/+CgUFCvGWEk84NDQ1,Media
2026-01-26T13:06:42.869295,_haripriya_1766937943_3676144135.jpg,https://t.me/+CgUFCvGWEk84NDQ1,Media
2026-01-26T13:06:42.870295,_haripriya_1766937943_3676144135.jpg,https://t.me/+CgUFCvGWEk84NDQ1,Media
2026-01-26T13:06:42.871312,_hinatariq_1767861192_3805417685061322020_10157265032.mp4,https://t.me/+CgUFCvGWEk84NDQ1,Media
2026-01-26T13:06:42.872409,_ravi___00001_1762876542_3763603032639497680_74898869798.mp4,https://t.me/+CgUFCvGWEk84NDQ1,Media
2026-01-26T13:06:42.873293,_sarojmahara__1765378023_3784587336374929257_1994692053.mp4,https://t.me/+CgUFCvGWEk84NDQ1,Media
2026-01-26T13:06:42.874294,_shahzad_royal_saloon__1766693490_3795621829784949902_47417921630.mp4,https://t.me/+CgUFCvGWEk84NDQ1,Media
2026-01-26T13:07:42.467115,_sukooneditx__1760442075_3743181371599274075_68294352337.mp4,https://t.me/+CgUFCvGWEk84NDQ1,Media
2026-01-26T13:07:42.468122,__shruti_patel___1768561700_21399931753.jpg,https://t.me/+CgUFCvGWEk84NDQ1,Media
2026-01-26T13:07:42.469122,__shruti_patel___1768561708_21399931753.jpg,https://t.me/+CgUFCvGWEk84NDQ1,Media
2026-01-26T13:07:42.470122,__shruti_patel___1768575672_21399931753.mp4,https://t.me/+CgUFCvGWEk84NDQ1,Media
2026-01-26T13:12:24.385880,iamrealanshasayed_1766733453_3145131606.mp4,https://t.me/+sIb4N3LCoWA5ZjE1,Media
2026-01-26T13:12:24.386886,iamrealanshasayed_1766733477_3145131606.mp4,https://t.me/+sIb4N3LCoWA5ZjE1,Media
2026-01-26T13:12:24.388175,iamrealanshasayed_1766766476_3145131606.mp4,https://t.me/+sIb4N3LCoWA5ZjE1,Media
2026-01-26T13:12:24.389181,iamrealanshasayed_1766768166_3145131606.mp4,https://t.me/+sIb4N3LCoWA5ZjE1,Media
2026-01-26T13:12:24.390181,iamrealanshasayed_1766770410_3145131606.mp4,https://t.me/+sIb4N3LCoWA5ZjE1,Media
2026-01-26T13:12:24.391180,iamrealanshasayed_1767250854_3145131606.mp4,https://t.me/+sIb4N3LCoWA5ZjE1,Media
2026-01-26T13:12:24.393180,iamrealanshasayed_1767291950_3145131606.mp4,https://t.me/+sIb4N3LCoWA5ZjE1,Media
2026-01-26T13:12:24.394180,iamrealanshasayed_1767412493_3145131606.mp4,https://t.me/+sIb4N3LCoWA5ZjE1,Media
2026-01-26T13:12:24.394684,iamrealanshasayed_1767412503_3145131606.mp4,https://t.me/+sIb4N3LCoWA5ZjE1,Media
2026-01-26T13:12:24.395188,iamrealanshasayed_1767453038_3145131606.mp4,https://t.me/+sIb4N3LCoWA5ZjE1,Media
2026-01-26T13:17:25.188421,iamrealanshasayed_1767461067_3145131606.mp4,https://t.me/+sIb4N3LCoWA5ZjE1,Media
2026-01-26T13:17:25.190427,iamrealanshasayed_1767464882_3145131606.mp4,https://t.me/+sIb4N3LCoWA5ZjE1,Media
2026-01-26T13:17:25.191426,iamrealanshasayed_1767464952_3145131606.mp4,https://t.me/+sIb4N3LCoWA5ZjE1,Media
2026-01-26T13:17:25.192425,iamrealanshasayed_1767464964_3145131606.mp4,https://t.me/+sIb4N3LCoWA5ZjE1,Media
2026-01-26T13:17:25.193425,iamrealanshasayed_1767465020_3145131606.mp4,https://t.me/+sIb4N3LCoWA5ZjE1,Media
2026-01-26T13:17:25.194425,iamrealanshasayed_1767465037_3145131606.mp4,https://t.me/+sIb4N3LCoWA5ZjE1,Media
2026-01-26T13:17:25.195432,iamrealanshasayed_1767693433_3145131606.mp4,https://t.me/+sIb4N3LCoWA5ZjE1,Media
2026-01-26T13:17:25.195432,iamrealanshasayed_1767702297_3145131606.mp4,https://t.me/+sIb4N3LCoWA5ZjE1,Media
2026-01-26T13:17:25.196585,iamshivshakti_1766661726_524787663.jpg,https://t.me/+sIb4N3LCoWA5ZjE1,Media
2026-01-26T13:17:25.197585,iamshivshakti_1766661766_524787663.jpg,https://t.me/+sIb4N3LCoWA5ZjE1,Media
2026-01-26T13:19:33.503201,iamshivshakti_1766661819_524787663.jpg,https://t.me/+sIb4N3LCoWA5ZjE1,Media
2026-01-26T13:19:33.504194,iamshivshakti_1766766267_524787663.mp4,https://t.me/+sIb4N3LCoWA5ZjE1,Media
2026-01-26T13:19:33.506193,iamshivshakti_1766766331_524787663.mp4,https://t.me/+sIb4N3LCoWA5ZjE1,Media
2026-01-26T13:19:33.507194,iamshivshakti_1766911032_524787663.jpg,https://t.me/+sIb4N3LCoWA5ZjE1,Media
2026-01-26T13:19:33.508194,iamshivshakti_1766911776_524787663.jpg,https://t.me/+sIb4N3LCoWA5ZjE1,Media
2026-01-26T13:19:33.509193,iamshivshakti_1766911856_524787663.jpg,https://t.me/+sIb4N3LCoWA5ZjE1,Media
2026-01-26T13:19:33.510194,iamshivshakti_1766911991_524787663.jpg,https://t.me/+sIb4N3LCoWA5ZjE1,Media
2026-01-26T13:19:33.511194,iamshivshakti_1766912150_524787663.jpg,https://t.me/+sIb4N3LCoWA5ZjE1,Media
2026-01-26T13:19:33.512195,iamshivshakti_1766912438_524787663.jpg,https://t.me/+sIb4N3LCoWA5ZjE1,Media
2026-01-26T13:19:33.513194,iamshivshakti_1766912550_524787663.jpg,https://t.me/+sIb4N3LCoWA5ZjE1,Media
2026-01-26T13:21:10.075254,iamshivshakti_1766912613_524787663.jpg,https://t.me/+sIb4N3LCoWA5ZjE1,Media
2026-01-26T13:21:10.076254,iamshivshakti_1766912662_524787663.jpg,https://t.me/+sIb4N3LCoWA5ZjE1,Media
2026-01-26T13:21:10.078254,iamshivshakti_1766913285_524787663.jpg,https://t.me/+sIb4N3LCoWA5ZjE1,Media
2026-01-26T13:21:10.079254,iamshivshakti_1766913424_524787663.jpg,https://t.me/+sIb4N3LCoWA5ZjE1,Media
2026-01-26T13:21:10.079254,iamshivshakti_1766913496_524787663.jpg,https://t.me/+sIb4N3LCoWA5ZjE1,Media
2026-01-26T13:21:10.080253,iamshivshakti_1766913909_524787663.mp4,https://t.me/+sIb4N3LCoWA5ZjE1,Media
2026-01-26T13:21:10.080861,iamshivshakti_1766914227_524787663.jpg,https://t.me/+sIb4N3LCoWA5ZjE1,Media
2026-01-26T13:21:10.081865,iamshivshakti_1766921052_524787663.jpg,https://t.me/+sIb4N3LCoWA5ZjE1,Media
2026-01-26T13:21:10.081865,iamshivshakti_1766921149_524787663.jpg,https://t.me/+sIb4N3LCoWA5ZjE1,Media
2026-01-26T13:21:10.083865,iamshivshakti_1766921222_524787663.jpg,https://t.me/+sIb4N3LCoWA5ZjE1,Media
2026-01-26T13:23:49.801124,iamshivshakti_1767096714_524787663.jpg,https://t.me/+sIb4N3LCoWA5ZjE1,Media
2026-01-26T13:23:49.801124,iamshivshakti_1767096721_524787663.jpg,https://t.me/+sIb4N3LCoWA5ZjE1,Media
2026-01-26T13:23:49.803120,iamshivshakti_1767096757_524787663.jpg,https://t.me/+sIb4N3LCoWA5ZjE1,Media
2026-01-26T13:23:49.804121,itsishita14_1766904846_2206950545.mp4,https://t.me/+sIb4N3LCoWA5ZjE1,Media
2026-01-26T13:23:49.806120,itsishita14_1766905001_2206950545.mp4,https://t.me/+sIb4N3LCoWA5ZjE1,Media
2026-01-26T13:23:49.807122,itsishita14_1766905277_2206950545.jpg,https://t.me/+sIb4N3LCoWA5ZjE1,Media
2026-01-26T13:23:49.807122,itsishita14_1766905353_2206950545.jpg,https://t.me/+sIb4N3LCoWA5ZjE1,Media
2026-01-26T13:23:49.808122,itsishita14_1766905498_2206950545.mp4,https://t.me/+sIb4N3LCoWA5ZjE1,Media
2026-01-26T13:23:49.810121,itsishita14_1766905533_2206950545.jpg,https://t.me/+sIb4N3LCoWA5ZjE1,Media
2026-01-26T13:23:49.811121,itsishita14_1766905573_2206950545.mp4,https://t.me/+sIb4N3LCoWA5ZjE1,Media
2026-01-26T13:26:25.620892,itsishita14_1766905617_2206950545.jpg,https://t.me/+sIb4N3LCoWA5ZjE1,Media
2026-01-26T13:26:25.621903,itsishita14_1767610227_2206950545.mp4,https://t.me/+sIb4N3LCoWA5ZjE1,Media
2026-01-26T13:26:25.622890,itsishita14_1767610252_2206950545.jpg,https://t.me/+sIb4N3LCoWA5ZjE1,Media
2026-01-26T13:26:25.623890,itsishita14_1767610324_2206950545.mp4,https://t.me/+sIb4N3LCoWA5ZjE1,Media
2026-01-26T13:26:25.623890,itsishita14_1767610376_2206950545.jpg,https://t.me/+sIb4N3LCoWA5ZjE1,Media
2026-01-26T13:26:25.625890,itsishita14_1767610444_2206950545.mp4,https://t.me/+sIb4N3LCoWA5ZjE1,Media
2026-01-26T13:26:25.625890,itsishita14_1767610469_2206950545.jpg,https://t.me/+sIb4N3LCoWA5ZjE1,Media
2026-01-26T13:26:25.626891,itsishita14_1767610481_2206950545.jpg,https://t.me/+sIb4N3LCoWA5ZjE1,Media
2026-01-26T13:26:25.627895,itsishita14_1767610535_2206950545.jpg,https://t.me/+sIb4N3LCoWA5ZjE1,Media
2026-01-26T13:26:25.628896,itsishita14_1767610575_2206950545.jpg,https://t.me/+sIb4N3LCoWA5ZjE1,Media
2026-01-26T13:28:53.074376,itsishita14_1767610583_2206950545.jpg,https://t.me/+sIb4N3LCoWA5ZjE1,Media
2026-01-26T13:28:53.075376,itsishita14_1767610665_2206950545.mp4,https://t.me/+sIb4N3LCoWA5ZjE1,Media
2026-01-26T13:28:53.077377,itsishita14_1767610702_2206950545.jpg,https://t.me/+sIb4N3LCoWA5ZjE1,Media
2026-01-26T13:28:53.078377,itsishita14_1767610767_2206950545.jpg,https://t.me/+sIb4N3LCoWA5ZjE1,Media
2026-01-26T13:28:53.078377,itsishita14_1767610869_2206950545.jpg,https://t.me/+sIb4N3LCoWA5ZjE1,Media
2026-01-26T13:28:53.080377,itsishita14_1767610936_2206950545.mp4,https://t.me/+sIb4N3LCoWA5ZjE1,Media
2026-01-26T13:28:53.080377,itsishita14_1767611185_2206950545.jpg,https://t.me/+sIb4N3LCoWA5ZjE1,Media
2026-01-26T13:28:53.081378,kangannangia_1766646962_3425061083.mp4,https://t.me/+sIb4N3LCoWA5ZjE1,Media
2026-01-26T13:28:53.082378,kangannangia_1766662361_3425061083.jpg,https://t.me/+sIb4N3LCoWA5ZjE1,Media
2026-01-26T13:28:53.082378,kangannangia_1766664035_3425061083.mp4,https://t.me/+sIb4N3LCoWA5ZjE1,Media
2026-01-26T13:31:55.551400,kangannangia_1766678258_3425061083.mp4,https://t.me/+sIb4N3LCoWA5ZjE1,Media
2026-01-26T13:31:55.553535,kangannangia_1766841902_3796867533794734304_3425061083.jpg,https://t.me/+sIb4N3LCoWA5ZjE1,Media
2026-01-26T13:31:55.554534,kangannangia_1766841902_3796867533794741722_3425061083.jpg,https://t.me/+sIb4N3LCoWA5ZjE1,Media
2026-01-26T13:31:55.555536,kangannangia_1766841902_3796867533794747424_3425061083.jpg,https://t.me/+sIb4N3LCoWA5ZjE1,Media
2026-01-26T13:31:55.555536,kangannangia_1766904425_3425061083.jpg,https://t.me/+sIb4N3LCoWA5ZjE1,Media
2026-01-26T13:31:55.556535,kangannangia_1766914244_3425061083.mp4,https://t.me/+sIb4N3LCoWA5ZjE1,Media
2026-01-26T13:31:55.557534,kangannangia_1766920064_3425061083.jpg,https://t.me/+sIb4N3LCoWA5ZjE1,Media
2026-01-26T13:31:55.557534,kangannangia_1767099540_3425061083.mp4,https://t.me/+sIb4N3LCoWA5ZjE1,Media
2026-01-26T13:31:55.558535,kangannangia_1767104763_3425061083.mp4,https://t.me/+sIb4N3LCoWA5ZjE1,Media
2026-01-26T13:31:55.559535,kangannangia_1767109770_3425061083.mp4,https://t.me/+sIb4N3LCoWA5ZjE1,Media
2026-01-26T13:35:13.848841,kangannangia_1767151219_3425061083.mp4,https://t.me/+sIb4N3LCoWA5ZjE1,Media
2026-01-26T13:35:13.850858,kangannangia_1767151262_3425061083.jpg,https://t.me/+sIb4N3LCoWA5ZjE1,Media
2026-01-26T13:35:13.851846,kangannangia_1767151372_3425061083.jpg,https://t.me/+sIb4N3LCoWA5ZjE1,Media
2026-01-26T13:35:13.853858,kangannangia_1767151395_3425061083.jpg,https://t.me/+sIb4N3LCoWA5ZjE1,Media
2026-01-26T13:35:13.854847,kangannangia_1767156361_3425061083.mp4,https://t.me/+sIb4N3LCoWA5ZjE1,Media
2026-01-26T13:35:13.855845,kangannangia_1767156436_3425061083.jpg,https://t.me/+sIb4N3LCoWA5ZjE1,Media
2026-01-26T13:35:13.857848,kangannangia_1767156463_3425061083.jpg,https://t.me/+sIb4N3LCoWA5ZjE1,Media
2026-01-26T13:35:13.858846,kangannangia_1767334750_3425061083.jpg,https://t.me/+sIb4N3LCoWA5ZjE1,Media
2026-01-26T13:35:13.858846,kangannangia_1767341105_3425061083.jpg,https://t.me/+sIb4N3LCoWA5ZjE1,Media
2026-01-26T13:35:13.859846,kangannangia_1767364818_3425061083.jpg,https://t.me/+sIb4N3LCoWA5ZjE1,Media
2026-01-26T13:36:45.224273,kangannangia_1767364862_3425061083.jpg,https://t.me/+sIb4N3LCoWA5ZjE1,Media
2026-01-26T13:36:45.226721,kangannangia_1767364878_3425061083.jpg,https://t.me/+sIb4N3LCoWA5ZjE1,Media
2026-01-26T13:36:45.227910,kangannangia_1767372645_3425061083.jpg,https://t.me/+sIb4N3LCoWA5ZjE1,Media
2026-01-26T13:36:45.228918,kangannangia_1767372725_3425061083.jpg,https://t.me/+sIb4N3LCoWA5ZjE1,Media
2026-01-26T13:36:45.229916,kangannangia_1767372735_3425061083.jpg,https://t.me/+sIb4N3LCoWA5ZjE1,Media
2026-01-26T13:36:45.230919,kangannangia_1767376486_3425061083.jpg,https://t.me/+sIb4N3LCoWA5ZjE1,Media
2026-01-26T13:36:45.231923,kangannangia_1767380777_3425061083.jpg,https://t.me/+sIb4N3LCoWA5ZjE1,Media
2026-01-26T13:36:45.232922,kangannangia_1767381568_3425061083.jpg,https://t.me/+sIb4N3LCoWA5ZjE1,Media
2026-01-26T13:36:45.233922,kangannangia_1767381707_3425061083.mp4,https://t.me/+sIb4N3LCoWA5ZjE1,Media
2026-01-26T13:36:45.233922,kangannangia_1767381914_3425061083.jpg,https://t.me/+sIb4N3LCoWA5ZjE1,Media
2026-01-26T13:38:52.085083,kangannangia_1767594641_3425061083.mp4,https://t.me/+sIb4N3LCoWA5ZjE1,Media
2026-01-26T13:38:52.086066,kangannangia_1767598735_3425061083.mp4,https://t.me/+sIb4N3LCoWA5ZjE1,Media
2026-01-26T13:38:52.088066,kangannangia_1767638415_3425061083.mp4,https://t.me/+sIb4N3LCoWA5ZjE1,Media
2026-01-26T13:38:52.088066,kangannangia_1767672183_3425061083.jpg,https://t.me/+sIb4N3LCoWA5ZjE1,Media
2026-01-26T13:38:52.089066,kangannangia_1767676693_3425061083.mp4,https://t.me/+sIb4N3LCoWA5ZjE1,Media
2026-01-26T13:38:52.090067,kangannangia_1767684216_3425061083.mp4,https://t.me/+sIb4N3LCoWA5ZjE1,Media
2026-01-26T13:38:52.090067,kangannangia_1767686354_3425061083.mp4,https://t.me/+sIb4N3LCoWA5ZjE1,Media
2026-01-26T13:38:52.091067,kangannangia_1767708214_3425061083.mp4,https://t.me/+sIb4N3LCoWA5ZjE1,Media
2026-01-26T13:38:52.092071,kangannangia_1767709747_3425061083.mp4,https://t.me/+sIb4N3LCoWA5ZjE1,Media
2026-01-26T13:38:52.092071,shrutisinhahaha_1766765957_1330847904.mp4,https://t.me/+sIb4N3LCoWA5ZjE1,Media
2026-01-26T13:44:11.502444,shrutisinhahaha_1766772642_1330847904.mp4,https://t.me/+sIb4N3LCoWA5ZjE1,Media
2026-01-26T13:44:11.504449,shrutisinhahaha_1766774339_1330847904.mp4,https://t.me/+sIb4N3LCoWA5ZjE1,Media
2026-01-26T13:44:11.506453,shrutisinhahaha_1766781637_1330847904.mp4,https://t.me/+sIb4N3LCoWA5ZjE1,Media
2026-01-26T13:44:11.507453,shrutisinhahaha_1767065011_1330847904.mp4,https://t.me/+sIb4N3LCoWA5ZjE1,Media
2026-01-26T13:44:11.508452,shrutisinhahaha_1767091874_1330847904.jpg,https://t.me/+sIb4N3LCoWA5ZjE1,Media
2026-01-26T13:44:11.509463,tanvi__gadkari_1766649746_470788303.mp4,https://t.me/+sIb4N3LCoWA5ZjE1,Media
2026-01-26T13:44:11.509463,tanvi__gadkari_1766656994_470788303.mp4,https://t.me/+sIb4N3LCoWA5ZjE1,Media
2026-01-26T13:44:11.510453,tanvi__gadkari_1766660686_470788303.mp4,https://t.me/+sIb4N3LCoWA5ZjE1,Media
2026-01-26T13:44:11.511452,tanvi__gadkari_1766662111_470788303.mp4,https://t.me/+sIb4N3LCoWA5ZjE1,Media
2026-01-26T13:44:11.512464,tanvi__gadkari_1766662217_470788303.mp4,https://t.me/+sIb4N3LCoWA5ZjE1,Media
2026-01-26T13:49:25.619427,tanvi__gadkari_1766703573_470788303.mp4,https://t.me/+sIb4N3LCoWA5ZjE1,Media
2026-01-26T13:49:25.620414,tanvi__gadkari_1766703696_470788303.mp4,https://t.me/+sIb4N3LCoWA5ZjE1,Media
2026-01-26T13:49:25.621413,tanvi__gadkari_1766703806_470788303.mp4,https://t.me/+sIb4N3LCoWA5ZjE1,Media
2026-01-26T13:49:25.622413,tanvi__gadkari_1766703971_470788303.mp4,https://t.me/+sIb4N3LCoWA5ZjE1,Media
2026-01-26T13:49:25.623413,tanvi__gadkari_1766704223_470788303.mp4,https://t.me/+sIb4N3LCoWA5ZjE1,Media
2026-01-26T13:49:25.624416,tanvi__gadkari_1766704372_470788303.mp4,https://t.me/+sIb4N3LCoWA5ZjE1,Media
2026-01-26T13:49:25.625417,tanvi__gadkari_1766705086_470788303.mp4,https://t.me/+sIb4N3LCoWA5ZjE1,Media
2026-01-26T13:49:25.625417,tanvi__gadkari_1766750901_470788303.mp4,https://t.me/+sIb4N3LCoWA5ZjE1,Media
2026-01-26T13:49:25.627426,tanvi__gadkari_1766774135_470788303.mp4,https://t.me/+sIb4N3LCoWA5ZjE1,Media
2026-01-26T13:49:25.628555,tanvi__gadkari_1766775180_470788303.mp4,https://t.me/+sIb4N3LCoWA5ZjE1,Media
2026-01-26T13:52:56.648417,tanvi__gadkari_1766775821_470788303.mp4,https://t.me/+sIb4N3LCoWA5ZjE1,Media
2026-01-26T13:52:56.649426,tanvi__gadkari_1766929869_470788303.mp4,https://t.me/+sIb4N3LCoWA5ZjE1,Media
2026-01-26T13:52:56.650416,tanvi__gadkari_1766930069_470788303.mp4,https://t.me/+sIb4N3LCoWA5ZjE1,Media
2026-01-26T13:52:56.651417,tanvi__gadkari_1766930193_470788303.mp4,https://t.me/+sIb4N3LCoWA5ZjE1,Media
2026-01-26T13:52:56.652417,tanvi__gadkari_1766931714_470788303.mp4,https://t.me/+sIb4N3LCoWA5ZjE1,Media
2026-01-26T13:52:56.653423,tanvi__gadkari_1766931793_470788303.mp4,https://t.me/+sIb4N3LCoWA5ZjE1,Media
2026-01-26T13:52:56.653423,tanvi__gadkari_1766932059_470788303.jpg,https://t.me/+sIb4N3LCoWA5ZjE1,Media
2026-01-26T13:52:56.654416,tanvi__gadkari_1766932327_470788303.jpg,https://t.me/+sIb4N3LCoWA5ZjE1,Media
2026-01-26T13:52:56.655426,tanvi__gadkari_1766933637_470788303.mp4,https://t.me/+sIb4N3LCoWA5ZjE1,Media
2026-01-26T13:52:56.656416,tanvi__gadkari_1766933832_470788303.jpg,https://t.me/+sIb4N3LCoWA5ZjE1,Media
2026-01-26T14:04:10.442314,tanvi__gadkari_1766933855_470788303.jpg,https://t.me/+sIb4N3LCoWA5ZjE1,Media
2026-01-26T14:04:10.443313,tanvi__gadkari_1766934028_470788303.jpg,https://t.me/+sIb4N3LCoWA5ZjE1,Media
2026-01-26T14:04:10.444312,tanvi__gadkari_1767029379_470788303.mp4,https://t.me/+sIb4N3LCoWA5ZjE1,Media
2026-01-26T14:04:10.445314,tanvi__gadkari_1767031417_470788303.mp4,https://t.me/+sIb4N3LCoWA5ZjE1,Media
2026-01-26T14:04:10.446314,tanvi__gadkari_1767031667_470788303.mp4,https://t.me/+sIb4N3LCoWA5ZjE1,Media
2026-01-26T14:04:10.447312,tanvi__gadkari_1767092183_470788303.mp4,https://t.me/+sIb4N3LCoWA5ZjE1,Media
2026-01-26T14:04:10.448313,tanvi__gadkari_1767094026_470788303.mp4,https://t.me/+sIb4N3LCoWA5ZjE1,Media
2026-01-26T14:04:10.449313,tanvi__gadkari_1767109914_470788303.mp4,https://t.me/+sIb4N3LCoWA5ZjE1,Media
2026-01-26T14:04:10.450314,tanvi__gadkari_1767110142_470788303.mp4,https://t.me/+sIb4N3LCoWA5ZjE1,Media
2026-01-26T14:04:10.452311,tanvi__gadkari_1767110637_470788303.mp4,https://t.me/+sIb4N3LCoWA5ZjE1,Media
2026-01-26T14:13:49.999577,tanvi__gadkari_1767111832_470788303.mp4,https://t.me/+sIb4N3LCoWA5ZjE1,Media
2026-01-26T14:13:50.000578,tanvi__gadkari_1767112913_470788303.mp4,https://t.me/+sIb4N3LCoWA5ZjE1,Media
2026-01-26T14:13:50.001579,tanvi__gadkari_1767113563_470788303.mp4,https://t.me/+sIb4N3LCoWA5ZjE1,Media
2026-01-26T14:13:50.002578,tanvi__gadkari_1767115207_470788303.mp4,https://t.me/+sIb4N3LCoWA5ZjE1,Media
2026-01-26T14:13:50.003600,tanvi__gadkari_1767116307_470788303.mp4,https://t.me/+sIb4N3LCoWA5ZjE1,Media
2026-01-26T14:13:50.004578,tanvi__gadkari_1767130075_470788303.mp4,https://t.me/+sIb4N3LCoWA5ZjE1,Media
2026-01-26T14:13:50.006578,tanvi__gadkari_1767173881_470788303.mp4,https://t.me/+sIb4N3LCoWA5ZjE1,Media
2026-01-26T14:13:50.007577,tanvi__gadkari_1767175805_470788303.mp4,https://t.me/+sIb4N3LCoWA5ZjE1,Media
2026-01-26T14:13:50.008578,tanvi__gadkari_1767176811_470788303.mp4,https://t.me/+sIb4N3LCoWA5ZjE1,Media
2026-01-26T14:13:50.009579,tanvi__gadkari_1767178569_470788303.mp4,https://t.me/+sIb4N3LCoWA5ZjE1,Media
2026-01-26T14:21:02.333358,tanvi__gadkari_1767270904_470788303.mp4,https://t.me/+sIb4N3LCoWA5ZjE1,Media
2026-01-26T14:21:02.335358,tanvi__gadkari_1767271141_470788303.mp4,https://t.me/+sIb4N3LCoWA5ZjE1,Media
2026-01-26T14:21:02.336371,tanvi__gadkari_1767272656_470788303.mp4,https://t.me/+sIb4N3LCoWA5ZjE1,Media
2026-01-26T14:21:02.337357,tanvi__gadkari_1767272709_470788303.mp4,https://t.me/+sIb4N3LCoWA5ZjE1,Media
2026-01-26T14:21:02.338368,tanvi__gadkari_1767277297_470788303.mp4,https://t.me/+sIb4N3LCoWA5ZjE1,Media
2026-01-26T14:21:02.339364,tanvi__gadkari_1767279818_470788303.mp4,https://t.me/+sIb4N3LCoWA5ZjE1,Media
2026-01-26T14:21:02.341358,tanvi__gadkari_1767291607_470788303.mp4,https://t.me/+sIb4N3LCoWA5ZjE1,Media
2026-01-26T14:21:02.341358,tanvi__gadkari_1767357705_470788303.mp4,https://t.me/+sIb4N3LCoWA5ZjE1,Media
2026-01-26T14:21:02.342686,tanvi__gadkari_1767371706_470788303.mp4,https://t.me/+sIb4N3LCoWA5ZjE1,Media
2026-01-26T14:21:02.343691,tanvi__gadkari_1767388709_470788303.jpg,https://t.me/+sIb4N3LCoWA5ZjE1,Media
2026-01-26T14:29:04.101298,tanvi__gadkari_1767447070_470788303.mp4,https://t.me/+sIb4N3LCoWA5ZjE1,Media
2026-01-26T14:29:04.103253,tanvi__gadkari_1767447632_470788303.mp4,https://t.me/+sIb4N3LCoWA5ZjE1,Media
2026-01-26T14:29:04.104253,tanvi__gadkari_1767469221_470788303.mp4,https://t.me/+sIb4N3LCoWA5ZjE1,Media
2026-01-26T14:29:04.104253,tanvi__gadkari_1767620008_470788303.mp4,https://t.me/+sIb4N3LCoWA5ZjE1,Media
2026-01-26T14:29:04.106253,tanvi__gadkari_1767703348_470788303 (1).mp4,https://t.me/+sIb4N3LCoWA5ZjE1,Media
2026-01-26T14:29:04.107253,tanvi__gadkari_1767703348_470788303.mp4,https://t.me/+sIb4N3LCoWA5ZjE1,Media
2026-01-26T14:29:04.108254,tanvi__gadkari_1767704044_470788303 (1).mp4,https://t.me/+sIb4N3LCoWA5ZjE1,Media
2026-01-26T14:29:04.109266,tanvi__gadkari_1767704044_470788303.mp4,https://t.me/+sIb4N3LCoWA5ZjE1,Media
2026-01-26T14:29:04.110255,_khushidubey__1767715767_7850214878.mp4,https://t.me/+sIb4N3LCoWA5ZjE1,Media
2026-01-26T14:29:04.111265,_khushidubey__1767718240_7850214878.mp4,https://t.me/+sIb4N3LCoWA5ZjE1,Media
2026-01-26T14:31:50.085062,aditishetty22_1766675930_3795475256459442885_375582742.jpg,https://t.me/+0bfXm4yVPjk5OGNl,Media
2026-01-26T14:31:50.086148,aditishetty22_1766675930_3795475256467785653_375582742.jpg,https://t.me/+0bfXm4yVPjk5OGNl,Media
2026-01-26T14:31:50.088062,aditishetty22_1766675930_3795475256467805798_375582742.jpg,https://t.me/+0bfXm4yVPjk5OGNl,Media
2026-01-26T14:31:50.089063,aditishetty22_1766675930_3795475256476213715_375582742.jpg,https://t.me/+0bfXm4yVPjk5OGNl,Media
2026-01-26T14:31:50.090061,aditishetty22_1766675930_3795475256526564454_375582742.jpg,https://t.me/+0bfXm4yVPjk5OGNl,Media
2026-01-26T14:31:50.091062,aditishetty22_1766907728_3797419512707669165_375582742.mp4,https://t.me/+0bfXm4yVPjk5OGNl,Media
2026-01-26T14:31:50.092061,aditishetty22_1767078768_375582742.mp4,https://t.me/+0bfXm4yVPjk5OGNl,Media
2026-01-26T14:31:50.093062,aditishetty22_1767123834_375582742.mp4,https://t.me/+0bfXm4yVPjk5OGNl,Media
2026-01-26T14:31:50.094062,aditishetty22_1767123848_375582742.mp4,https://t.me/+0bfXm4yVPjk5OGNl,Media
2026-01-26T14:31:50.095061,aditishetty22_1767126748_375582742.mp4,https://t.me/+0bfXm4yVPjk5OGNl,Media
2026-01-26T14:35:31.623073,aditishetty22_1767240650_3800211723023263257_375582742.mp4,https://t.me/+0bfXm4yVPjk5OGNl,Media
2026-01-26T14:35:31.625077,aditishetty22_1767260101_375582742.mp4,https://t.me/+0bfXm4yVPjk5OGNl,Media
2026-01-26T14:35:31.627078,aditishetty22_1767262789_375582742.mp4,https://t.me/+0bfXm4yVPjk5OGNl,Media
2026-01-26T14:35:31.628077,aditishetty22_1767279609_3800517519065996250_375582742.mp4,https://t.me/+0bfXm4yVPjk5OGNl,Media
2026-01-26T14:35:31.628077,aditishetty22_1767279609_3800517678625677277_375582742.mp4,https://t.me/+0bfXm4yVPjk5OGNl,Media
2026-01-26T14:35:31.630077,aditishetty22_1767279609_3800518168923071895_375582742.mp4,https://t.me/+0bfXm4yVPjk5OGNl,Media
2026-01-26T14:35:31.630077,aditishetty22_1767279609_3800521877837052239_375582742.mp4,https://t.me/+0bfXm4yVPjk5OGNl,Media
2026-01-26T14:35:31.631078,aditishetty22_1767279609_3800521879430870538_375582742.mp4,https://t.me/+0bfXm4yVPjk5OGNl,Media
2026-01-26T14:35:31.632077,aditishetty22_1767279609_3800539279350019503_375582742.jpg,https://t.me/+0bfXm4yVPjk5OGNl,Media
2026-01-26T14:35:31.633077,aditishetty22_1767279609_3800539279358410843_375582742.jpg,https://t.me/+0bfXm4yVPjk5OGNl,Media
2026-01-26T14:36:25.316258,aditishetty22_1767279609_3800539279417135861_375582742.jpg,https://t.me/+0bfXm4yVPjk5OGNl,Media
2026-01-26T14:36:25.317259,aditishetty22_1767279609_3800539279425482309_375582742.jpg,https://t.me/+0bfXm4yVPjk5OGNl,Media
2026-01-26T14:36:25.317259,aditishetty22_1767279609_3800539279425503672_375582742.jpg,https://t.me/+0bfXm4yVPjk5OGNl,Media
2026-01-26T14:36:25.319258,aditishetty22_1767279609_3800539279433919880_375582742.jpg,https://t.me/+0bfXm4yVPjk5OGNl,Media
2026-01-26T14:36:25.320259,aditishetty22_1767279609_3800539279492580968_375582742.jpg,https://t.me/+0bfXm4yVPjk5OGNl,Media
2026-01-26T14:36:25.321259,aditishetty22_1767279609_3800539279626858978_375582742.jpg,https://t.me/+0bfXm4yVPjk5OGNl,Media
2026-01-26T14:36:25.322259,aditishetty22_1767279609_3800539279635236865_375582742.jpg,https://t.me/+0bfXm4yVPjk5OGNl,Media
2026-01-26T14:36:25.322259,aditishetty22_1767279609_3800539279643614606_375582742.jpg,https://t.me/+0bfXm4yVPjk5OGNl,Media
2026-01-26T14:36:25.323258,aditishetty22_1767279609_3800539279685538275_375582742.jpg,https://t.me/+0bfXm4yVPjk5OGNl,Media
2026-01-26T14:36:25.324258,aditishetty22_1767279609_3800539279702340945_375582742.jpg,https://t.me/+0bfXm4yVPjk5OGNl,Media
2026-01-26T14:40:55.356653,aditishetty22_1767281071_375582742.mp4,https://t.me/+0bfXm4yVPjk5OGNl,Media
2026-01-26T14:40:55.358600,aditishetty22_1767281127_375582742.jpg,https://t.me/+0bfXm4yVPjk5OGNl,Media
2026-01-26T14:40:55.359544,aditishetty22_1767281163_375582742.jpg,https://t.me/+0bfXm4yVPjk5OGNl,Media
2026-01-26T14:40:55.361025,aditishetty22_1767291237_375582742.mp4,https://t.me/+0bfXm4yVPjk5OGNl,Media
2026-01-26T14:40:55.362505,aditishetty22_1767291341_375582742.mp4,https://t.me/+0bfXm4yVPjk5OGNl,Media
2026-01-26T14:40:55.363512,aditishetty22_1767291554_375582742.mp4,https://t.me/+0bfXm4yVPjk5OGNl,Media
2026-01-26T14:40:55.364517,aditishetty22_1767291636_375582742.mp4,https://t.me/+0bfXm4yVPjk5OGNl,Media
2026-01-26T14:40:55.365519,aditishetty22_1767291743_375582742.mp4,https://t.me/+0bfXm4yVPjk5OGNl,Media
2026-01-26T14:40:55.366514,aditishetty22_1767292076_375582742.mp4,https://t.me/+0bfXm4yVPjk5OGNl,Media
2026-01-26T14:40:55.367522,aditishetty22_1767300864_375582742.mp4,https://t.me/+0bfXm4yVPjk5OGNl,Media
2026-01-26T14:45:44.740686,aditishetty22_1767300888_375582742.mp4,https://t.me/+0bfXm4yVPjk5OGNl,Media
2026-01-26T14:45:44.743690,aditishetty22_1767340980_375582742.jpg,https://t.me/+0bfXm4yVPjk5OGNl,Media
2026-01-26T14:45:44.745685,aditishetty22_1767341494_375582742.mp4,https://t.me/+0bfXm4yVPjk5OGNl,Media
2026-01-26T14:45:44.746686,aditishetty22_1767341791_375582742.mp4,https://t.me/+0bfXm4yVPjk5OGNl,Media
2026-01-26T14:45:44.747685,aditishetty22_1767341822_375582742.mp4,https://t.me/+0bfXm4yVPjk5OGNl,Media
2026-01-26T14:45:44.748686,aditishetty22_1767355440_375582742.mp4,https://t.me/+0bfXm4yVPjk5OGNl,Media
2026-01-26T14:45:44.749686,aditishetty22_1767355492_375582742.mp4,https://t.me/+0bfXm4yVPjk5OGNl,Media
2026-01-26T14:45:44.750686,aditishetty22_1767356341_375582742.mp4,https://t.me/+0bfXm4yVPjk5OGNl,Media
2026-01-26T14:45:44.750686,aditishetty22_1767366785_375582742.mp4,https://t.me/+0bfXm4yVPjk5OGNl,Media
2026-01-26T14:45:44.751895,aditishetty22_1767370722_375582742.mp4,https://t.me/+0bfXm4yVPjk5OGNl,Media
2026-01-26T14:52:12.682910,aditishetty22_1767410769_375582742.mp4,https://t.me/+0bfXm4yVPjk5OGNl,Media
2026-01-26T14:52:12.683916,aditishetty22_1767425937_375582742.mp4,https://t.me/+0bfXm4yVPjk5OGNl,Media
2026-01-26T14:52:12.684975,aditishetty22_1767429847_375582742.mp4,https://t.me/+0bfXm4yVPjk5OGNl,Media
2026-01-26T14:52:12.685915,aditishetty22_1767457009_375582742.mp4,https://t.me/+0bfXm4yVPjk5OGNl,Media
2026-01-26T14:52:12.686915,aditishetty22_1767457557_375582742.mp4,https://t.me/+0bfXm4yVPjk5OGNl,Media
2026-01-26T14:52:12.688058,aditishetty22_1767466503_375582742.mp4,https://t.me/+0bfXm4yVPjk5OGNl,Media
2026-01-26T14:52:12.688915,aditishetty22_1767471292_375582742.mp4,https://t.me/+0bfXm4yVPjk5OGNl,Media
2026-01-26T14:52:12.689915,aditishetty22_1767473249_375582742.mp4,https://t.me/+0bfXm4yVPjk5OGNl,Media
2026-01-26T14:52:12.690916,aditishetty22_1767473414_375582742.mp4,https://t.me/+0bfXm4yVPjk5OGNl,Media
2026-01-26T14:52:12.690916,aditishetty22_1767577250_375582742.mp4,https://t.me/+0bfXm4yVPjk5OGNl,Media
2026-01-26T14:57:40.348307,aditishetty22_1767602140_375582742.mp4,https://t.me/+0bfXm4yVPjk5OGNl,Media
2026-01-26T14:57:40.349308,aditishetty22_1767603109_375582742.mp4,https://t.me/+0bfXm4yVPjk5OGNl,Media
2026-01-26T14:57:40.350309,aditishetty22_1767658615_375582742.mp4,https://t.me/+0bfXm4yVPjk5OGNl,Media
2026-01-26T14:57:40.351308,aditishetty22_1767659448_375582742.mp4,https://t.me/+0bfXm4yVPjk5OGNl,Media
2026-01-26T14:57:40.352322,aditishetty22_1767672706_375582742.mp4,https://t.me/+0bfXm4yVPjk5OGNl,Media
2026-01-26T14:57:40.353307,aditishetty22_1767680770_375582742.mp4,https://t.me/+0bfXm4yVPjk5OGNl,Media
2026-01-26T14:57:40.353307,aditishetty22_1767685281_375582742.mp4,https://t.me/+0bfXm4yVPjk5OGNl,Media
2026-01-26T14:57:40.354307,aditishetty22_1767685406_375582742.mp4,https://t.me/+0bfXm4yVPjk5OGNl,Media
2026-01-26T14:57:40.355307,aditishetty22_1767686198_375582742.mp4,https://t.me/+0bfXm4yVPjk5OGNl,Media
2026-01-26T14:57:40.357308,aditishetty22_1767701201_375582742.mp4,https://t.me/+0bfXm4yVPjk5OGNl,Media
2026-01-26T15:02:42.678681,aditishetty22_1767710451_375582742.mp4,https://t.me/+0bfXm4yVPjk5OGNl,Media
2026-01-26T15:02:42.680950,aditishetty22_1767710879_375582742.mp4,https://t.me/+0bfXm4yVPjk5OGNl,Media
2026-01-26T15:02:42.681950,aditishetty22_1767712344_375582742.mp4,https://t.me/+0bfXm4yVPjk5OGNl,Media
2026-01-26T15:02:42.682950,aditishetty22_1767715668_375582742.mp4,https://t.me/+0bfXm4yVPjk5OGNl,Media
2026-01-26T15:02:42.684950,aditishetty22_1767715745_375582742.mp4,https://t.me/+0bfXm4yVPjk5OGNl,Media
2026-01-26T15:12:58.706100,aishwarya_khare_1767030089_511753944.mp4,https://t.me/+GNUYowY2jvVmNGM1,Media
2026-01-26T15:12:58.707102,aishwarya_khare_1767031139_511753944.mp4,https://t.me/+GNUYowY2jvVmNGM1,Media
2026-01-26T15:12:58.708100,aishwarya_khare_1767146480_511753944.mp4,https://t.me/+GNUYowY2jvVmNGM1,Media
2026-01-26T15:12:58.709100,aishwarya_khare_1767153563_511753944.mp4,https://t.me/+GNUYowY2jvVmNGM1,Media
2026-01-26T15:12:58.709100,aishwarya_khare_1767240235_511753944.mp4,https://t.me/+GNUYowY2jvVmNGM1,Media
2026-01-26T15:12:58.711108,aishwarya_khare_1767240246_511753944.mp4,https://t.me/+GNUYowY2jvVmNGM1,Media
2026-01-26T15:12:58.713103,aishwarya_khare_1767240254_511753944.mp4,https://t.me/+GNUYowY2jvVmNGM1,Media
2026-01-26T15:12:58.714094,aishwarya_khare_1767240262_511753944.mp4,https://t.me/+GNUYowY2jvVmNGM1,Media
2026-01-26T15:12:58.715202,aishwarya_khare_1767240308_511753944.mp4,https://t.me/+GNUYowY2jvVmNGM1,Media
2026-01-26T15:12:58.716211,aishwarya_khare_1767240340_511753944.mp4,https://t.me/+GNUYowY2jvVmNGM1,Media
2026-01-26T15:15:51.062200,aishwarya_khare_1767246135_511753944.jpg,https://t.me/+GNUYowY2jvVmNGM1,Media
2026-01-26T15:15:51.064201,aishwarya_khare_1767268481_511753944.mp4,https://t.me/+GNUYowY2jvVmNGM1,Media
2026-01-26T15:15:51.064201,aishwarya_khare_1767283341_511753944.mp4,https://t.me/+GNUYowY2jvVmNGM1,Media
2026-01-26T15:15:51.065201,aishwarya_khare_1767285814_511753944.mp4,https://t.me/+GNUYowY2jvVmNGM1,Media
2026-01-26T15:15:51.066199,aishwarya_khare_1767620930_511753944.mp4,https://t.me/+GNUYowY2jvVmNGM1,Media
2026-01-26T15:15:51.067201,aishwarya_khare_1767621983_511753944.mp4,https://t.me/+GNUYowY2jvVmNGM1,Media
2026-01-26T15:15:51.068201,aishwarya_khare_1767622727_511753944.mp4,https://t.me/+GNUYowY2jvVmNGM1,Media
2026-01-26T15:15:51.069200,aishwarya_khare_1767623168_511753944.mp4,https://t.me/+GNUYowY2jvVmNGM1,Media
2026-01-26T15:15:51.070201,aishwarya_khare_1767623191_511753944.mp4,https://t.me/+GNUYowY2jvVmNGM1,Media
2026-01-26T15:15:51.070201,aishwarya_khare_1767623216_511753944.mp4,https://t.me/+GNUYowY2jvVmNGM1,Media
2026-01-26T15:19:03.475892,aishwarya_khare_1767623255_511753944.mp4,https://t.me/+GNUYowY2jvVmNGM1,Media
2026-01-26T15:19:03.476883,aishwarya_khare_1767623492_511753944.mp4,https://t.me/+GNUYowY2jvVmNGM1,Media
2026-01-26T15:19:03.478890,aishwarya_khare_1767624413_511753944.mp4,https://t.me/+GNUYowY2jvVmNGM1,Media
2026-01-26T15:19:03.478890,aishwarya_khare_1767624987_511753944.mp4,https://t.me/+GNUYowY2jvVmNGM1,Media
2026-01-26T15:19:03.479879,aishwarya_khare_1767626082_511753944.mp4,https://t.me/+GNUYowY2jvVmNGM1,Media
2026-01-26T15:19:03.480880,aishwarya_khare_1767627996_511753944.mp4,https://t.me/+GNUYowY2jvVmNGM1,Media
2026-01-26T15:19:03.480880,aishwarya_khare_1767628233_511753944.mp4,https://t.me/+GNUYowY2jvVmNGM1,Media
2026-01-26T15:19:03.481973,aishwarya_khare_1767628406_511753944.mp4,https://t.me/+GNUYowY2jvVmNGM1,Media
2026-01-26T15:19:03.481973,aishwarya_khare_1767628472_511753944.mp4,https://t.me/+GNUYowY2jvVmNGM1,Media
2026-01-26T15:19:03.482970,aishwarya_khare_1767628535_511753944.mp4,https://t.me/+GNUYowY2jvVmNGM1,Media
2026-01-26T15:23:40.157357,aishwarya_khare_1767629146_511753944.mp4,https://t.me/+GNUYowY2jvVmNGM1,Media
2026-01-26T15:23:40.158357,aishwarya_khare_1767629233_511753944.mp4,https://t.me/+GNUYowY2jvVmNGM1,Media
2026-01-26T15:23:40.158357,aishwarya_khare_1767629305_511753944.mp4,https://t.me/+GNUYowY2jvVmNGM1,Media
2026-01-26T15:23:40.159356,aishwarya_khare_1767631593_511753944.mp4,https://t.me/+GNUYowY2jvVmNGM1,Media
2026-01-26T15:23:40.161357,aishwarya_khare_1767668757_511753944.mp4,https://t.me/+GNUYowY2jvVmNGM1,Media
2026-01-26T15:23:40.161357,aishwarya_khare_1767673077_511753944.mp4,https://t.me/+GNUYowY2jvVmNGM1,Media
2026-01-26T15:23:40.162357,aishwarya_khare_1767674057_511753944.mp4,https://t.me/+GNUYowY2jvVmNGM1,Media
2026-01-26T15:23:40.163357,aishwarya_khare_1767682286_3803914324897811868_511753944.mp4,https://t.me/+GNUYowY2jvVmNGM1,Media
2026-01-26T15:23:40.164357,aishwarya_khare_1767688177_511753944.mp4,https://t.me/+GNUYowY2jvVmNGM1,Media
2026-01-26T15:23:40.165357,aishwarya_khare_1767691435_511753944.mp4,https://t.me/+GNUYowY2jvVmNGM1,Media
2026-01-26T15:25:04.029997,aishwarya_khare_1767691494_511753944.mp4,https://t.me/+GNUYowY2jvVmNGM1,Media
2026-01-26T15:25:04.030997,aishwarya_khare_1767697424_511753944.mp4,https://t.me/+GNUYowY2jvVmNGM1,Media
2026-01-26T15:25:04.031997,aishwarya_khare_1767698577_511753944.mp4,https://t.me/+GNUYowY2jvVmNGM1,Media
2026-01-26T15:25:04.032997,aishwarya_khare_1767706115_511753944.mp4,https://t.me/+GNUYowY2jvVmNGM1,Media
2026-01-26T15:25:04.033997,aishwarya_khare_1767712053_511753944.mp4,https://t.me/+GNUYowY2jvVmNGM1,Media
2026-01-26T15:33:34.596684,amyaela_1767023822_5321591610.mp4,https://t.me/+L-fxF4TcSJRmOGRl,Media
2026-01-26T15:33:34.598685,amyaela_1767023902_5321591610.mp4,https://t.me/+L-fxF4TcSJRmOGRl,Media
2026-01-26T15:33:34.599686,amyaela_1767025034_5321591610.mp4,https://t.me/+L-fxF4TcSJRmOGRl,Media
2026-01-26T15:33:34.601684,amyaela_1767073263_5321591610.jpg,https://t.me/+L-fxF4TcSJRmOGRl,Media
2026-01-26T15:33:34.602685,amyaela_1767170121_5321591610.mp4,https://t.me/+L-fxF4TcSJRmOGRl,Media
2026-01-26T15:33:34.620689,amyaela_1767172057_5321591610.mp4,https://t.me/+L-fxF4TcSJRmOGRl,Media
2026-01-26T15:33:34.621731,amyaela_1767349054_5321591610.mp4,https://t.me/+L-fxF4TcSJRmOGRl,Media
2026-01-26T15:33:34.623689,amyaela_1767349160_5321591610.mp4,https://t.me/+L-fxF4TcSJRmOGRl,Media
2026-01-26T15:33:34.624689,amyaela_1767349221_5321591610.mp4,https://t.me/+L-fxF4TcSJRmOGRl,Media
2026-01-26T15:33:34.625689,amyaela_1767349312_5321591610.mp4,https://t.me/+L-fxF4TcSJRmOGRl,Media
2026-01-26T15:35:17.005218,amyaela_1767349436_3801124241656359363_5321591610.mp4,https://t.me/+L-fxF4TcSJRmOGRl,Media
2026-01-26T15:35:17.007210,amyaela_1767349768_5321591610.mp4,https://t.me/+L-fxF4TcSJRmOGRl,Media
2026-01-26T15:35:17.008211,amyaela_1767375505_5321591610.mp4,https://t.me/+L-fxF4TcSJRmOGRl,Media
2026-01-26T15:43:12.917057,akanksha8000_1766638362_1225704691.mp4,https://t.me/+_JSIUOgre0FjNGE9,Media
2026-01-26T15:43:12.919236,akanksha8000_1766640833_1225704691.mp4,https://t.me/+_JSIUOgre0FjNGE9,Media
2026-01-26T15:43:12.920242,akanksha8000_1766640891_1225704691.mp4,https://t.me/+_JSIUOgre0FjNGE9,Media
2026-01-26T15:43:12.921235,akanksha8000_1766647307_1225704691.mp4,https://t.me/+_JSIUOgre0FjNGE9,Media
2026-01-26T15:43:12.922236,akanksha8000_1766649162_1225704691.mp4,https://t.me/+_JSIUOgre0FjNGE9,Media
2026-01-26T15:43:12.923236,akanksha8000_1766649976_1225704691.mp4,https://t.me/+_JSIUOgre0FjNGE9,Media
2026-01-26T15:43:12.924236,akanksha8000_1766675759_1225704691.mp4,https://t.me/+_JSIUOgre0FjNGE9,Media
2026-01-26T15:43:12.926236,akanksha8000_1766800516_1225704691.mp4,https://t.me/+_JSIUOgre0FjNGE9,Media
2026-01-26T15:43:12.927236,akanksha8000_1766840470_1225704691.mp4,https://t.me/+_JSIUOgre0FjNGE9,Media
2026-01-26T15:43:12.928241,akanksha8000_1766841921_1225704691.mp4,https://t.me/+_JSIUOgre0FjNGE9,Media
2026-01-26T16:03:26.679346,akanksha8000_1766847063_1225704691.mp4,https://t.me/+_JSIUOgre0FjNGE9,Media
2026-01-26T16:03:26.680346,akanksha8000_1766860229_1225704691.mp4,https://t.me/+_JSIUOgre0FjNGE9,Media
2026-01-26T16:03:26.682346,akanksha8000_1766862409_1225704691.jpg,https://t.me/+_JSIUOgre0FjNGE9,Media
2026-01-26T16:03:26.683345,akanksha8000_1766863637_1225704691.mp4,https://t.me/+_JSIUOgre0FjNGE9,Media
2026-01-26T16:03:26.685350,akanksha8000_1766867438_1225704691.mp4,https://t.me/+_JSIUOgre0FjNGE9,Media
2026-01-26T16:03:26.688345,akanksha8000_1766870394_1225704691.mp4,https://t.me/+_JSIUOgre0FjNGE9,Media
2026-01-26T16:03:26.690346,akanksha8000_1766870875_1225704691.mp4,https://t.me/+_JSIUOgre0FjNGE9,Media
2026-01-26T16:03:26.692487,akanksha8000_1766871716_1225704691.mp4,https://t.me/+_JSIUOgre0FjNGE9,Media
2026-01-26T16:03:26.693487,akanksha8000_1766871761_1225704691.mp4,https://t.me/+_JSIUOgre0FjNGE9,Media
2026-01-26T16:03:26.695487,akanksha8000_1766872025_1225704691.mp4,https://t.me/+_JSIUOgre0FjNGE9,Media
2026-01-26T16:10:26.353889,akanksha8000_1766872096_1225704691.mp4,https://t.me/+_JSIUOgre0FjNGE9,Media
2026-01-26T16:10:26.355928,akanksha8000_1766899887_1225704691.mp4,https://t.me/+_JSIUOgre0FjNGE9,Media
2026-01-26T16:10:26.356928,akanksha8000_1766910937_1225704691.mp4,https://t.me/+_JSIUOgre0FjNGE9,Media
2026-01-26T16:10:26.356928,akanksha8000_1766911626_1225704691.mp4,https://t.me/+_JSIUOgre0FjNGE9,Media
2026-01-26T16:10:26.357927,akanksha8000_1766911800_1225704691.mp4,https://t.me/+_JSIUOgre0FjNGE9,Media
2026-01-26T16:10:26.359927,akanksha8000_1766936321_1225704691.mp4,https://t.me/+_JSIUOgre0FjNGE9,Media
2026-01-26T16:10:26.360928,akanksha8000_1766940247_1225704691.mp4,https://t.me/+_JSIUOgre0FjNGE9,Media
2026-01-26T16:10:26.362927,akanksha8000_1767268735_1225704691.mp4,https://t.me/+_JSIUOgre0FjNGE9,Media
2026-01-26T16:10:26.363928,akanksha8000_1767273095_1225704691.mp4,https://t.me/+_JSIUOgre0FjNGE9,Media
2026-01-26T16:10:26.363928,akanksha8000_1767282181_1225704691.mp4,https://t.me/+_JSIUOgre0FjNGE9,Media
2026-01-26T16:21:58.610860,akanksha8000_1767330994_1225704691.mp4,https://t.me/+_JSIUOgre0FjNGE9,Media
2026-01-26T16:21:58.611860,akanksha8000_1767343686_1225704691.mp4,https://t.me/+_JSIUOgre0FjNGE9,Media
2026-01-26T16:21:58.611860,akanksha8000_1767343989_1225704691.mp4,https://t.me/+_JSIUOgre0FjNGE9,Media
2026-01-26T16:21:58.612860,akanksha8000_1767359543_1225704691.mp4,https://t.me/+_JSIUOgre0FjNGE9,Media
2026-01-26T16:21:58.614860,akanksha8000_1767422074_1225704691.mp4,https://t.me/+_JSIUOgre0FjNGE9,Media
2026-01-26T16:21:58.616860,akanksha8000_1767422341_1225704691.mp4,https://t.me/+_JSIUOgre0FjNGE9,Media
2026-01-26T16:21:58.618860,akanksha8000_1767427409_1225704691.mp4,https://t.me/+_JSIUOgre0FjNGE9,Media
2026-01-26T16:21:58.619860,akanksha8000_1767444068_1225704691.mp4,https://t.me/+_JSIUOgre0FjNGE9,Media
2026-01-26T16:21:58.620860,akanksha8000_1767553732_1225704691.mp4,https://t.me/+_JSIUOgre0FjNGE9,Media
2026-01-26T16:21:58.621860,akanksha8000_1767553885_1225704691.mp4,https://t.me/+_JSIUOgre0FjNGE9,Media
2026-01-26T16:36:43.511454,akanksha8000_1767588744_1225704691.mp4,https://t.me/+_JSIUOgre0FjNGE9,Media
2026-01-26T16:36:43.512453,akanksha8000_1767591348_1225704691.mp4,https://t.me/+_JSIUOgre0FjNGE9,Media
2026-01-26T16:36:43.513496,akanksha8000_1767617513_1225704691.mp4,https://t.me/+_JSIUOgre0FjNGE9,Media
2026-01-26T16:36:43.516005,akanksha8000_1767617552_1225704691.mp4,https://t.me/+_JSIUOgre0FjNGE9,Media
2026-01-26T16:36:43.518064,akanksha8000_1767617734_1225704691.mp4,https://t.me/+_JSIUOgre0FjNGE9,Media
2026-01-26T16:36:43.519070,akanksha8000_1767618411_1225704691.mp4,https://t.me/+_JSIUOgre0FjNGE9,Media
2026-01-26T16:36:43.520070,akanksha8000_1767618479_1225704691.mp4,https://t.me/+_JSIUOgre0FjNGE9,Media
2026-01-26T16:36:43.522070,akanksha8000_1767618919_1225704691.mp4,https://t.me/+_JSIUOgre0FjNGE9,Media
2026-01-26T16:36:43.522070,akanksha8000_1767619611_1225704691.mp4,https://t.me/+_JSIUOgre0FjNGE9,Media
2026-01-26T16:36:43.524087,akanksha8000_1767620208_1225704691.mp4,https://t.me/+_JSIUOgre0FjNGE9,Media
2026-01-26T16:44:25.629983,akanksha8000_1767620415_1225704691.mp4,https://t.me/+_JSIUOgre0FjNGE9,Media
2026-01-26T16:44:25.632486,akanksha8000_1767620718_1225704691.mp4,https://t.me/+_JSIUOgre0FjNGE9,Media
2026-01-26T16:44:25.633496,akanksha8000_1767625644_1225704691.mp4,https://t.me/+_JSIUOgre0FjNGE9,Media
2026-01-26T16:44:25.634493,akanksha8000_1767634533_1225704691.mp4,https://t.me/+_JSIUOgre0FjNGE9,Media
2026-01-26T16:44:25.635494,akanksha8000_1767634553_1225704691.mp4,https://t.me/+_JSIUOgre0FjNGE9,Media
2026-01-26T16:44:25.636493,akanksha8000_1767674246_1225704691.mp4,https://t.me/+_JSIUOgre0FjNGE9,Media
2026-01-26T16:44:25.637494,akanksha8000_1767689507_1225704691.mp4,https://t.me/+_JSIUOgre0FjNGE9,Media
2026-01-26T16:44:25.638493,aparnadixit2061_1766648708_3795246902678415722_327399099.jpg,https://t.me/+_JSIUOgre0FjNGE9,Media
2026-01-26T16:44:25.639493,aparnadixit2061_1766648708_3795246902678416274_327399099.jpg,https://t.me/+_JSIUOgre0FjNGE9,Media
2026-01-26T16:44:25.640493,aparnadixit2061_1766648708_3795246902678422713_327399099.jpg,https://t.me/+_JSIUOgre0FjNGE9,Media
2026-01-26T16:45:38.019763,aparnadixit2061_1766648708_3795246902678429725_327399099.jpg,https://t.me/+_JSIUOgre0FjNGE9,Media
2026-01-26T16:45:38.021762,aparnadixit2061_1766648708_3795246902678431019_327399099.jpg,https://t.me/+_JSIUOgre0FjNGE9,Media
2026-01-26T16:45:38.023762,aparnadixit2061_1766648708_3795246902678434142_327399099.jpg,https://t.me/+_JSIUOgre0FjNGE9,Media
2026-01-26T16:45:38.024776,aparnadixit2061_1766648708_3795246902678436302_327399099.jpg,https://t.me/+_JSIUOgre0FjNGE9,Media
2026-01-26T16:45:38.025762,aparnadixit2061_1766648708_3795246902686811957_327399099.jpg,https://t.me/+_JSIUOgre0FjNGE9,Media
2026-01-26T16:45:38.026762,aparnadixit2061_1766648708_3795246902779094045_327399099.jpg,https://t.me/+_JSIUOgre0FjNGE9,Media
2026-01-26T16:45:38.026762,aparnadixit2061_1766648708_3795246902779104769_327399099.jpg,https://t.me/+_JSIUOgre0FjNGE9,Media
2026-01-26T16:45:38.028882,aparnadixit2061_1766648708_3795246902879742683_327399099.jpg,https://t.me/+_JSIUOgre0FjNGE9,Media
2026-01-26T16:45:38.029882,aparnadixit2061_1766648708_3795246902888167980_327399099.jpg,https://t.me/+_JSIUOgre0FjNGE9,Media
2026-01-26T16:45:38.029882,aparnadixit2061_1766648708_3795246902913324575_327399099.jpg,https://t.me/+_JSIUOgre0FjNGE9,Media
2026-01-26T16:56:35.482197,aparnadixit2061_1766648708_3795246902963665171_327399099.jpg,https://t.me/+_JSIUOgre0FjNGE9,Media
2026-01-26T16:56:35.484197,aparnadixit2061_1766649377_327399099.mp4,https://t.me/+_JSIUOgre0FjNGE9,Media
2026-01-26T16:56:35.485197,aparnadixit2061_1766649440_327399099.jpg,https://t.me/+_JSIUOgre0FjNGE9,Media
2026-01-26T16:56:35.486197,aparnadixit2061_1766649502_327399099.mp4,https://t.me/+_JSIUOgre0FjNGE9,Media
2026-01-26T16:56:35.487197,aparnadixit2061_1766649524_327399099.jpg,https://t.me/+_JSIUOgre0FjNGE9,Media
2026-01-26T16:56:35.487197,aparnadixit2061_1766649767_327399099.mp4,https://t.me/+_JSIUOgre0FjNGE9,Media
2026-01-26T16:56:35.488196,aparnadixit2061_1766666090_3795390313020550636_327399099.mp4,https://t.me/+_JSIUOgre0FjNGE9,Media
2026-01-26T16:56:35.491705,aparnadixit2061_1766671293_327399099.jpg,https://t.me/+_JSIUOgre0FjNGE9,Media
2026-01-26T16:56:35.492706,aparnadixit2061_1766673769_327399099.mp4,https://t.me/+_JSIUOgre0FjNGE9,Media
2026-01-26T16:56:35.493707,aparnadixit2061_1766674053_327399099.jpg,https://t.me/+_JSIUOgre0FjNGE9,Media
2026-01-26T17:01:15.888490,aparnadixit2061_1766674179_327399099.mp4,https://t.me/+_JSIUOgre0FjNGE9,Media
2026-01-26T17:01:15.890601,aparnadixit2061_1766693041_327399099.mp4,https://t.me/+_JSIUOgre0FjNGE9,Media
2026-01-26T17:01:15.892490,aparnadixit2061_1766743447_327399099.mp4,https://t.me/+_JSIUOgre0FjNGE9,Media
2026-01-26T17:01:15.893490,aparnadixit2061_1766757064_327399099.jpg,https://t.me/+_JSIUOgre0FjNGE9,Media
2026-01-26T17:01:15.894489,aparnadixit2061_1766757261_327399099.jpg,https://t.me/+_JSIUOgre0FjNGE9,Media
2026-01-26T17:01:15.895490,aparnadixit2061_1766757392_327399099.jpg,https://t.me/+_JSIUOgre0FjNGE9,Media
2026-01-26T17:01:15.896490,aparnadixit2061_1766757538_327399099.jpg,https://t.me/+_JSIUOgre0FjNGE9,Media
2026-01-26T17:01:15.896490,aparnadixit2061_1766761097_327399099.mp4,https://t.me/+_JSIUOgre0FjNGE9,Media
2026-01-26T17:01:15.898506,aparnadixit2061_1766761272_327399099.mp4,https://t.me/+_JSIUOgre0FjNGE9,Media
2026-01-26T17:01:15.899491,aparnadixit2061_1766768718_327399099.mp4,https://t.me/+_JSIUOgre0FjNGE9,Media
2026-01-26T17:03:01.490901,aparnadixit2061_1766770549_327399099.jpg,https://t.me/+_JSIUOgre0FjNGE9,Media
2026-01-26T17:03:01.491901,aparnadixit2061_1766770966_327399099.mp4,https://t.me/+_JSIUOgre0FjNGE9,Media
2026-01-26T17:03:01.492893,aparnadixit2061_1766771780_327399099.mp4,https://t.me/+_JSIUOgre0FjNGE9,Media
2026-01-26T17:03:01.493894,aparnadixit2061_1766773070_327399099.jpg,https://t.me/+_JSIUOgre0FjNGE9,Media
2026-01-26T17:03:01.494894,aparnadixit2061_1766782258_327399099.jpg,https://t.me/+_JSIUOgre0FjNGE9,Media
2026-01-26T17:03:01.495893,aparnadixit2061_1766893211_327399099.jpg,https://t.me/+_JSIUOgre0FjNGE9,Media
2026-01-26T17:03:01.497909,aparnadixit2061_1766893272_327399099.jpg,https://t.me/+_JSIUOgre0FjNGE9,Media
2026-01-26T17:03:01.497909,aparnadixit2061_1766894587_327399099.mp4,https://t.me/+_JSIUOgre0FjNGE9,Media
2026-01-26T17:03:01.498894,aparnadixit2061_1766897436_327399099.jpg,https://t.me/+_JSIUOgre0FjNGE9,Media
2026-01-26T17:03:01.498894,aparnadixit2061_1766897466_327399099.jpg,https://t.me/+_JSIUOgre0FjNGE9,Media
2026-01-26T17:06:07.708833,aparnadixit2061_1766903747_3797383341130151082_327399099.mp4,https://t.me/+_JSIUOgre0FjNGE9,Media
2026-01-26T17:06:07.710839,aparnadixit2061_1766903948_327399099.mp4,https://t.me/+_JSIUOgre0FjNGE9,Media
2026-01-26T17:06:07.711832,aparnadixit2061_1766905022_327399099.mp4,https://t.me/+_JSIUOgre0FjNGE9,Media
2026-01-26T17:06:07.712834,aparnadixit2061_1766906782_327399099.mp4,https://t.me/+_JSIUOgre0FjNGE9,Media
2026-01-26T17:06:07.713832,aparnadixit2061_1766908519_327399099.mp4,https://t.me/+_JSIUOgre0FjNGE9,Media
2026-01-26T17:06:07.715832,aparnadixit2061_1766914862_327399099.mp4,https://t.me/+_JSIUOgre0FjNGE9,Media
2026-01-26T17:06:07.715832,aparnadixit2061_1766927087_327399099.jpg,https://t.me/+_JSIUOgre0FjNGE9,Media
2026-01-26T17:06:07.716833,aparnadixit2061_1766931262_327399099.jpg,https://t.me/+_JSIUOgre0FjNGE9,Media
2026-01-26T17:06:07.718833,aparnadixit2061_1766931291_327399099.jpg,https://t.me/+_JSIUOgre0FjNGE9,Media
2026-01-26T17:06:07.718833,aparnadixit2061_1766931299_327399099.jpg,https://t.me/+_JSIUOgre0FjNGE9,Media
2026-01-26T17:09:58.673780,aparnadixit2061_1766936187_327399099.jpg,https://t.me/+_JSIUOgre0FjNGE9,Media
2026-01-26T17:09:58.675721,aparnadixit2061_1766936200_327399099.jpg,https://t.me/+_JSIUOgre0FjNGE9,Media
2026-01-26T17:09:58.675721,aparnadixit2061_1766941632_327399099.mp4,https://t.me/+_JSIUOgre0FjNGE9,Media
2026-01-26T17:09:58.676695,aparnadixit2061_1767078451_3798851502081837967_327399099.mp4,https://t.me/+_JSIUOgre0FjNGE9,Media
2026-01-26T17:09:58.677676,aparnadixit2061_1767090181_327399099.mp4,https://t.me/+_JSIUOgre0FjNGE9,Media
2026-01-26T17:09:58.678682,aparnadixit2061_1767096488_327399099.mp4,https://t.me/+_JSIUOgre0FjNGE9,Media
2026-01-26T17:09:58.679675,aparnadixit2061_1767100409_327399099.jpg,https://t.me/+_JSIUOgre0FjNGE9,Media
2026-01-26T17:09:58.680676,aparnadixit2061_1767101559_327399099.mp4,https://t.me/+_JSIUOgre0FjNGE9,Media
2026-01-26T17:09:58.680676,aparnadixit2061_1767101575_327399099.mp4,https://t.me/+_JSIUOgre0FjNGE9,Media
2026-01-26T17:09:58.681676,aparnadixit2061_1767112062_327399099.mp4,https://t.me/+_JSIUOgre0FjNGE9,Media
2026-01-26T17:11:47.176371,aparnadixit2061_1767168137_327399099.mp4,https://t.me/+_JSIUOgre0FjNGE9,Media
2026-01-26T17:11:47.178361,aparnadixit2061_1767169052_327399099.jpg,https://t.me/+_JSIUOgre0FjNGE9,Media
2026-01-26T17:11:47.178361,aparnadixit2061_1767172174_327399099.jpg,https://t.me/+_JSIUOgre0FjNGE9,Media
2026-01-26T17:11:47.179362,aparnadixit2061_1767269342_327399099.mp4,https://t.me/+_JSIUOgre0FjNGE9,Media
2026-01-26T17:11:47.180361,aparnadixit2061_1767276708_327399099.jpg,https://t.me/+_JSIUOgre0FjNGE9,Media
2026-01-26T17:11:47.181361,aparnadixit2061_1767277555_327399099.jpg,https://t.me/+_JSIUOgre0FjNGE9,Media
2026-01-26T17:11:47.182364,aparnadixit2061_1767282747_3800565603732567487_327399099.jpg,https://t.me/+_JSIUOgre0FjNGE9,Media
2026-01-26T17:11:47.183374,aparnadixit2061_1767282747_3800565603950658191_327399099.jpg,https://t.me/+_JSIUOgre0FjNGE9,Media
2026-01-26T17:11:47.184361,aparnadixit2061_1767283937_327399099.mp4,https://t.me/+_JSIUOgre0FjNGE9,Media
2026-01-26T17:11:47.185361,aparnadixit2061_1767284351_327399099.mp4,https://t.me/+_JSIUOgre0FjNGE9,Media
2026-01-26T17:14:21.846112,aparnadixit2061_1767429797_327399099.mp4,https://t.me/+_JSIUOgre0FjNGE9,Media
2026-01-26T17:14:21.847112,aparnadixit2061_1767431993_327399099.jpg,https://t.me/+_JSIUOgre0FjNGE9,Media
2026-01-26T17:14:21.848112,aparnadixit2061_1767442580_327399099.mp4,https://t.me/+_JSIUOgre0FjNGE9,Media
2026-01-26T17:14:21.849112,aparnadixit2061_1767442631_327399099.jpg,https://t.me/+_JSIUOgre0FjNGE9,Media
2026-01-26T17:14:21.850118,aparnadixit2061_1767442861_327399099.mp4,https://t.me/+_JSIUOgre0FjNGE9,Media
2026-01-26T17:14:21.851114,aparnadixit2061_1767444738_3801924484341726693_327399099.jpg,https://t.me/+_JSIUOgre0FjNGE9,Media
2026-01-26T17:14:21.852114,aparnadixit2061_1767444738_3801924484350139346_327399099.jpg,https://t.me/+_JSIUOgre0FjNGE9,Media
2026-01-26T17:14:21.853114,aparnadixit2061_1767444738_3801924484358517351_327399099.jpg,https://t.me/+_JSIUOgre0FjNGE9,Media
2026-01-26T17:14:21.854114,aparnadixit2061_1767444738_3801924484366890108_327399099.jpg,https://t.me/+_JSIUOgre0FjNGE9,Media
2026-01-26T17:14:21.855117,aparnadixit2061_1767444738_3801924484450764385_327399099.jpg,https://t.me/+_JSIUOgre0FjNGE9,Media
2026-01-26T17:19:05.435938,aparnadixit2061_1767445914_327399099.mp4,https://t.me/+_JSIUOgre0FjNGE9,Media
2026-01-26T17:19:05.436939,aparnadixit2061_1767447237_327399099.mp4,https://t.me/+_JSIUOgre0FjNGE9,Media
2026-01-26T17:19:05.438939,aparnadixit2061_1767451515_327399099.jpg,https://t.me/+_JSIUOgre0FjNGE9,Media
2026-01-26T17:19:05.438939,aparnadixit2061_1767451534_327399099.jpg,https://t.me/+_JSIUOgre0FjNGE9,Media
2026-01-26T17:19:05.439939,aparnadixit2061_1767520110_3802556236424847879_327399099.mp4,https://t.me/+_JSIUOgre0FjNGE9,Media
2026-01-26T17:19:05.440938,aparnadixit2061_1767593529_327399099.mp4,https://t.me/+_JSIUOgre0FjNGE9,Media
2026-01-26T17:19:05.441938,aparnadixit2061_1767609913_327399099.jpg,https://t.me/+_JSIUOgre0FjNGE9,Media
2026-01-26T17:19:05.442939,aparnadixit2061_1767609939_327399099.jpg,https://t.me/+_JSIUOgre0FjNGE9,Media
2026-01-26T17:19:05.443938,aparnadixit2061_1767610436_327399099.mp4,https://t.me/+_JSIUOgre0FjNGE9,Media
2026-01-26T17:19:05.443938,aparnadixit2061_1767619394_327399099.mp4,https://t.me/+_JSIUOgre0FjNGE9,Media
2026-01-26T17:20:38.427646,aparnadixit2061_1767633255_327399099.mp4,https://t.me/+_JSIUOgre0FjNGE9,Media
2026-01-26T17:20:38.429639,aparnadixit2061_1767633312_327399099.mp4,https://t.me/+_JSIUOgre0FjNGE9,Media
2026-01-26T17:20:38.432648,aparnadixit2061_1767694033_3804015722498887808_327399099.jpg,https://t.me/+_JSIUOgre0FjNGE9,Media
2026-01-26T17:20:38.433638,aparnadixit2061_1767694033_3804015722498911595_327399099.jpg,https://t.me/+_JSIUOgre0FjNGE9,Media
2026-01-26T17:20:38.434638,aparnadixit2061_1767694033_3804015722498936510_327399099.jpg,https://t.me/+_JSIUOgre0FjNGE9,Media
2026-01-26T17:20:38.435646,aparnadixit2061_1767694033_3804015722498940167_327399099.jpg,https://t.me/+_JSIUOgre0FjNGE9,Media
2026-01-26T17:20:38.436638,aparnadixit2061_1767694033_3804015722498943674_327399099.jpg,https://t.me/+_JSIUOgre0FjNGE9,Media
2026-01-26T17:20:38.437640,aparnadixit2061_1767694033_3804015722515674150_327399099.jpg,https://t.me/+_JSIUOgre0FjNGE9,Media
2026-01-26T17:20:38.438638,aparnadixit2061_1767694033_3804015722557651910_327399099.jpg,https://t.me/+_JSIUOgre0FjNGE9,Media
2026-01-26T17:20:38.438638,aparnadixit2061_1767694033_3804015722582787594_327399099.jpg,https://t.me/+_JSIUOgre0FjNGE9,Media
2026-01-26T17:26:14.805479,aparnadixit2061_1767694033_3804015722717049289_327399099.jpg,https://t.me/+_JSIUOgre0FjNGE9,Media
2026-01-26T17:26:14.806481,aparnadixit2061_1767698937_327399099.mp4,https://t.me/+_JSIUOgre0FjNGE9,Media
2026-01-26T17:26:14.807478,aparnadixit2061_1767700862_327399099.mp4,https://t.me/+_JSIUOgre0FjNGE9,Media
2026-01-26T17:26:14.808478,aparnadixit2061_1767701243_327399099.jpg,https://t.me/+_JSIUOgre0FjNGE9,Media
2026-01-26T17:26:14.809478,aparnadixit2061_1767705140_327399099.jpg,https://t.me/+_JSIUOgre0FjNGE9,Media
2026-01-26T17:26:14.810477,aparnadixit2061_1767712276_327399099.mp4,https://t.me/+_JSIUOgre0FjNGE9,Media
2026-01-26T17:26:14.811485,aparnadixit2061_1767712398_327399099.mp4,https://t.me/+_JSIUOgre0FjNGE9,Media
2026-01-26T17:26:14.812485,aparnadixit2061_1767716405_327399099.jpg,https://t.me/+_JSIUOgre0FjNGE9,Media
2026-01-26T17:26:14.813485,aparnadixit2061_1767720457_327399099.mp4,https://t.me/+_JSIUOgre0FjNGE9,Media
2026-01-26T17:26:14.813485,aparnadixit2061_1767728462_3804303729055524008_327399099.mp4,https://t.me/+_JSIUOgre0FjNGE9,Media
2026-01-26T17:28:23.443406,amyradastur_1766637897_3795155512728276248_503493444.mp4,https://t.me/+Gyp_iWSUUqY0ZWNl,Media
2026-01-26T17:28:23.444407,amyradastur_1766637897_3795155973515105145_503493444.mp4,https://t.me/+Gyp_iWSUUqY0ZWNl,Media
2026-01-26T17:28:23.446426,amyradastur_1766637897_3795156209260149701_503493444.jpg,https://t.me/+Gyp_iWSUUqY0ZWNl,Media
2026-01-26T17:28:23.447405,amyradastur_1766637897_3795156209268497307_503493444.jpg,https://t.me/+Gyp_iWSUUqY0ZWNl,Media
2026-01-26T17:28:23.447405,amyradastur_1766637897_3795156209268523608_503493444.jpg,https://t.me/+Gyp_iWSUUqY0ZWNl,Media
2026-01-26T17:28:23.448405,amyradastur_1766637897_3795156209276893534_503493444.jpg,https://t.me/+Gyp_iWSUUqY0ZWNl,Media
2026-01-26T17:28:23.449406,amyradastur_1766637897_3795156209285308684_503493444.jpg,https://t.me/+Gyp_iWSUUqY0ZWNl,Media
2026-01-26T17:28:23.450404,amyradastur_1766637897_3795156209285312528_503493444.jpg,https://t.me/+Gyp_iWSUUqY0ZWNl,Media
2026-01-26T17:28:23.450404,amyradastur_1766637897_3795156209285330455_503493444.jpg,https://t.me/+Gyp_iWSUUqY0ZWNl,Media
2026-01-26T17:28:23.451405,amyradastur_1766637897_3795156209285331750_503493444.jpg,https://t.me/+Gyp_iWSUUqY0ZWNl,Media
2026-01-26T17:32:56.483550,amyradastur_1766641727_503493444.mp4,https://t.me/+Gyp_iWSUUqY0ZWNl,Media
2026-01-26T17:32:56.485550,amyradastur_1766644987_503493444.jpg,https://t.me/+Gyp_iWSUUqY0ZWNl,Media
2026-01-26T17:32:56.486550,amyradastur_1766726347_3795897437936724661_503493444.mp4,https://t.me/+Gyp_iWSUUqY0ZWNl,Media
2026-01-26T17:32:56.487551,amyradastur_1766813337_3796627912897167033_503493444.jpg,https://t.me/+Gyp_iWSUUqY0ZWNl,Media
2026-01-26T17:32:56.488550,amyradastur_1766813337_3796627912905548323_503493444.jpg,https://t.me/+Gyp_iWSUUqY0ZWNl,Media
2026-01-26T17:32:56.488550,amyradastur_1766813337_3796627912905575922_503493444.jpg,https://t.me/+Gyp_iWSUUqY0ZWNl,Media
2026-01-26T17:32:56.489550,amyradastur_1766813337_3796627912955859977_503493444.jpg,https://t.me/+Gyp_iWSUUqY0ZWNl,Media
2026-01-26T17:32:56.490596,amyradastur_1766814392_503493444.mp4,https://t.me/+Gyp_iWSUUqY0ZWNl,Media
2026-01-26T17:32:56.492550,amyradastur_1766814508_503493444.mp4,https://t.me/+Gyp_iWSUUqY0ZWNl,Media
2026-01-26T17:32:56.494549,amyradastur_1766814687_503493444.mp4,https://t.me/+Gyp_iWSUUqY0ZWNl,Media
2026-01-26T17:34:56.369710,amyradastur_1766821176_503493444.mp4,https://t.me/+Gyp_iWSUUqY0ZWNl,Media
2026-01-26T17:34:56.370710,amyradastur_1766833870_503493444.jpg,https://t.me/+Gyp_iWSUUqY0ZWNl,Media
2026-01-26T17:34:56.371709,amyradastur_1766834725_503493444.jpg,https://t.me/+Gyp_iWSUUqY0ZWNl,Media
2026-01-26T17:34:56.372710,amyradastur_1766838911_503493444.mp4,https://t.me/+Gyp_iWSUUqY0ZWNl,Media
2026-01-26T17:34:56.373710,amyradastur_1766987904_3798092285175436447_503493444.jpg,https://t.me/+Gyp_iWSUUqY0ZWNl,Media
2026-01-26T17:34:56.374710,amyradastur_1766987904_3798092285175437503_503493444.jpg,https://t.me/+Gyp_iWSUUqY0ZWNl,Media
2026-01-26T17:34:56.374710,amyradastur_1767019753_503493444.mp4,https://t.me/+Gyp_iWSUUqY0ZWNl,Media
2026-01-26T17:34:56.375710,amyradastur_1767021619_503493444.jpg,https://t.me/+Gyp_iWSUUqY0ZWNl,Media
2026-01-26T17:34:56.376710,amyradastur_1767071745_503493444.jpg,https://t.me/+Gyp_iWSUUqY0ZWNl,Media
2026-01-26T17:34:56.377710,amyradastur_1767073410_3798809387494588257_503493444.mp4,https://t.me/+Gyp_iWSUUqY0ZWNl,Media
2026-01-26T17:38:21.434272,amyradastur_1767078959_503493444.mp4,https://t.me/+Gyp_iWSUUqY0ZWNl,Media
2026-01-26T17:38:21.436273,amyradastur_1767079078_503493444.mp4,https://t.me/+Gyp_iWSUUqY0ZWNl,Media
2026-01-26T17:38:21.437273,amyradastur_1767158999_3799527528952496309_503493444.jpg,https://t.me/+Gyp_iWSUUqY0ZWNl,Media
2026-01-26T17:38:21.438273,amyradastur_1767158999_3799527528969282099_503493444.jpg,https://t.me/+Gyp_iWSUUqY0ZWNl,Media
2026-01-26T17:38:21.438273,amyradastur_1767158999_3799527529053220365_503493444.jpg,https://t.me/+Gyp_iWSUUqY0ZWNl,Media
2026-01-26T17:38:21.440272,amyradastur_1767158999_3799527529262879718_503493444.jpg,https://t.me/+Gyp_iWSUUqY0ZWNl,Media
2026-01-26T17:38:21.440272,amyradastur_1767243142_3800232687772907472_503493444.mp4,https://t.me/+Gyp_iWSUUqY0ZWNl,Media
2026-01-26T17:38:21.442273,amyradastur_1767271772_503493444.jpg,https://t.me/+Gyp_iWSUUqY0ZWNl,Media
2026-01-26T17:38:21.442273,amyradastur_1767273372_503493444.jpg,https://t.me/+Gyp_iWSUUqY0ZWNl,Media
2026-01-26T17:38:21.444272,amyradastur_1767279971_503493444.jpg,https://t.me/+Gyp_iWSUUqY0ZWNl,Media
2026-01-26T17:40:30.767954,amyradastur_1767279992_503493444.jpg,https://t.me/+Gyp_iWSUUqY0ZWNl,Media
2026-01-26T17:40:30.768958,amyradastur_1767337518_503493444.jpg,https://t.me/+Gyp_iWSUUqY0ZWNl,Media
2026-01-26T17:40:30.769958,amyradastur_1767338655_3801034598566608991_503493444.jpg,https://t.me/+Gyp_iWSUUqY0ZWNl,Media
2026-01-26T17:40:30.769958,amyradastur_1767338655_3801034598784718778_503493444.jpg,https://t.me/+Gyp_iWSUUqY0ZWNl,Media
2026-01-26T17:40:30.770959,amyradastur_1767338655_3801034598868625590_503493444.jpg,https://t.me/+Gyp_iWSUUqY0ZWNl,Media
2026-01-26T17:40:30.771959,amyradastur_1767353342_503493444.jpg,https://t.me/+Gyp_iWSUUqY0ZWNl,Media
2026-01-26T17:40:30.772960,amyradastur_1767418439_3801702735851074477_503493444.mp4,https://t.me/+Gyp_iWSUUqY0ZWNl,Media
2026-01-26T17:40:30.772960,amyradastur_1767418503_503493444.mp4,https://t.me/+Gyp_iWSUUqY0ZWNl,Media
2026-01-26T17:40:30.773958,amyradastur_1767418958_503493444.jpg,https://t.me/+Gyp_iWSUUqY0ZWNl,Media
2026-01-26T17:40:30.774958,amyradastur_1767430329_503493444.mp4,https://t.me/+Gyp_iWSUUqY0ZWNl,Media
2026-01-26T17:45:59.817290,amyradastur_1767430401_503493444.mp4,https://t.me/+Gyp_iWSUUqY0ZWNl,Media
2026-01-26T17:45:59.818347,amyradastur_1767432092_503493444.mp4,https://t.me/+Gyp_iWSUUqY0ZWNl,Media
2026-01-26T17:45:59.818928,amyradastur_1767436613_503493444.mp4,https://t.me/+Gyp_iWSUUqY0ZWNl,Media
2026-01-26T17:45:59.819984,amyradastur_1767590899_3803150575827694285_503493444.jpg,https://t.me/+Gyp_iWSUUqY0ZWNl,Media
2026-01-26T17:45:59.820951,amyradastur_1767590899_3803150575844458607_503493444.jpg,https://t.me/+Gyp_iWSUUqY0ZWNl,Media
2026-01-26T17:45:59.821958,amyradastur_1767590899_3803150575844506703_503493444.jpg,https://t.me/+Gyp_iWSUUqY0ZWNl,Media
2026-01-26T17:45:59.821958,amyradastur_1767590899_3803150575844522321_503493444.jpg,https://t.me/+Gyp_iWSUUqY0ZWNl,Media
2026-01-26T17:45:59.823004,amyradastur_1767682165_503493444.mp4,https://t.me/+Gyp_iWSUUqY0ZWNl,Media
2026-01-26T17:45:59.824954,amyradastur_1767682274_503493444.mp4,https://t.me/+Gyp_iWSUUqY0ZWNl,Media
2026-01-26T17:47:02.006903,anjali_tatrari_1765949672_3789382965139367187_1707469908.jpg,https://t.me/+4S1yetywpRU3ZmM1,Media
2026-01-26T17:47:02.007930,anjali_tatrari_1765949672_3789382965147757337_1707469908.jpg,https://t.me/+4S1yetywpRU3ZmM1,Media
2026-01-26T17:47:02.008952,anjali_tatrari_1765949672_3789382965147763005_1707469908.jpg,https://t.me/+4S1yetywpRU3ZmM1,Media
2026-01-26T17:47:02.009965,anjali_tatrari_1765949672_3789382965147775394_1707469908.jpg,https://t.me/+4S1yetywpRU3ZmM1,Media
2026-01-26T17:47:02.009965,anjali_tatrari_1765949672_3789382965147791177_1707469908.jpg,https://t.me/+4S1yetywpRU3ZmM1,Media
2026-01-26T17:47:02.012085,anjali_tatrari_1765949672_3789382965156120242_1707469908.jpg,https://t.me/+4S1yetywpRU3ZmM1,Media
2026-01-26T17:47:02.012085,anjali_tatrari_1765949672_3789382965231675031_1707469908.jpg,https://t.me/+4S1yetywpRU3ZmM1,Media
2026-01-26T17:47:02.013216,anjali_tatrari_1765949672_3789382965357481392_1707469908.jpg,https://t.me/+4S1yetywpRU3ZmM1,Media
2026-01-26T17:47:02.013216,anjali_tatrari_1765949672_3789382965365882834_1707469908.jpg,https://t.me/+4S1yetywpRU3ZmM1,Media
2026-01-26T17:47:02.014219,anjali_tatrari_1766558741_3794491841396719108_1707469908.mp4,https://t.me/+4S1yetywpRU3ZmM1,Media
2026-01-26T17:53:00.214604,anjali_tatrari_1766753652_3795951342947452731_1707469908.mp4,https://t.me/+4S1yetywpRU3ZmM1,Media
2026-01-26T17:53:00.215606,anjali_tatrari_1766754008_1707469908.mp4,https://t.me/+4S1yetywpRU3ZmM1,Media
2026-01-26T17:53:00.216889,anjali_tatrari_1766761919_1707469908.mp4,https://t.me/+4S1yetywpRU3ZmM1,Media
2026-01-26T17:53:00.217894,anjali_tatrari_1766775810_1707469908.mp4,https://t.me/+4S1yetywpRU3ZmM1,Media
2026-01-26T17:53:00.219397,anjali_tatrari_1766815626_1707469908.mp4,https://t.me/+4S1yetywpRU3ZmM1,Media
2026-01-26T17:53:00.220402,anjali_tatrari_1766816189_1707469908.mp4,https://t.me/+4S1yetywpRU3ZmM1,Media
2026-01-26T17:53:00.221066,anjali_tatrari_1766817827_1707469908.mp4,https://t.me/+4S1yetywpRU3ZmM1,Media
2026-01-26T17:53:00.222070,anjali_tatrari_1766822982_1707469908.mp4,https://t.me/+4S1yetywpRU3ZmM1,Media
2026-01-26T17:53:00.223075,anjali_tatrari_1766904177_1707469908.jpg,https://t.me/+4S1yetywpRU3ZmM1,Media
2026-01-26T17:53:00.224087,anjali_tatrari_1766914999_1707469908.mp4,https://t.me/+4S1yetywpRU3ZmM1,Media
2026-01-26T18:31:57.022788,anjali_tatrari_1766923687_3797553011296933626_1707469908.mp4,https://t.me/+4S1yetywpRU3ZmM1,Media
2026-01-26T18:31:57.023817,anjali_tatrari_1767073773_1707469908.mp4,https://t.me/+4S1yetywpRU3ZmM1,Media
2026-01-26T18:31:57.024824,anjali_tatrari_1767087781_1707469908.mp4,https://t.me/+4S1yetywpRU3ZmM1,Media
2026-01-26T18:31:57.025827,anjali_tatrari_1767122535_1707469908.mp4,https://t.me/+4S1yetywpRU3ZmM1,Media
2026-01-26T18:31:57.025827,anjali_tatrari_1767167997_1707469908.mp4,https://t.me/+4S1yetywpRU3ZmM1,Media
2026-01-26T18:31:57.026840,anjali_tatrari_1767175488_1707469908.mp4,https://t.me/+4S1yetywpRU3ZmM1,Media
2026-01-26T18:31:57.028319,anjali_tatrari_1767176413_1707469908.mp4,https://t.me/+4S1yetywpRU3ZmM1,Media
2026-01-26T18:31:57.029335,anjali_tatrari_1767210668_3799960814934118056_1707469908.mp4,https://t.me/+4S1yetywpRU3ZmM1,Media
2026-01-26T18:31:57.038452,anjali_tatrari_1767246583_1707469908.jpg,https://t.me/+4S1yetywpRU3ZmM1,Media
2026-01-26T18:31:57.039467,anjali_tatrari_1767251261_1707469908.mp4,https://t.me/+4S1yetywpRU3ZmM1,Media
2026-01-26T19:39:28.353012,anjali_tatrari_1767255311_1707469908.mp4,https://t.me/+4S1yetywpRU3ZmM1,Media
2026-01-26T19:39:28.354016,anjali_tatrari_1767256425_1707469908.jpg,https://t.me/+4S1yetywpRU3ZmM1,Media
2026-01-26T19:39:28.355020,anjali_tatrari_1767258904_1707469908.mp4,https://t.me/+4S1yetywpRU3ZmM1,Media
2026-01-26T19:39:28.356019,anjali_tatrari_1767274935_1707469908.jpg,https://t.me/+4S1yetywpRU3ZmM1,Media
2026-01-26T19:39:28.357019,anjali_tatrari_1767275513_1707469908.mp4,https://t.me/+4S1yetywpRU3ZmM1,Media
2026-01-26T19:39:28.358019,anjali_tatrari_1767374023_1707469908.mp4,https://t.me/+4S1yetywpRU3ZmM1,Media
2026-01-26T19:39:28.359019,anjali_tatrari_1767380020_1707469908.mp4,https://t.me/+4S1yetywpRU3ZmM1,Media
2026-01-26T19:39:28.360019,anjali_tatrari_1767417175_1707469908.mp4,https://t.me/+4S1yetywpRU3ZmM1,Media
2026-01-26T19:39:28.361019,anjali_tatrari_1767419895_3801714552120074714_1707469908.mp4,https://t.me/+4S1yetywpRU3ZmM1,Media
2026-01-26T19:39:28.368171,anjali_tatrari_1767445189_1707469908.mp4,https://t.me/+4S1yetywpRU3ZmM1,Media
2026-01-26T20:07:22.131913,anjali_tatrari_1767561886_1707469908.mp4,https://t.me/+4S1yetywpRU3ZmM1,Media
2026-01-26T20:07:22.132919,anjali_tatrari_1767562082_1707469908.mp4,https://t.me/+4S1yetywpRU3ZmM1,Media
2026-01-26T20:07:22.133926,anjali_tatrari_1767588202_1707469908.mp4,https://t.me/+4S1yetywpRU3ZmM1,Media
2026-01-26T20:07:22.134913,anjali_tatrari_1767596731_3803199206677399493_1707469908.mp4,https://t.me/+4S1yetywpRU3ZmM1,Media
2026-01-26T20:07:22.142913,anjali_tatrari_1767600953_1707469908.mp4,https://t.me/+4S1yetywpRU3ZmM1,Media
2026-01-26T20:07:22.143915,anjali_tatrari_1767602678_1707469908.mp4,https://t.me/+4S1yetywpRU3ZmM1,Media
2026-01-26T20:07:22.144914,anjali_tatrari_1767602715_1707469908.mp4,https://t.me/+4S1yetywpRU3ZmM1,Media
2026-01-26T20:07:22.145970,anjali_tatrari_1767602734_1707469908.mp4,https://t.me/+4S1yetywpRU3ZmM1,Media
2026-01-26T20:07:22.146913,anjali_tatrari_1767628963_1707469908.jpg,https://t.me/+4S1yetywpRU3ZmM1,Media
2026-01-26T20:07:22.148929,anjali_tatrari_1767636305_1707469908.mp4,https://t.me/+4S1yetywpRU3ZmM1,Media
2026-01-26T20:10:35.689298,anjali_tatrari_1767637282_1707469908.mp4,https://t.me/+4S1yetywpRU3ZmM1,Media
2026-01-26T20:10:35.691297,anjali_tatrari_1767676121_1707469908.mp4,https://t.me/+4S1yetywpRU3ZmM1,Media
2026-01-26T20:10:35.693299,anjali_tatrari_1767726781_1707469908.mp4,https://t.me/+4S1yetywpRU3ZmM1,Media
2026-01-26T20:12:03.565344,anushkaeraa_1762523616_3760642481147647497_73950707344.mp4,https://t.me/+on7LD5NQQ4MwMzRl,Media
2026-01-26T20:12:03.567362,anushkasen.5085_1765815890_3788260715367747479_65222241209.jpg,https://t.me/+on7LD5NQQ4MwMzRl,Media
2026-01-26T20:12:03.567362,anushkasen.5085_1765815890_3788260715501926788_65222241209.jpg,https://t.me/+on7LD5NQQ4MwMzRl,Media
2026-01-26T20:12:03.568359,anushkasen.5085_1765815890_3788260715619396628_65222241209.jpg,https://t.me/+on7LD5NQQ4MwMzRl,Media
2026-01-26T20:12:03.569346,anushkasen0408_1766724092_3795879267406813393_1640808634.jpg,https://t.me/+on7LD5NQQ4MwMzRl,Media
2026-01-26T20:12:03.569346,anushkasen0408_1766724092_3795879267406816331_1640808634.jpg,https://t.me/+on7LD5NQQ4MwMzRl,Media
2026-01-26T20:12:03.570351,anushkasen0408_1766724092_3795879267406833487_1640808634.jpg,https://t.me/+on7LD5NQQ4MwMzRl,Media
2026-01-26T20:12:03.571366,anushkasen0408_1766724092_3795879267406834792_1640808634.jpg,https://t.me/+on7LD5NQQ4MwMzRl,Media
2026-01-26T20:12:03.573352,anushkasen0408_1766724092_3795879267415171582_1640808634.jpg,https://t.me/+on7LD5NQQ4MwMzRl,Media
2026-01-26T20:12:03.573352,anushkasen0408_1766724092_3795879267415172778_1640808634.jpg,https://t.me/+on7LD5NQQ4MwMzRl,Media
2026-01-26T20:12:53.427923,anushkasen0408_1766724092_3795879267415183784_1640808634.jpg,https://t.me/+on7LD5NQQ4MwMzRl,Media
2026-01-26T20:12:53.428936,anushkasen0408_1766724092_3795879267415198824_1640808634.jpg,https://t.me/+on7LD5NQQ4MwMzRl,Media
2026-01-26T20:12:53.428936,anushkasen0408_1766724092_3795879267415203351_1640808634.jpg,https://t.me/+on7LD5NQQ4MwMzRl,Media
2026-01-26T20:12:53.429918,anushkasen0408_1766724092_3795879267415215959_1640808634.jpg,https://t.me/+on7LD5NQQ4MwMzRl,Media
2026-01-26T20:12:53.431920,anushkasen0408_1766724092_3795879267415225134_1640808634.jpg,https://t.me/+on7LD5NQQ4MwMzRl,Media
2026-01-26T20:12:53.432919,anushkasen0408_1766724092_3795879267431999778_1640808634.jpg,https://t.me/+on7LD5NQQ4MwMzRl,Media
2026-01-26T20:12:53.432919,anushkasen0408_1766724092_3795879267499069489_1640808634.jpg,https://t.me/+on7LD5NQQ4MwMzRl,Media
2026-01-26T20:12:53.433933,anushkasen0408_1766724092_3795879267499073039_1640808634.jpg,https://t.me/+on7LD5NQQ4MwMzRl,Media
2026-01-26T20:12:53.435933,anushkasen0408_1766724092_3795879267499080812_1640808634.jpg,https://t.me/+on7LD5NQQ4MwMzRl,Media
2026-01-26T20:12:53.436919,anushkasen0408_1766724092_3795879267507438929_1640808634.jpg,https://t.me/+on7LD5NQQ4MwMzRl,Media
2026-01-26T20:14:33.524116,anushkasen0408_1766724092_3795879267507454827_1640808634.jpg,https://t.me/+on7LD5NQQ4MwMzRl,Media
2026-01-26T20:14:33.526124,anushkasen0408_1766724092_3795879267507470683_1640808634.jpg,https://t.me/+on7LD5NQQ4MwMzRl,Media
2026-01-26T20:14:33.527116,anushkasen0408_1766724092_3795879267591367132_1640808634.jpg,https://t.me/+on7LD5NQQ4MwMzRl,Media
2026-01-26T20:14:33.529116,anushkasen0408_1766724092_3795879267616507177_1640808634.jpg,https://t.me/+on7LD5NQQ4MwMzRl,Media
2026-01-26T20:14:33.530116,anushkasen0408_1766724441_1640808634.mp4,https://t.me/+on7LD5NQQ4MwMzRl,Media
2026-01-26T20:14:33.531124,anushkasen0408_1766724577_1640808634.mp4,https://t.me/+on7LD5NQQ4MwMzRl,Media
2026-01-26T20:14:33.531124,anushkasen0408_1766763342_1640808634.mp4,https://t.me/+on7LD5NQQ4MwMzRl,Media
2026-01-26T20:14:33.532116,anushkasen0408_1766768850_1640808634.mp4,https://t.me/+on7LD5NQQ4MwMzRl,Media
2026-01-26T20:14:33.533117,anushkasen0408_1766768920_1640808634.mp4,https://t.me/+on7LD5NQQ4MwMzRl,Media
2026-01-26T20:14:33.534127,anushkasen0408_1766768942_1640808634.mp4,https://t.me/+on7LD5NQQ4MwMzRl,Media
2026-01-26T20:30:28.970309,anushkasen0408_1766768979_1640808634.mp4,https://t.me/+on7LD5NQQ4MwMzRl,Media
2026-01-26T20:30:28.972308,anushkasen0408_1766769042_1640808634.mp4,https://t.me/+on7LD5NQQ4MwMzRl,Media
2026-01-26T20:30:28.973308,anushkasen0408_1766769178_1640808634.mp4,https://t.me/+on7LD5NQQ4MwMzRl,Media
2026-01-26T20:30:28.973308,anushkasen0408_1766770837_1640808634.mp4,https://t.me/+on7LD5NQQ4MwMzRl,Media
2026-01-26T20:30:28.974308,anushkasen0408_1766992388_3798128049032870667_1640808634.mp4,https://t.me/+on7LD5NQQ4MwMzRl,Media
2026-01-26T20:30:28.978316,anushkasen0408_1767039165_1640808634.mp4,https://t.me/+on7LD5NQQ4MwMzRl,Media
2026-01-26T20:30:28.979308,anushkasen0408_1767050187_1640808634.mp4,https://t.me/+on7LD5NQQ4MwMzRl,Media
2026-01-26T20:30:28.980308,anushkasen0408_1767129048_1640808634.mp4,https://t.me/+on7LD5NQQ4MwMzRl,Media
2026-01-26T20:30:28.981308,anushkasen0408_1767129092_1640808634.mp4,https://t.me/+on7LD5NQQ4MwMzRl,Media
2026-01-26T20:30:28.982308,anushkasen0408_1767137940_1640808634.mp4,https://t.me/+on7LD5NQQ4MwMzRl,Media
2026-01-26T21:29:44.112608,anushkasen0408_1767138135_1640808634.mp4,https://t.me/+on7LD5NQQ4MwMzRl,Media
2026-01-26T21:29:44.113607,anushkasen0408_1767158899_3799512245638829595_1640808634.mp4,https://t.me/+on7LD5NQQ4MwMzRl,Media
2026-01-26T21:29:44.117606,anushkasen0408_1767158964_1640808634.mp4,https://t.me/+on7LD5NQQ4MwMzRl,Media
2026-01-26T21:29:44.119616,anushkasen0408_1767225707_1640808634.mp4,https://t.me/+on7LD5NQQ4MwMzRl,Media
2026-01-26T21:29:44.120607,anushkasen0408_1767225975_1640808634.mp4,https://t.me/+on7LD5NQQ4MwMzRl,Media
2026-01-26T21:29:44.121608,anushkasen0408_1767226023_1640808634.mp4,https://t.me/+on7LD5NQQ4MwMzRl,Media
2026-01-26T21:29:44.122608,anushkasen0408_1767226187_1640808634.mp4,https://t.me/+on7LD5NQQ4MwMzRl,Media
2026-01-26T21:29:44.123608,anushkasen0408_1767318920_1640808634.mp4,https://t.me/+on7LD5NQQ4MwMzRl,Media
2026-01-26T21:29:44.123608,anushkasen0408_1767319059_1640808634.mp4,https://t.me/+on7LD5NQQ4MwMzRl,Media
2026-01-26T21:29:44.124607,anushkasen0408_1767319185_1640808634.mp4,https://t.me/+on7LD5NQQ4MwMzRl,Media
2026-01-26T21:31:06.423493,anushkasen0408_1767320341_1640808634.mp4,https://t.me/+on7LD5NQQ4MwMzRl,Media
2026-01-26T21:31:06.424493,anushkasen0408_1767384036_3801415276559530537_1640808634.jpg,https://t.me/+on7LD5NQQ4MwMzRl,Media
2026-01-26T21:31:06.425492,anushkasen0408_1767384036_3801415276567909372_1640808634.jpg,https://t.me/+on7LD5NQQ4MwMzRl,Media
2026-01-26T21:31:06.426492,anushkasen0408_1767384036_3801415276576292084_1640808634.jpg,https://t.me/+on7LD5NQQ4MwMzRl,Media
2026-01-26T21:31:06.427492,anushkasen0408_1767384036_3801415276584649475_1640808634.jpg,https://t.me/+on7LD5NQQ4MwMzRl,Media
2026-01-26T21:31:06.429493,anushkasen0408_1767384036_3801415276718852739_1640808634.jpg,https://t.me/+on7LD5NQQ4MwMzRl,Media
2026-01-26T21:31:06.430493,anushkasen0408_1767384036_3801415276718877168_1640808634.jpg,https://t.me/+on7LD5NQQ4MwMzRl,Media
2026-01-26T21:31:06.431492,anushkasen0408_1767384036_3801415276718903205_1640808634.jpg,https://t.me/+on7LD5NQQ4MwMzRl,Media
2026-01-26T21:31:06.432491,anushkasen0408_1767384036_3801415276718913894_1640808634.jpg,https://t.me/+on7LD5NQQ4MwMzRl,Media
2026-01-26T21:31:06.432491,anushkasen0408_1767384036_3801415276727241139_1640808634.jpg,https://t.me/+on7LD5NQQ4MwMzRl,Media
2026-01-26T21:33:10.632843,anushkasen0408_1767384036_3801415276727290257_1640808634.jpg,https://t.me/+on7LD5NQQ4MwMzRl,Media
2026-01-26T21:33:10.633852,anushkasen0408_1767384036_3801415276844698364_1640808634.jpg,https://t.me/+on7LD5NQQ4MwMzRl,Media
2026-01-26T21:33:10.634840,anushkasen0408_1767384036_3801415276861511982_1640808634.jpg,https://t.me/+on7LD5NQQ4MwMzRl,Media
2026-01-26T21:33:10.634840,anushkasen0408_1767384036_3801415276911822247_1640808634.jpg,https://t.me/+on7LD5NQQ4MwMzRl,Media
2026-01-26T21:33:10.636841,anushkasen0408_1767384036_3801415276928581284_1640808634.jpg,https://t.me/+on7LD5NQQ4MwMzRl,Media
2026-01-26T21:33:10.637840,anushkasen0408_1767384062_1640808634.mp4,https://t.me/+on7LD5NQQ4MwMzRl,Media
2026-01-26T21:33:10.638840,anushkasen0408_1767384070_1640808634.mp4,https://t.me/+on7LD5NQQ4MwMzRl,Media
2026-01-26T21:33:10.638840,anushkasen0408_1767384076_1640808634.mp4,https://t.me/+on7LD5NQQ4MwMzRl,Media
2026-01-26T21:33:10.639840,anushkasen0408_1767384155_1640808634.mp4,https://t.me/+on7LD5NQQ4MwMzRl,Media
2026-01-26T21:33:10.640840,anushkasen0408_1767384184_1640808634.mp4,https://t.me/+on7LD5NQQ4MwMzRl,Media
2026-01-26T21:34:38.869325,anushkasen0408_1767384502_1640808634.jpg,https://t.me/+on7LD5NQQ4MwMzRl,Media
2026-01-26T21:34:38.870360,anushkasen0408_1767384550_1640808634.jpg,https://t.me/+on7LD5NQQ4MwMzRl,Media
2026-01-26T21:34:38.871326,anushkasen0408_1767384594_1640808634.mp4,https://t.me/+on7LD5NQQ4MwMzRl,Media
2026-01-26T21:34:38.872325,anushkasen0408_1767410153_1640808634.mp4,https://t.me/+on7LD5NQQ4MwMzRl,Media
2026-01-26T21:34:38.873326,anushkasen0408_1767422852_1640808634.jpg,https://t.me/+on7LD5NQQ4MwMzRl,Media
2026-01-26T21:34:38.874326,anushkasen0408_1767560579_1640808634.mp4,https://t.me/+on7LD5NQQ4MwMzRl,Media
2026-01-26T21:34:38.875326,anushkasen0408_1767561338_1640808634.mp4,https://t.me/+on7LD5NQQ4MwMzRl,Media
2026-01-26T21:34:38.876326,anushkasen0408_1767647928_1640808634.mp4,https://t.me/+on7LD5NQQ4MwMzRl,Media
2026-01-26T21:34:38.877331,anushkasen0408_1767667065_1640808634.mp4,https://t.me/+on7LD5NQQ4MwMzRl,Media
2026-01-26T21:34:38.878331,anushkasen0408_1767667141_1640808634.mp4,https://t.me/+on7LD5NQQ4MwMzRl,Media
2026-01-26T21:38:35.589704,anushkasen0408_1767667293_1640808634.mp4,https://t.me/+on7LD5NQQ4MwMzRl,Media
2026-01-26T21:38:35.590704,anushkasen0408_1767667640_1640808634.mp4,https://t.me/+on7LD5NQQ4MwMzRl,Media
2026-01-26T21:38:35.591704,anushkasen0408_1767681243_1640808634.mp4,https://t.me/+on7LD5NQQ4MwMzRl,Media
2026-01-26T21:38:35.591704,anushkasen0408_1767681397_1640808634.mp4,https://t.me/+on7LD5NQQ4MwMzRl,Media
2026-01-26T21:38:35.592704,anushkasen0408_1767681453_1640808634.mp4,https://t.me/+on7LD5NQQ4MwMzRl,Media
2026-01-26T21:38:35.593705,anushkasenn16_1762525097_3760653408836072090_34328367946.mp4,https://t.me/+on7LD5NQQ4MwMzRl,Media
2026-01-26T21:38:35.595704,anushkasen_708_1762920249_3763968136409388168_74551212857.mp4,https://t.me/+on7LD5NQQ4MwMzRl,Media
2026-01-26T21:38:35.596704,anushka_.sen004_1764122443_3774054909256803614_13151484896.mp4,https://t.me/+on7LD5NQQ4MwMzRl,Media
2026-01-26T21:38:35.597704,anushka_.sen004_1764160759_3774376324409120195_13151484896.mp4,https://t.me/+on7LD5NQQ4MwMzRl,Media
2026-01-26T21:38:47.593107,aneetpadda__1766921581_12112260978.jpg,https://t.me/+8Fr0e2Da20I2N2Y1,Media
2026-01-26T21:38:47.593107,aneetpadda__1767556111_12112260978.jpg,https://t.me/+8Fr0e2Da20I2N2Y1,Media
2026-01-26T21:40:36.087633,i_ashisinghh_1766676564_3795480575516386098_2016482951.jpg,https://t.me/+QaRN8rpzX3NiM2U9,Media
2026-01-26T21:40:36.088634,i_ashisinghh_1766676564_3795480575524759221_2016482951.jpg,https://t.me/+QaRN8rpzX3NiM2U9,Media
2026-01-26T21:40:36.089645,i_ashisinghh_1766676564_3795480575625406184_2016482951.jpg,https://t.me/+QaRN8rpzX3NiM2U9,Media
2026-01-26T21:40:36.090639,i_ashisinghh_1766676564_3795480575734511310_2016482951.jpg,https://t.me/+QaRN8rpzX3NiM2U9,Media
2026-01-26T21:40:36.091640,i_ashisinghh_1766685849_2016482951.mp4,https://t.me/+QaRN8rpzX3NiM2U9,Media
2026-01-26T21:40:36.092631,i_ashisinghh_1766685950_2016482951.mp4,https://t.me/+QaRN8rpzX3NiM2U9,Media
2026-01-26T21:40:36.093638,i_ashisinghh_1766685999_2016482951.jpg,https://t.me/+QaRN8rpzX3NiM2U9,Media
2026-01-26T21:40:36.094638,i_ashisinghh_1766726939_2016482951.mp4,https://t.me/+QaRN8rpzX3NiM2U9,Media
2026-01-26T21:40:36.095638,i_ashisinghh_1766816164_2016482951.mp4,https://t.me/+QaRN8rpzX3NiM2U9,Media
2026-01-26T21:40:36.096639,i_ashisinghh_1766909725_2016482951.mp4,https://t.me/+QaRN8rpzX3NiM2U9,Media
2026-01-26T21:45:38.497154,i_ashisinghh_1766918281_2016482951.mp4,https://t.me/+QaRN8rpzX3NiM2U9,Media
2026-01-26T21:45:38.498153,i_ashisinghh_1766923162_2016482951.mp4,https://t.me/+QaRN8rpzX3NiM2U9,Media
2026-01-26T21:45:38.500305,i_ashisinghh_1767083204_2016482951.mp4,https://t.me/+QaRN8rpzX3NiM2U9,Media
2026-01-26T21:45:38.500305,i_ashisinghh_1767091891_2016482951.mp4,https://t.me/+QaRN8rpzX3NiM2U9,Media
2026-01-26T21:45:38.502305,i_ashisinghh_1767096685_2016482951.mp4,https://t.me/+QaRN8rpzX3NiM2U9,Media
2026-01-26T21:45:38.503305,i_ashisinghh_1767096696_2016482951.mp4,https://t.me/+QaRN8rpzX3NiM2U9,Media
2026-01-26T21:45:38.504304,i_ashisinghh_1767109284_2016482951.mp4,https://t.me/+QaRN8rpzX3NiM2U9,Media
2026-01-26T21:45:38.505306,i_ashisinghh_1767159945_2016482951.mp4,https://t.me/+QaRN8rpzX3NiM2U9,Media
2026-01-26T21:45:38.506306,i_ashisinghh_1767163051_2016482951.mp4,https://t.me/+QaRN8rpzX3NiM2U9,Media
2026-01-26T21:45:38.506306,i_ashisinghh_1767179422_3799695758736504361_2016482951.mp4,https://t.me/+QaRN8rpzX3NiM2U9,Media
2026-01-26T21:49:35.115462,i_ashisinghh_1767255858_2016482951.mp4,https://t.me/+QaRN8rpzX3NiM2U9,Media
2026-01-26T21:49:35.117463,i_ashisinghh_1767260685_2016482951.mp4,https://t.me/+QaRN8rpzX3NiM2U9,Media
2026-01-26T21:49:35.119462,i_ashisinghh_1767264267_2016482951.mp4,https://t.me/+QaRN8rpzX3NiM2U9,Media
2026-01-26T21:49:35.120464,i_ashisinghh_1767266419_2016482951.mp4,https://t.me/+QaRN8rpzX3NiM2U9,Media
2026-01-26T21:49:35.121461,i_ashisinghh_1767599704_2016482951.mp4,https://t.me/+QaRN8rpzX3NiM2U9,Media
2026-01-26T21:49:35.122462,i_ashisinghh_1767610296_2016482951.mp4,https://t.me/+QaRN8rpzX3NiM2U9,Media
2026-01-26T21:49:35.124461,i_ashisinghh_1767617536_2016482951.mp4,https://t.me/+QaRN8rpzX3NiM2U9,Media
2026-01-26T21:49:35.125461,i_ashisinghh_1767617853_2016482951.mp4,https://t.me/+QaRN8rpzX3NiM2U9,Media
2026-01-26T21:49:35.126461,i_ashisinghh_1767617973_2016482951.mp4,https://t.me/+QaRN8rpzX3NiM2U9,Media
2026-01-26T21:49:35.127461,i_ashisinghh_1767618073_2016482951.mp4,https://t.me/+QaRN8rpzX3NiM2U9,Media
2026-01-26T21:49:47.436861,i_ashisinghh_1767619884_2016482951.mp4,https://t.me/+QaRN8rpzX3NiM2U9,Media
2026-01-26T21:55:51.187288,ashnoorkaur_1766648125_3795242006826721397_2177379303.jpg,https://t.me/+j4qHLlZcCi82Mjll,Media
2026-01-26T21:55:51.189171,ashnoorkaur_1766648125_3795242006835109171_2177379303.jpg,https://t.me/+j4qHLlZcCi82Mjll,Media
2026-01-26T21:55:51.189171,ashnoorkaur_1766648125_3795242006835112366_2177379303.jpg,https://t.me/+j4qHLlZcCi82Mjll,Media
2026-01-26T21:55:51.191171,ashnoorkaur_1766648125_3795242006843499099_2177379303.jpg,https://t.me/+j4qHLlZcCi82Mjll,Media
2026-01-26T21:55:51.191171,ashnoorkaur_1766648125_3795242006843527730_2177379303.jpg,https://t.me/+j4qHLlZcCi82Mjll,Media
2026-01-26T21:55:51.192171,ashnoorkaur_1766648125_3795242006843553482_2177379303.jpg,https://t.me/+j4qHLlZcCi82Mjll,Media
2026-01-26T21:55:51.193176,ashnoorkaur_1766653049_2177379303.mp4,https://t.me/+j4qHLlZcCi82Mjll,Media
2026-01-26T21:55:51.194171,ashnoorkaur_1766653180_2177379303.mp4,https://t.me/+j4qHLlZcCi82Mjll,Media
2026-01-26T21:55:51.195173,ashnoorkaur_1766653335_2177379303.mp4,https://t.me/+j4qHLlZcCi82Mjll,Media
2026-01-26T21:55:51.197031,ashnoorkaur_1766653355_2177379303.mp4,https://t.me/+j4qHLlZcCi82Mjll,Media
2026-01-26T22:06:38.168546,ashnoorkaur_1766653462_2177379303.mp4,https://t.me/+j4qHLlZcCi82Mjll,Media
2026-01-26T22:06:38.169544,ashnoorkaur_1766653512_2177379303.mp4,https://t.me/+j4qHLlZcCi82Mjll,Media
2026-01-26T22:06:38.171545,ashnoorkaur_1766653528_2177379303.mp4,https://t.me/+j4qHLlZcCi82Mjll,Media
2026-01-26T22:06:38.172545,ashnoorkaur_1766653656_2177379303.mp4,https://t.me/+j4qHLlZcCi82Mjll,Media
2026-01-26T22:06:38.172545,ashnoorkaur_1766653871_2177379303.mp4,https://t.me/+j4qHLlZcCi82Mjll,Media
2026-01-26T22:06:38.174545,ashnoorkaur_1766653901_2177379303.mp4,https://t.me/+j4qHLlZcCi82Mjll,Media
2026-01-26T22:06:38.175546,ashnoorkaur_1766653921_2177379303.mp4,https://t.me/+j4qHLlZcCi82Mjll,Media
2026-01-26T22:06:38.176545,ashnoorkaur_1766653973_2177379303.mp4,https://t.me/+j4qHLlZcCi82Mjll,Media
2026-01-26T22:06:38.178546,ashnoorkaur_1766654077_2177379303.mp4,https://t.me/+j4qHLlZcCi82Mjll,Media
2026-01-26T22:06:38.180546,ashnoorkaur_1766654118_2177379303.mp4,https://t.me/+j4qHLlZcCi82Mjll,Media
2026-01-26T22:12:43.305843,ashnoorkaur_1766654147_2177379303.mp4,https://t.me/+j4qHLlZcCi82Mjll,Media
2026-01-26T22:12:43.306843,ashnoorkaur_1766654223_2177379303.mp4,https://t.me/+j4qHLlZcCi82Mjll,Media
2026-01-26T22:12:43.308842,ashnoorkaur_1766654278_2177379303.mp4,https://t.me/+j4qHLlZcCi82Mjll,Media
2026-01-26T22:12:43.309843,ashnoorkaur_1766654312_2177379303.mp4,https://t.me/+j4qHLlZcCi82Mjll,Media
2026-01-26T22:12:43.310843,ashnoorkaur_1766654349_2177379303.mp4,https://t.me/+j4qHLlZcCi82Mjll,Media
2026-01-26T22:12:43.311845,ashnoorkaur_1766664782_2177379303.mp4,https://t.me/+j4qHLlZcCi82Mjll,Media
2026-01-26T22:12:43.312844,ashnoorkaur_1766674151_2177379303.mp4,https://t.me/+j4qHLlZcCi82Mjll,Media
2026-01-26T22:12:43.313844,ashnoorkaur_1766675017_2177379303.mp4,https://t.me/+j4qHLlZcCi82Mjll,Media
2026-01-26T22:12:43.314844,ashnoorkaur_1766684130_2177379303.mp4,https://t.me/+j4qHLlZcCi82Mjll,Media
2026-01-26T22:12:43.315843,ashnoorkaur_1766685929_2177379303.mp4,https://t.me/+j4qHLlZcCi82Mjll,Media
2026-01-26T22:16:43.478879,ashnoorkaur_1766687153_2177379303.mp4,https://t.me/+j4qHLlZcCi82Mjll,Media
2026-01-26T22:16:43.479871,ashnoorkaur_1766688762_2177379303.mp4,https://t.me/+j4qHLlZcCi82Mjll,Media
2026-01-26T22:16:43.480880,ashnoorkaur_1766727029_2177379303.mp4,https://t.me/+j4qHLlZcCi82Mjll,Media
2026-01-26T22:16:43.481883,ashnoorkaur_1766739791_2177379303.mp4,https://t.me/+j4qHLlZcCi82Mjll,Media
2026-01-26T22:16:43.482871,ashnoorkaur_1766759947_2177379303.mp4,https://t.me/+j4qHLlZcCi82Mjll,Media
2026-01-26T22:16:43.483870,ashnoorkaur_1766766679_2177379303.mp4,https://t.me/+j4qHLlZcCi82Mjll,Media
2026-01-26T22:16:43.484878,ashnoorkaur_1766813530_2177379303.mp4,https://t.me/+j4qHLlZcCi82Mjll,Media
2026-01-26T22:16:43.484878,ashnoorkaur_1766815725_2177379303.mp4,https://t.me/+j4qHLlZcCi82Mjll,Media
2026-01-26T22:16:43.486878,ashnoorkaur_1766821179_2177379303.mp4,https://t.me/+j4qHLlZcCi82Mjll,Media
2026-01-26T22:16:43.487878,ashnoorkaur_1766828435_2177379303.mp4,https://t.me/+j4qHLlZcCi82Mjll,Media
2026-01-26T22:18:08.063840,ashnoorkaur_1766828498_2177379303.mp4,https://t.me/+j4qHLlZcCi82Mjll,Media
2026-01-26T22:18:08.065840,ashnoorkaur_1766838002_3796834814398326915_2177379303.jpg,https://t.me/+j4qHLlZcCi82Mjll,Media
2026-01-26T22:18:08.066842,ashnoorkaur_1766838002_3796834814406695923_2177379303.jpg,https://t.me/+j4qHLlZcCi82Mjll,Media
2026-01-26T22:18:08.067841,ashnoorkaur_1766838002_3796834814406700228_2177379303.jpg,https://t.me/+j4qHLlZcCi82Mjll,Media
2026-01-26T22:18:08.068842,ashnoorkaur_1766838002_3796834814406712938_2177379303.jpg,https://t.me/+j4qHLlZcCi82Mjll,Media
2026-01-26T22:18:08.069841,ashnoorkaur_1766838002_3796834814406719436_2177379303.jpg,https://t.me/+j4qHLlZcCi82Mjll,Media
2026-01-26T22:18:08.070841,ashnoorkaur_1766838002_3796834814406721173_2177379303.jpg,https://t.me/+j4qHLlZcCi82Mjll,Media
2026-01-26T22:18:08.071841,ashnoorkaur_1766838002_3796834814406724293_2177379303.jpg,https://t.me/+j4qHLlZcCi82Mjll,Media
2026-01-26T22:18:08.072841,ashnoorkaur_1766838002_3796834814406726404_2177379303.jpg,https://t.me/+j4qHLlZcCi82Mjll,Media
2026-01-26T22:18:08.073856,ashnoorkaur_1766838002_3796834814406740373_2177379303.jpg,https://t.me/+j4qHLlZcCi82Mjll,Media
2026-01-26T22:24:00.742729,ashnoorkaur_1766838002_3796834814431892677_2177379303.jpg,https://t.me/+j4qHLlZcCi82Mjll,Media
2026-01-26T22:24:00.743751,ashnoorkaur_1766847548_2177379303.mp4,https://t.me/+j4qHLlZcCi82Mjll,Media
2026-01-26T22:24:00.745735,ashnoorkaur_1766901553_2177379303.mp4,https://t.me/+j4qHLlZcCi82Mjll,Media
2026-01-26T22:24:00.745735,ashnoorkaur_1766915141_2177379303.mp4,https://t.me/+j4qHLlZcCi82Mjll,Media
2026-01-26T22:24:00.747740,ashnoorkaur_1766992440_3798129153267236262_2177379303.mp4,https://t.me/+j4qHLlZcCi82Mjll,Media
2026-01-26T22:24:00.748728,ashnoorkaur_1766992440_3798129313841959863_2177379303.mp4,https://t.me/+j4qHLlZcCi82Mjll,Media
2026-01-26T22:24:00.749738,ashnoorkaur_1766992440_3798129330837308427_2177379303.mp4,https://t.me/+j4qHLlZcCi82Mjll,Media
2026-01-26T22:24:00.751728,ashnoorkaur_1766992440_3798130330407071095_2177379303.jpg,https://t.me/+j4qHLlZcCi82Mjll,Media
2026-01-26T22:24:00.751728,ashnoorkaur_1766992440_3798130330448994452_2177379303.jpg,https://t.me/+j4qHLlZcCi82Mjll,Media
2026-01-26T22:24:00.752729,ashnoorkaur_1767024358_2177379303.mp4,https://t.me/+j4qHLlZcCi82Mjll,Media
2026-01-26T22:27:59.115118,ashnoorkaur_1767030756_2177379303.mp4,https://t.me/+j4qHLlZcCi82Mjll,Media
2026-01-26T22:27:59.117118,ashnoorkaur_1767031065_2177379303.mp4,https://t.me/+j4qHLlZcCi82Mjll,Media
2026-01-26T22:27:59.118118,ashnoorkaur_1767031199_2177379303.mp4,https://t.me/+j4qHLlZcCi82Mjll,Media
2026-01-26T22:27:59.120119,ashnoorkaur_1767031232_2177379303.mp4,https://t.me/+j4qHLlZcCi82Mjll,Media
2026-01-26T22:27:59.121118,ashnoorkaur_1767031598_2177379303.mp4,https://t.me/+j4qHLlZcCi82Mjll,Media
2026-01-26T22:27:59.122118,ashnoorkaur_1767031670_2177379303.mp4,https://t.me/+j4qHLlZcCi82Mjll,Media
2026-01-26T22:27:59.123118,ashnoorkaur_1767031733_2177379303.mp4,https://t.me/+j4qHLlZcCi82Mjll,Media
2026-01-26T22:27:59.124118,ashnoorkaur_1767031839_2177379303.mp4,https://t.me/+j4qHLlZcCi82Mjll,Media
2026-01-26T22:27:59.125120,ashnoorkaur_1767031854_2177379303.mp4,https://t.me/+j4qHLlZcCi82Mjll,Media
2026-01-26T22:27:59.126118,ashnoorkaur_1767031918_2177379303.mp4,https://t.me/+j4qHLlZcCi82Mjll,Media
2026-01-26T22:35:29.435031,ashnoorkaur_1767032006_2177379303.mp4,https://t.me/+j4qHLlZcCi82Mjll,Media
2026-01-26T22:35:29.436041,ashnoorkaur_1767032204_2177379303.mp4,https://t.me/+j4qHLlZcCi82Mjll,Media
2026-01-26T22:35:29.437041,ashnoorkaur_1767032248_2177379303.mp4,https://t.me/+j4qHLlZcCi82Mjll,Media
2026-01-26T22:35:29.439041,ashnoorkaur_1767032303_2177379303.mp4,https://t.me/+j4qHLlZcCi82Mjll,Media
2026-01-26T22:35:29.440041,ashnoorkaur_1767035394_2177379303.mp4,https://t.me/+j4qHLlZcCi82Mjll,Media
2026-01-26T22:35:29.441041,ashnoorkaur_1767035448_2177379303.mp4,https://t.me/+j4qHLlZcCi82Mjll,Media
2026-01-26T22:35:29.442041,ashnoorkaur_1767040468_2177379303.mp4,https://t.me/+j4qHLlZcCi82Mjll,Media
2026-01-26T22:35:29.443040,ashnoorkaur_1767069565_2177379303.mp4,https://t.me/+j4qHLlZcCi82Mjll,Media
2026-01-26T22:35:29.445041,ashnoorkaur_1767069612_2177379303.mp4,https://t.me/+j4qHLlZcCi82Mjll,Media
2026-01-26T22:35:29.446041,ashnoorkaur_1767085944_3798913767280061763_2177379303.mp4,https://t.me/+j4qHLlZcCi82Mjll,Media
2026-01-26T22:40:22.277533,ashnoorkaur_1767091217_2177379303.mp4,https://t.me/+j4qHLlZcCi82Mjll,Media
2026-01-26T22:40:22.279692,ashnoorkaur_1767091322_2177379303.mp4,https://t.me/+j4qHLlZcCi82Mjll,Media
2026-01-26T22:40:22.281549,ashnoorkaur_1767101269_2177379303.mp4,https://t.me/+j4qHLlZcCi82Mjll,Media
2026-01-26T22:40:22.281549,ashnoorkaur_1767101446_2177379303.mp4,https://t.me/+j4qHLlZcCi82Mjll,Media
2026-01-26T22:40:22.282548,ashnoorkaur_1767101450_2177379303.mp4,https://t.me/+j4qHLlZcCi82Mjll,Media
2026-01-26T22:40:22.283572,ashnoorkaur_1767116947_2177379303.jpg,https://t.me/+j4qHLlZcCi82Mjll,Media
2026-01-26T22:40:22.283572,ashnoorkaur_1767163566_2177379303.mp4,https://t.me/+j4qHLlZcCi82Mjll,Media
2026-01-26T22:40:22.284549,ashnoorkaur_1767181842_3799719156225175174_2177379303.jpg,https://t.me/+j4qHLlZcCi82Mjll,Media
2026-01-26T22:40:22.285555,ashnoorkaur_1767181842_3799719156225176451_2177379303.jpg,https://t.me/+j4qHLlZcCi82Mjll,Media
2026-01-26T22:40:22.286548,ashnoorkaur_1767181842_3799719156233549160_2177379303.jpg,https://t.me/+j4qHLlZcCi82Mjll,Media
2026-01-26T22:41:38.643296,ashnoorkaur_1767181842_3799719156233557859_2177379303.jpg,https://t.me/+j4qHLlZcCi82Mjll,Media
2026-01-26T22:41:38.645296,ashnoorkaur_1767181842_3799719156233584473_2177379303.jpg,https://t.me/+j4qHLlZcCi82Mjll,Media
2026-01-26T22:41:38.646296,ashnoorkaur_1767181842_3799719156233597378_2177379303.jpg,https://t.me/+j4qHLlZcCi82Mjll,Media
2026-01-26T22:41:38.648295,ashnoorkaur_1767181842_3799719156636237081_2177379303.jpg,https://t.me/+j4qHLlZcCi82Mjll,Media
2026-01-26T22:41:38.648295,ashnoorkaur_1767181842_3799719156636251666_2177379303.jpg,https://t.me/+j4qHLlZcCi82Mjll,Media
2026-01-26T22:41:38.650296,ashnoorkaur_1767188056_3799771276576375927_2177379303.jpg,https://t.me/+j4qHLlZcCi82Mjll,Media
2026-01-26T22:41:38.651296,ashnoorkaur_1767188056_3799771276576378484_2177379303.jpg,https://t.me/+j4qHLlZcCi82Mjll,Media
2026-01-26T22:41:38.652295,ashnoorkaur_1767188056_3799771276584768186_2177379303.jpg,https://t.me/+j4qHLlZcCi82Mjll,Media
2026-01-26T22:41:38.652295,ashnoorkaur_1767188056_3799771276584798856_2177379303.jpg,https://t.me/+j4qHLlZcCi82Mjll,Media
2026-01-26T22:41:38.653296,ashnoorkaur_1767188056_3799771276593169954_2177379303.jpg,https://t.me/+j4qHLlZcCi82Mjll,Media
2026-01-26T22:45:44.124123,ashnoorkaur_1767188056_3799771276601531490_2177379303.jpg,https://t.me/+j4qHLlZcCi82Mjll,Media
2026-01-26T22:45:44.124123,ashnoorkaur_1767200887_3799877137588187615_2177379303.mp4,https://t.me/+j4qHLlZcCi82Mjll,Media
2026-01-26T22:45:44.126123,ashnoorkaur_1767267397_2177379303.mp4,https://t.me/+j4qHLlZcCi82Mjll,Media
2026-01-26T22:45:44.127122,ashnoorkaur_1767269212_3800452066934822322_2177379303.jpg,https://t.me/+j4qHLlZcCi82Mjll,Media
2026-01-26T22:45:44.128123,ashnoorkaur_1767269212_3800452066934848743_2177379303.jpg,https://t.me/+j4qHLlZcCi82Mjll,Media
2026-01-26T22:45:44.129135,ashnoorkaur_1767269212_3800452066943197369_2177379303.jpg,https://t.me/+j4qHLlZcCi82Mjll,Media
2026-01-26T22:45:44.130131,ashnoorkaur_1767286177_2177379303.mp4,https://t.me/+j4qHLlZcCi82Mjll,Media
2026-01-26T22:45:44.130131,ashnoorkaur_1767343180_2177379303.mp4,https://t.me/+j4qHLlZcCi82Mjll,Media
2026-01-26T22:45:44.131122,ashnoorkaur_1767356956_2177379303.mp4,https://t.me/+j4qHLlZcCi82Mjll,Media
2026-01-26T22:45:44.132122,ashnoorkaur_1767370218_2177379303.mp4,https://t.me/+j4qHLlZcCi82Mjll,Media
2026-01-26T22:51:10.634915,ashnoorkaur_1767381563_2177379303.mp4,https://t.me/+j4qHLlZcCi82Mjll,Media
2026-01-26T22:51:10.635916,ashnoorkaur_1767590155_2177379303.mp4,https://t.me/+j4qHLlZcCi82Mjll,Media
2026-01-26T22:51:10.635916,ashnoorkaur_1767597121_2177379303.mp4,https://t.me/+j4qHLlZcCi82Mjll,Media
2026-01-26T22:51:10.636916,ashnoorkaur_1767625019_2177379303.mp4,https://t.me/+j4qHLlZcCi82Mjll,Media
2026-01-26T22:51:10.637916,ashnoorkaur_1767648775_2177379303.mp4,https://t.me/+j4qHLlZcCi82Mjll,Media
2026-01-26T22:51:10.638916,ashnoorkaur_1767649940_2177379303.mp4,https://t.me/+j4qHLlZcCi82Mjll,Media
2026-01-26T22:51:10.640918,ashnoorkaur_1767650444_2177379303.mp4,https://t.me/+j4qHLlZcCi82Mjll,Media
2026-01-26T22:51:10.640918,ashnoorkaur_1767650484_2177379303.mp4,https://t.me/+j4qHLlZcCi82Mjll,Media
2026-01-26T22:51:10.642917,ashnoorkaur_1767651680_2177379303.mp4,https://t.me/+j4qHLlZcCi82Mjll,Media
2026-01-26T22:51:10.643917,ashnoorkaur_1767651722_2177379303.mp4,https://t.me/+j4qHLlZcCi82Mjll,Media
2026-01-26T22:54:40.978174,ashnoorkaur_1767655734_2177379303.mp4,https://t.me/+j4qHLlZcCi82Mjll,Media
2026-01-26T22:54:40.978174,ashnoorkaur_1767657963_2177379303.mp4,https://t.me/+j4qHLlZcCi82Mjll,Media
2026-01-26T22:54:40.979181,ashnoorkaur_1767658002_2177379303.mp4,https://t.me/+j4qHLlZcCi82Mjll,Media
2026-01-26T22:54:40.980181,ashnoorkaur_1767660558_3803734917662678942_2177379303.jpg,https://t.me/+j4qHLlZcCi82Mjll,Media
2026-01-26T22:54:40.981174,ashnoorkaur_1767660558_3803734917671073161_2177379303.jpg,https://t.me/+j4qHLlZcCi82Mjll,Media
2026-01-26T22:54:40.982181,ashnoorkaur_1767660558_3803734917679430796_2177379303.jpg,https://t.me/+j4qHLlZcCi82Mjll,Media
2026-01-26T22:54:40.983174,ashnoorkaur_1767660558_3803734917679436797_2177379303.jpg,https://t.me/+j4qHLlZcCi82Mjll,Media
2026-01-26T22:54:40.984173,ashnoorkaur_1767660558_3803734917679454712_2177379303.jpg,https://t.me/+j4qHLlZcCi82Mjll,Media
2026-01-26T22:54:40.985173,ashnoorkaur_1767660558_3803734917679462803_2177379303.jpg,https://t.me/+j4qHLlZcCi82Mjll,Media
2026-01-26T22:54:40.986181,ashnoorkaur_1767660558_3803734917973039668_2177379303.jpg,https://t.me/+j4qHLlZcCi82Mjll,Media
2026-01-26T22:58:04.959748,ashnoorkaur_1767660558_3803734917989821221_2177379303.jpg,https://t.me/+j4qHLlZcCi82Mjll,Media
2026-01-26T22:58:04.960742,ashnoorkaur_1767673176_2177379303.mp4,https://t.me/+j4qHLlZcCi82Mjll,Media
2026-01-26T22:58:04.961741,ashnoorkaur_1767673202_2177379303.mp4,https://t.me/+j4qHLlZcCi82Mjll,Media
2026-01-26T22:58:04.963144,ashnoorkaur_1767673322_2177379303.mp4,https://t.me/+j4qHLlZcCi82Mjll,Media
2026-01-26T22:58:04.963144,ashnoorkaur_1767674828_2177379303.mp4,https://t.me/+j4qHLlZcCi82Mjll,Media
2026-01-26T22:58:04.965148,ashnoorkaur_1767681485_2177379303.mp4,https://t.me/+j4qHLlZcCi82Mjll,Media
2026-01-26T22:58:04.966147,ashnoorkaur_1767681537_2177379303.mp4,https://t.me/+j4qHLlZcCi82Mjll,Media
2026-01-26T22:58:04.966147,ashnoorkaur_1767682216_2177379303.mp4,https://t.me/+j4qHLlZcCi82Mjll,Media
2026-01-26T22:58:04.968148,ashnoorkaur_1767701933_2177379303.mp4,https://t.me/+j4qHLlZcCi82Mjll,Media
2026-01-26T22:58:04.968148,ashnoorkaur_1767701938_2177379303.mp4,https://t.me/+j4qHLlZcCi82Mjll,Media
2026-01-26T23:05:48.020504,ashnoorkaur_1767702154_2177379303.mp4,https://t.me/+j4qHLlZcCi82Mjll,Media
2026-01-26T23:05:48.021505,ashnoorkaur_1767702269_2177379303.mp4,https://t.me/+j4qHLlZcCi82Mjll,Media
2026-01-26T23:05:48.023504,ashnoorkaur_1767703030_2177379303.mp4,https://t.me/+j4qHLlZcCi82Mjll,Media
2026-01-26T23:05:48.023504,ashnoorkaur_1767703578_2177379303.mp4,https://t.me/+j4qHLlZcCi82Mjll,Media
2026-01-26T23:05:48.025505,ashnoorkaur_1767709389_2177379303.mp4,https://t.me/+j4qHLlZcCi82Mjll,Media
2026-01-26T23:05:48.026504,ashnoorkaur_1767709424_2177379303.mp4,https://t.me/+j4qHLlZcCi82Mjll,Media
2026-01-26T23:05:48.027504,ashnoorkaur_1767709777_2177379303.mp4,https://t.me/+j4qHLlZcCi82Mjll,Media
2026-01-26T23:05:48.028503,navika_kotia_1766903709_362910481.jpg,https://t.me/+j4qHLlZcCi82Mjll,Media
2026-01-26T23:05:48.029504,navika_kotia_1767117537_362910481.mp4,https://t.me/+j4qHLlZcCi82Mjll,Media
2026-01-26T23:05:48.030504,navika_kotia_1767117562_362910481.mp4,https://t.me/+j4qHLlZcCi82Mjll,Media
2026-01-26T23:09:48.119990,navika_kotia_1767166940_362910481.mp4,https://t.me/+j4qHLlZcCi82Mjll,Media
2026-01-26T23:09:48.121990,navika_kotia_1767289615_362910481.mp4,https://t.me/+j4qHLlZcCi82Mjll,Media
2026-01-26T23:19:20.640734,aditi_bhatia4_1766756912_3796154313329088809_353073435.mp4,https://t.me/+cRqQypK2KfY2OGRl,Media
2026-01-26T23:19:20.641814,aditi_bhatia4_1767358957_353073435.mp4,https://t.me/+cRqQypK2KfY2OGRl,Media
2026-01-26T23:19:20.643746,aditi_bhatia4_1767359323_353073435.mp4,https://t.me/+cRqQypK2KfY2OGRl,Media
2026-01-26T23:19:20.644745,aditi_bhatia4_1767359373_353073435.jpg,https://t.me/+cRqQypK2KfY2OGRl,Media
2026-01-26T23:19:20.644745,aditi_bhatia4_1767627263_353073435.jpg,https://t.me/+cRqQypK2KfY2OGRl,Media
2026-01-26T23:19:20.645798,aditi_bhatia4_1767627673_353073435.mp4,https://t.me/+cRqQypK2KfY2OGRl,Media
2026-01-26T23:19:20.646746,aditi_bhatia4_1767627843_353073435.jpg,https://t.me/+cRqQypK2KfY2OGRl,Media
2026-01-26T23:19:20.646746,aditi_bhatia4_1767634438_353073435.jpg,https://t.me/+cRqQypK2KfY2OGRl,Media
2026-01-26T23:19:20.647743,aditi_bhatia4_1767634652_353073435.mp4,https://t.me/+cRqQypK2KfY2OGRl,Media
2026-01-26T23:19:20.648749,aditi_bhatia4_1767634766_353073435.jpg,https://t.me/+cRqQypK2KfY2OGRl,Media
2026-01-26T23:24:49.966763,aditi_bhatia4_1767634997_353073435.jpg,https://t.me/+cRqQypK2KfY2OGRl,Media
2026-01-26T23:24:49.966763,aditi_bhatia4_1767645610_353073435.jpg,https://t.me/+cRqQypK2KfY2OGRl,Media
2026-01-26T23:24:49.967763,aditi_bhatia4_1767695450_353073435.mp4,https://t.me/+cRqQypK2KfY2OGRl,Media
2026-01-26T23:24:49.969764,aditi_bhatia4_1767708955_3804140231688633195_353073435.mp4,https://t.me/+cRqQypK2KfY2OGRl,Media
2026-01-26T23:24:49.970771,aditi_bhatia4_1767709018_353073435.mp4,https://t.me/+cRqQypK2KfY2OGRl,Media
2026-01-26T23:24:49.971763,aditi_bhatia4_1767715784_353073435.mp4,https://t.me/+cRqQypK2KfY2OGRl,Media
2026-01-26T23:31:47.765228,avneetk.sweetie_1765888677_3788869596103890494_77439397714.mp4,https://t.me/+aSuO-sbVNmc2Nzc1,Media
2026-01-26T23:31:47.767432,avneetk.sweetie_1766930018_3797605281668632950_77439397714.mp4,https://t.me/+aSuO-sbVNmc2Nzc1,Media
2026-01-26T23:31:47.769437,avneetk.sweetie_1767238257_3800191986808475461_77439397714.mp4,https://t.me/+aSuO-sbVNmc2Nzc1,Media
2026-01-26T23:31:47.770430,avneetkaurfc13_1765853527_3788576443420827551_48770211812.jpg,https://t.me/+aSuO-sbVNmc2Nzc1,Media
2026-01-26T23:31:47.771430,avneetkaurfc13_1765853527_3788576443437606948_48770211812.jpg,https://t.me/+aSuO-sbVNmc2Nzc1,Media
2026-01-26T23:31:47.772430,avneetkaur_13_1766666384_3795395177658188319_1797720972.jpg,https://t.me/+aSuO-sbVNmc2Nzc1,Media
2026-01-26T23:31:47.773429,avneetkaur_13_1766666384_3795395177658240375_1797720972.jpg,https://t.me/+aSuO-sbVNmc2Nzc1,Media
2026-01-26T23:31:47.774437,avneetkaur_13_1766666384_3795395177666582081_1797720972.jpg,https://t.me/+aSuO-sbVNmc2Nzc1,Media
2026-01-26T23:31:47.775430,avneetkaur_13_1766666384_3795395177666625003_1797720972.jpg,https://t.me/+aSuO-sbVNmc2Nzc1,Media
2026-01-26T23:31:47.775430,avneetkaur_13_1766666384_3795395177674983364_1797720972.jpg,https://t.me/+aSuO-sbVNmc2Nzc1,Media
2026-01-26T23:35:52.024717,avneetkaur_13_1766666384_3795395177674997097_1797720972.jpg,https://t.me/+aSuO-sbVNmc2Nzc1,Media
2026-01-26T23:35:52.025715,avneetkaur_13_1766666384_3795395177675014237_1797720972.jpg,https://t.me/+aSuO-sbVNmc2Nzc1,Media
2026-01-26T23:35:52.026715,avneetkaur_13_1766666384_3795395177675019020_1797720972.jpg,https://t.me/+aSuO-sbVNmc2Nzc1,Media
2026-01-26T23:35:52.027717,avneetkaur_13_1766666384_3795395177817582076_1797720972.jpg,https://t.me/+aSuO-sbVNmc2Nzc1,Media
2026-01-26T23:35:52.028715,avneetkaur_13_1766666384_3795395177817608895_1797720972.jpg,https://t.me/+aSuO-sbVNmc2Nzc1,Media
2026-01-26T23:35:52.029717,avneetkaur_13_1766666384_3795395177893097705_1797720972.jpg,https://t.me/+aSuO-sbVNmc2Nzc1,Media
2026-01-26T23:35:52.030716,avneetkaur_13_1766666384_3795395177893118149_1797720972.jpg,https://t.me/+aSuO-sbVNmc2Nzc1,Media
2026-01-26T23:35:52.031716,avneetkaur_13_1766666930_1797720972.mp4,https://t.me/+aSuO-sbVNmc2Nzc1,Media
2026-01-26T23:35:52.032713,avneetkaur_13_1766693622_1797720972.jpg,https://t.me/+aSuO-sbVNmc2Nzc1,Media
2026-01-26T23:35:52.033714,avneetkaur_13_1766693662_1797720972.jpg,https://t.me/+aSuO-sbVNmc2Nzc1,Media
2026-01-26T23:40:13.378461,avneetkaur_13_1766693684_1797720972.mp4,https://t.me/+aSuO-sbVNmc2Nzc1,Media
2026-01-26T23:40:13.379794,avneetkaur_13_1766693715_1797720972.mp4,https://t.me/+aSuO-sbVNmc2Nzc1,Media
2026-01-26T23:40:13.380797,avneetkaur_13_1766693813_1797720972.mp4,https://t.me/+aSuO-sbVNmc2Nzc1,Media
2026-01-26T23:40:13.381810,avneetkaur_13_1766693890_1797720972.mp4,https://t.me/+aSuO-sbVNmc2Nzc1,Media
2026-01-26T23:40:13.382806,avneetkaur_13_1766694785_1797720972.jpg,https://t.me/+aSuO-sbVNmc2Nzc1,Media
2026-01-26T23:40:13.383806,avneetkaur_13_1766694845_1797720972.jpg,https://t.me/+aSuO-sbVNmc2Nzc1,Media
2026-01-26T23:40:13.384795,avneetkaur_13_1766694896_1797720972.jpg,https://t.me/+aSuO-sbVNmc2Nzc1,Media
2026-01-26T23:40:13.385796,avneetkaur_13_1766695013_1797720972.mp4,https://t.me/+aSuO-sbVNmc2Nzc1,Media
2026-01-26T23:40:13.385796,avneetkaur_13_1766695069_1797720972.mp4,https://t.me/+aSuO-sbVNmc2Nzc1,Media
2026-01-26T23:40:13.386797,avneetkaur_13_1766732400_3795949013405198147_1797720972.mp4,https://t.me/+aSuO-sbVNmc2Nzc1,Media
2026-01-26T23:43:53.235225,avneetkaur_13_1766746371_1797720972.mp4,https://t.me/+aSuO-sbVNmc2Nzc1,Media
2026-01-26T23:43:53.236226,avneetkaur_13_1766763650_1797720972.mp4,https://t.me/+aSuO-sbVNmc2Nzc1,Media
2026-01-26T23:43:53.237226,avneetkaur_13_1766838044_3796835163515420070_1797720972.jpg,https://t.me/+aSuO-sbVNmc2Nzc1,Media
2026-01-26T23:43:53.238225,avneetkaur_13_1766838044_3796835163523777049_1797720972.jpg,https://t.me/+aSuO-sbVNmc2Nzc1,Media
2026-01-26T23:43:53.238225,avneetkaur_13_1766838044_3796835163523788603_1797720972.jpg,https://t.me/+aSuO-sbVNmc2Nzc1,Media
2026-01-26T23:43:53.239225,avneetkaur_13_1766838044_3796835163523794309_1797720972.jpg,https://t.me/+aSuO-sbVNmc2Nzc1,Media
2026-01-26T23:43:53.240225,avneetkaur_13_1766838044_3796835163523797375_1797720972.jpg,https://t.me/+aSuO-sbVNmc2Nzc1,Media
2026-01-26T23:43:53.241226,avneetkaur_13_1766838044_3796835163532180661_1797720972.jpg,https://t.me/+aSuO-sbVNmc2Nzc1,Media
2026-01-26T23:43:53.242225,avneetkaur_13_1766838044_3796835163590894035_1797720972.jpg,https://t.me/+aSuO-sbVNmc2Nzc1,Media
2026-01-26T23:43:53.243225,avneetkaur_13_1766838044_3796835163767056253_1797720972.jpg,https://t.me/+aSuO-sbVNmc2Nzc1,Media
2026-01-26T23:46:16.621676,avneetkaur_13_1766838228_1797720972.mp4,https://t.me/+aSuO-sbVNmc2Nzc1,Media
2026-01-26T23:46:16.622676,avneetkaur_13_1766853639_1797720972.jpg,https://t.me/+aSuO-sbVNmc2Nzc1,Media
2026-01-26T23:46:16.623675,avneetkaur_13_1766853706_1797720972.mp4,https://t.me/+aSuO-sbVNmc2Nzc1,Media
2026-01-26T23:46:16.624675,avneetkaur_13_1766853725_1797720972.jpg,https://t.me/+aSuO-sbVNmc2Nzc1,Media
2026-01-26T23:46:16.624675,avneetkaur_13_1766853745_1797720972.jpg,https://t.me/+aSuO-sbVNmc2Nzc1,Media
2026-01-26T23:46:16.625675,avneetkaur_13_1766853801_1797720972.mp4,https://t.me/+aSuO-sbVNmc2Nzc1,Media
2026-01-26T23:46:16.626675,avneetkaur_13_1766879093_1797720972.mp4,https://t.me/+aSuO-sbVNmc2Nzc1,Media
2026-01-26T23:46:16.627676,avneetkaur_13_1766879143_1797720972.mp4,https://t.me/+aSuO-sbVNmc2Nzc1,Media
2026-01-26T23:46:16.628678,avneetkaur_13_1766879167_1797720972.jpg,https://t.me/+aSuO-sbVNmc2Nzc1,Media
2026-01-26T23:46:16.628678,avneetkaur_13_1766879212_1797720972.jpg,https://t.me/+aSuO-sbVNmc2Nzc1,Media
2026-01-26T23:52:26.300161,avneetkaur_13_1766879336_1797720972.mp4,https://t.me/+aSuO-sbVNmc2Nzc1,Media
2026-01-26T23:52:26.301169,avneetkaur_13_1766879396_1797720972.mp4,https://t.me/+aSuO-sbVNmc2Nzc1,Media
2026-01-26T23:52:26.302163,avneetkaur_13_1766879477_1797720972.mp4,https://t.me/+aSuO-sbVNmc2Nzc1,Media
2026-01-26T23:52:26.303162,avneetkaur_13_1766914858_1797720972.mp4,https://t.me/+aSuO-sbVNmc2Nzc1,Media
2026-01-26T23:52:26.305164,avneetkaur_13_1766914893_1797720972.mp4,https://t.me/+aSuO-sbVNmc2Nzc1,Media
2026-01-26T23:52:26.306162,avneetkaur_13_1766917221_1797720972.mp4,https://t.me/+aSuO-sbVNmc2Nzc1,Media
2026-01-26T23:52:26.307164,avneetkaur_13_1766917297_1797720972.mp4,https://t.me/+aSuO-sbVNmc2Nzc1,Media
2026-01-26T23:52:26.308164,avneetkaur_13_1766917377_1797720972.jpg,https://t.me/+aSuO-sbVNmc2Nzc1,Media
2026-01-26T23:52:26.309163,avneetkaur_13_1766917818_1797720972.mp4,https://t.me/+aSuO-sbVNmc2Nzc1,Media
2026-01-26T23:52:26.310165,avneetkaur_13_1766925554_3797567973461116875_1797720972.mp4,https://t.me/+aSuO-sbVNmc2Nzc1,Media
2026-01-26T23:55:05.032101,avneetkaur_13_1766945481_1797720972.mp4,https://t.me/+aSuO-sbVNmc2Nzc1,Media
2026-01-26T23:55:05.034101,avneetkaur_13_1767012063_3798294943232492623_1797720972.jpg,https://t.me/+aSuO-sbVNmc2Nzc1,Media
2026-01-26T23:55:05.034101,avneetkaur_13_1767012063_3798294943232498239_1797720972.jpg,https://t.me/+aSuO-sbVNmc2Nzc1,Media
2026-01-26T23:55:05.036152,avneetkaur_13_1767012063_3798294943232535706_1797720972.jpg,https://t.me/+aSuO-sbVNmc2Nzc1,Media
2026-01-26T23:55:05.037152,avneetkaur_13_1767012063_3798294943232541658_1797720972.jpg,https://t.me/+aSuO-sbVNmc2Nzc1,Media
2026-01-26T23:55:05.038152,avneetkaur_13_1767012063_3798294943232555998_1797720972.jpg,https://t.me/+aSuO-sbVNmc2Nzc1,Media
2026-01-26T23:55:05.039151,avneetkaur_13_1767012063_3798294943240899906_1797720972.jpg,https://t.me/+aSuO-sbVNmc2Nzc1,Media
2026-01-26T23:55:05.039151,avneetkaur_13_1767012063_3798294943240943219_1797720972.jpg,https://t.me/+aSuO-sbVNmc2Nzc1,Media
2026-01-26T23:55:05.040153,avneetkaur_13_1767012063_3798294943266090863_1797720972.jpg,https://t.me/+aSuO-sbVNmc2Nzc1,Media
2026-01-26T23:55:05.041152,avneetkaur_13_1767012063_3798294943274493096_1797720972.jpg,https://t.me/+aSuO-sbVNmc2Nzc1,Media
2026-01-27T00:00:23.930186,avneetkaur_13_1767012063_3798294943282824936_1797720972.jpg,https://t.me/+aSuO-sbVNmc2Nzc1,Media
2026-01-27T00:00:23.930186,avneetkaur_13_1767012063_3798294943282870782_1797720972.jpg,https://t.me/+aSuO-sbVNmc2Nzc1,Media
2026-01-27T00:00:23.931352,avneetkaur_13_1767012063_3798294943291217161_1797720972.jpg,https://t.me/+aSuO-sbVNmc2Nzc1,Media
2026-01-27T00:00:23.932356,avneetkaur_13_1767012063_3798294943291239055_1797720972.jpg,https://t.me/+aSuO-sbVNmc2Nzc1,Media
2026-01-27T00:00:23.933356,avneetkaur_13_1767012063_3798294943341551596_1797720972.jpg,https://t.me/+aSuO-sbVNmc2Nzc1,Media
2026-01-27T00:00:23.934356,avneetkaur_13_1767012063_3798294943341576895_1797720972.jpg,https://t.me/+aSuO-sbVNmc2Nzc1,Media
2026-01-27T00:00:23.934356,avneetkaur_13_1767012157_1797720972.mp4,https://t.me/+aSuO-sbVNmc2Nzc1,Media
2026-01-27T00:00:23.935356,avneetkaur_13_1767014871_1797720972.mp4,https://t.me/+aSuO-sbVNmc2Nzc1,Media
2026-01-27T00:00:23.936356,avneetkaur_13_1767014903_1797720972.jpg,https://t.me/+aSuO-sbVNmc2Nzc1,Media
2026-01-27T00:00:23.937356,avneetkaur_13_1767014953_1797720972.mp4,https://t.me/+aSuO-sbVNmc2Nzc1,Media
2026-01-27T00:02:26.789625,avneetkaur_13_1767015002_1797720972.mp4,https://t.me/+aSuO-sbVNmc2Nzc1,Media
2026-01-27T00:02:26.791626,avneetkaur_13_1767015163_1797720972.jpg,https://t.me/+aSuO-sbVNmc2Nzc1,Media
2026-01-27T00:02:26.792626,avneetkaur_13_1767015207_1797720972.jpg,https://t.me/+aSuO-sbVNmc2Nzc1,Media
2026-01-27T00:02:26.793626,avneetkaur_13_1767052221_1797720972.jpg,https://t.me/+aSuO-sbVNmc2Nzc1,Media
2026-01-27T00:02:26.794626,avneetkaur_13_1767052404_1797720972.jpg,https://t.me/+aSuO-sbVNmc2Nzc1,Media
2026-01-27T00:02:26.795625,avneetkaur_13_1767052687_1797720972.mp4,https://t.me/+aSuO-sbVNmc2Nzc1,Media
2026-01-27T00:02:26.796625,avneetkaur_13_1767085583_3798911673659294627_1797720972.jpg,https://t.me/+aSuO-sbVNmc2Nzc1,Media
2026-01-27T00:02:26.797626,avneetkaur_13_1767085583_3798911673768389768_1797720972.jpg,https://t.me/+aSuO-sbVNmc2Nzc1,Media
2026-01-27T00:02:26.797626,avneetkaur_13_1767085860_1797720972.mp4,https://t.me/+aSuO-sbVNmc2Nzc1,Media
2026-01-27T00:02:26.798625,avneetkaur_13_1767112753_1797720972.jpg,https://t.me/+aSuO-sbVNmc2Nzc1,Media
2026-01-27T00:08:15.892430,avneetkaur_13_1767112788_1797720972.jpg,https://t.me/+aSuO-sbVNmc2Nzc1,Media
2026-01-27T00:08:15.893439,avneetkaur_13_1767112829_1797720972.mp4,https://t.me/+aSuO-sbVNmc2Nzc1,Media
2026-01-27T00:08:15.894440,avneetkaur_13_1767120379_1797720972.jpg,https://t.me/+aSuO-sbVNmc2Nzc1,Media
2026-01-27T00:08:15.895439,avneetkaur_13_1767120434_1797720972.mp4,https://t.me/+aSuO-sbVNmc2Nzc1,Media
2026-01-27T00:08:15.896439,avneetkaur_13_1767120466_1797720972.mp4,https://t.me/+aSuO-sbVNmc2Nzc1,Media
2026-01-27T00:08:15.897438,avneetkaur_13_1767126139_1797720972.mp4,https://t.me/+aSuO-sbVNmc2Nzc1,Media
2026-01-27T00:08:15.898439,avneetkaur_13_1767126214_1797720972.mp4,https://t.me/+aSuO-sbVNmc2Nzc1,Media
2026-01-27T00:08:15.899439,avneetkaur_13_1767162600_3799557888071542685_1797720972.mp4,https://t.me/+aSuO-sbVNmc2Nzc1,Media
2026-01-27T00:08:15.900439,avneetkaur_13_1767198032_3799854380283922373_1797720972.mp4,https://t.me/+aSuO-sbVNmc2Nzc1,Media
2026-01-27T00:08:15.902438,avneetkaur_13_1767228248_1797720972.mp4,https://t.me/+aSuO-sbVNmc2Nzc1,Media
2026-01-27T00:23:34.878999,avneetkaur_13_1767228356_1797720972.mp4,https://t.me/+aSuO-sbVNmc2Nzc1,Media
2026-01-27T00:23:34.879998,avneetkaur_13_1767228431_1797720972.mp4,https://t.me/+aSuO-sbVNmc2Nzc1,Media
2026-01-27T00:23:34.879998,avneetkaur_13_1767228656_1797720972.mp4,https://t.me/+aSuO-sbVNmc2Nzc1,Media
2026-01-27T00:23:34.880998,avneetkaur_13_1767228729_1797720972.mp4,https://t.me/+aSuO-sbVNmc2Nzc1,Media
2026-01-27T00:23:34.881998,avneetkaur_13_1767230281_1797720972.mp4,https://t.me/+aSuO-sbVNmc2Nzc1,Media
2026-01-27T00:23:34.882998,avneetkaur_13_1767249000_3800282901166756108_1797720972.mp4,https://t.me/+aSuO-sbVNmc2Nzc1,Media
2026-01-27T00:23:34.884998,avneetkaur_13_1767263834_1797720972.mp4,https://t.me/+aSuO-sbVNmc2Nzc1,Media
2026-01-27T00:23:34.886503,avneetkaur_13_1767284301_1797720972.mp4,https://t.me/+aSuO-sbVNmc2Nzc1,Media
2026-01-27T00:23:34.888509,avneetkaur_13_1767291357_1797720972.mp4,https://t.me/+aSuO-sbVNmc2Nzc1,Media
2026-01-27T00:23:34.889509,avneetkaur_13_1767291432_1797720972.mp4,https://t.me/+aSuO-sbVNmc2Nzc1,Media
2026-01-27T00:25:15.236939,avneetkaur_13_1767291592_1797720972.mp4,https://t.me/+aSuO-sbVNmc2Nzc1,Media
2026-01-27T00:25:15.237937,avneetkaur_13_1767291819_1797720972.mp4,https://t.me/+aSuO-sbVNmc2Nzc1,Media
2026-01-27T00:25:15.238939,avneetkaur_13_1767292041_1797720972.mp4,https://t.me/+aSuO-sbVNmc2Nzc1,Media
2026-01-27T00:25:15.238939,avneetkaur_13_1767621224_3803404957244987316_1797720972.jpg,https://t.me/+aSuO-sbVNmc2Nzc1,Media
2026-01-27T00:25:15.239938,avneetkaur_13_1767621224_3803404957244996566_1797720972.jpg,https://t.me/+aSuO-sbVNmc2Nzc1,Media
2026-01-27T00:25:15.240938,avneetkaur_13_1767621224_3803404957253380152_1797720972.jpg,https://t.me/+aSuO-sbVNmc2Nzc1,Media
2026-01-27T00:25:15.241942,avneetkaur_13_1767621224_3803404957253391376_1797720972.jpg,https://t.me/+aSuO-sbVNmc2Nzc1,Media
2026-01-27T00:25:15.243943,avneetkaur_13_1767621224_3803404957261771296_1797720972.jpg,https://t.me/+aSuO-sbVNmc2Nzc1,Media
2026-01-27T00:25:15.244943,avneetkaur_13_1767621224_3803404957261786379_1797720972.jpg,https://t.me/+aSuO-sbVNmc2Nzc1,Media
2026-01-27T00:25:15.245943,avneetkaur_13_1767621224_3803404957270209189_1797720972.jpg,https://t.me/+aSuO-sbVNmc2Nzc1,Media
2026-01-27T00:26:53.146547,avneetkaur_13_1767621224_3803404957354063352_1797720972.jpg,https://t.me/+aSuO-sbVNmc2Nzc1,Media
2026-01-27T00:26:53.147532,avneetkaur_13_1767621224_3803404957354078262_1797720972.jpg,https://t.me/+aSuO-sbVNmc2Nzc1,Media
2026-01-27T00:26:53.148531,avneetkaur_13_1767621406_1797720972.mp4,https://t.me/+aSuO-sbVNmc2Nzc1,Media
2026-01-27T00:26:53.149531,avneetkaur_13_1767703828_3804097886347345383_1797720972.jpg,https://t.me/+aSuO-sbVNmc2Nzc1,Media
2026-01-27T00:26:53.149531,avneetkaur_13_1767703828_3804097886347392765_1797720972.jpg,https://t.me/+aSuO-sbVNmc2Nzc1,Media
2026-01-27T00:26:53.150534,avneetkaur_13_1767703828_3804097886355718743_1797720972.jpg,https://t.me/+aSuO-sbVNmc2Nzc1,Media
2026-01-27T00:26:53.151534,avneetkaur_13_1767703828_3804097886355720447_1797720972.jpg,https://t.me/+aSuO-sbVNmc2Nzc1,Media
2026-01-27T00:26:53.152553,avneetkaur_13_1767703828_3804097886355731969_1797720972.jpg,https://t.me/+aSuO-sbVNmc2Nzc1,Media
2026-01-27T00:26:53.153533,avneetkaur_13_1767703828_3804097886355733237_1797720972.jpg,https://t.me/+aSuO-sbVNmc2Nzc1,Media
2026-01-27T00:26:53.154535,avneetkaur_13_1767703828_3804097886355764185_1797720972.jpg,https://t.me/+aSuO-sbVNmc2Nzc1,Media
2026-01-27T00:29:34.446390,avneetkaur_13_1767703828_3804097886380891571_1797720972.jpg,https://t.me/+aSuO-sbVNmc2Nzc1,Media
2026-01-27T00:29:34.448390,avneetkaur_13_1767703828_3804097886573842738_1797720972.jpg,https://t.me/+aSuO-sbVNmc2Nzc1,Media
2026-01-27T00:29:34.449390,avneetkaur_13_1767704197_1797720972.mp4,https://t.me/+aSuO-sbVNmc2Nzc1,Media
2026-01-27T00:29:34.450390,avneetkaur_sweetie_1762966338_3764356144174459387_59291218259.mp4,https://t.me/+aSuO-sbVNmc2Nzc1,Media
2026-01-27T00:29:34.451636,avneetphile_1767201992_3799885119129473857_54167359312.mp4,https://t.me/+aSuO-sbVNmc2Nzc1,Media
2026-01-27T00:29:34.451636,avneetphile_1767230819_3800128561138967635_54167359312.mp4,https://t.me/+aSuO-sbVNmc2Nzc1,Media
2026-01-27T00:29:34.453647,avneet_kaurr.13_1760016767_3739613817412799605_66010183377.mp4,https://t.me/+aSuO-sbVNmc2Nzc1,Media
2026-01-27T00:29:34.454641,avneet_kaurr.13_1765700277_3787290776461073784_66010183377.mp4,https://t.me/+aSuO-sbVNmc2Nzc1,Media
2026-01-27T00:29:34.455641,avneet_kaurr.13_1766544205_3794370263480009878_66010183377.jpg,https://t.me/+aSuO-sbVNmc2Nzc1,Media
2026-01-27T00:29:34.455641,avneet_kaurr.13_1766544205_3794370263480015008_66010183377.jpg,https://t.me/+aSuO-sbVNmc2Nzc1,Media
2026-01-27T00:30:04.810758,avneet_kaurr.13_1766544205_3794370263480040409_66010183377.jpg,https://t.me/+aSuO-sbVNmc2Nzc1,Media
2026-01-27T00:30:04.812248,avneet_kaurr.13_1766544205_3794370263488409316_66010183377.jpg,https://t.me/+aSuO-sbVNmc2Nzc1,Media
2026-01-27T00:30:04.813252,avneet_kaurr.13_1766544205_3794370263488435617_66010183377.jpg,https://t.me/+aSuO-sbVNmc2Nzc1,Media
2026-01-27T00:30:04.814252,avneet_kaurr.13_1766544205_3794370263488462572_66010183377.jpg,https://t.me/+aSuO-sbVNmc2Nzc1,Media
2026-01-27T00:30:04.814252,avneet_kaurr.13_1766544205_3794370263496809219_66010183377.jpg,https://t.me/+aSuO-sbVNmc2Nzc1,Media
2026-01-27T00:30:04.816251,avneet_kaurr.13_1766544205_3794370263496829030_66010183377.jpg,https://t.me/+aSuO-sbVNmc2Nzc1,Media
2026-01-27T00:30:04.817260,avneet_kaurr.13_1766544205_3794370263496845257_66010183377.jpg,https://t.me/+aSuO-sbVNmc2Nzc1,Media
2026-01-27T00:30:04.817260,avneet_kaurr.13_1767065566_3798743758423655670_66010183377.jpg,https://t.me/+aSuO-sbVNmc2Nzc1,Media
2026-01-27T00:30:04.819252,avneet_kaurr.13_1767065566_3798743758423695636_66010183377.jpg,https://t.me/+aSuO-sbVNmc2Nzc1,Media
2026-01-27T00:30:04.819252,avneet_kaurr.13_1767065566_3798743758432104744_66010183377.jpg,https://t.me/+aSuO-sbVNmc2Nzc1,Media
2026-01-27T00:35:20.691746,avneet_kaurr.13_1767065566_3798743758440435843_66010183377.jpg,https://t.me/+aSuO-sbVNmc2Nzc1,Media
2026-01-27T00:35:20.692747,avneet_kaurr.13_1767065566_3798743758574668060_66010183377.jpg,https://t.me/+aSuO-sbVNmc2Nzc1,Media
2026-01-27T00:35:20.693747,avneet_kaurr.13_1767065566_3798743758700488953_66010183377.jpg,https://t.me/+aSuO-sbVNmc2Nzc1,Media
2026-01-27T00:35:20.695747,avneet_kaurr.13_1767065566_3798743758700535443_66010183377.jpg,https://t.me/+aSuO-sbVNmc2Nzc1,Media
2026-01-27T00:35:20.695747,avneet_kaurr.13_1767065566_3798743758742429662_66010183377.jpg,https://t.me/+aSuO-sbVNmc2Nzc1,Media
2026-01-27T00:35:20.696747,avneet_kaurr.13_1767065566_3798743758750862248_66010183377.jpg,https://t.me/+aSuO-sbVNmc2Nzc1,Media
2026-01-27T00:35:20.697747,avneet_kaurr.13_1767065566_3798743758759209683_66010183377.jpg,https://t.me/+aSuO-sbVNmc2Nzc1,Media
2026-01-27T00:35:20.698760,avneet_updated_1767200710_3799876449068056908_74186168311.mp4,https://t.me/+aSuO-sbVNmc2Nzc1,Media
2026-01-27T00:38:43.832111,bhagyashree.online_1766920167_3797519481157740249_2540948219.mp4,https://t.me/+cmgqapbASMQyOWU1,Media
2026-01-27T00:38:43.833582,bhagyashree.online_1767150879_2540948219.mp4,https://t.me/+cmgqapbASMQyOWU1,Media
2026-01-27T00:38:43.834771,bhagyashree.online_1767151324_2540948219.jpg,https://t.me/+cmgqapbASMQyOWU1,Media
2026-01-27T00:38:43.834771,bhagyashree.online_1767151403_2540948219.jpg,https://t.me/+cmgqapbASMQyOWU1,Media
2026-01-27T00:38:43.836001,bhagyashree.online_1767256887_2540948219.mp4,https://t.me/+cmgqapbASMQyOWU1,Media
2026-01-27T00:38:43.838008,bhagyashree.online_1767257267_2540948219.jpg,https://t.me/+cmgqapbASMQyOWU1,Media
2026-01-27T00:40:16.847137,chitrangda_1767597058_212852711.mp4,https://t.me/+f2DDsxgQ4eljZDk9,Media
2026-01-27T00:40:16.848138,chitrangda_1767606220_212852711.jpg,https://t.me/+f2DDsxgQ4eljZDk9,Media
2026-01-27T00:40:16.849139,chitrangda_1767624109_212852711.jpg,https://t.me/+f2DDsxgQ4eljZDk9,Media
2026-01-27T00:40:16.850193,chitrangda_1767627591_212852711.mp4,https://t.me/+f2DDsxgQ4eljZDk9,Media
2026-01-27T00:40:16.850193,chitrangda_1767636602_212852711.mp4,https://t.me/+f2DDsxgQ4eljZDk9,Media
2026-01-27T00:41:42.685485,dishapatani_1767104716_510093911.jpg,https://t.me/+zo37F30GrLNhNWQ1,Media
2026-01-27T00:41:42.686485,dishapatani_1767104790_510093911.jpg,https://t.me/+zo37F30GrLNhNWQ1,Media
2026-01-27T00:41:42.687496,dishapatani_1767104985_510093911.jpg,https://t.me/+zo37F30GrLNhNWQ1,Media
2026-01-27T00:41:42.689491,dishapatani_1767105267_510093911.jpg,https://t.me/+zo37F30GrLNhNWQ1,Media
2026-01-27T00:41:42.689491,shahdaisy_1766592302_3794693798618626608_966290738.mp4,https://t.me/+zo37F30GrLNhNWQ1,Media
2026-01-27T00:45:07.926198,dishaparmar_1766815613_304916107.mp4,https://t.me/+xZCEmBLS-DNkZmY1,Media
2026-01-27T00:45:07.927197,dishaparmar_1766838718_304916107.jpg,https://t.me/+xZCEmBLS-DNkZmY1,Media
2026-01-27T00:45:07.928197,dishaparmar_1767013934_304916107.jpg,https://t.me/+xZCEmBLS-DNkZmY1,Media
2026-01-27T00:45:07.928197,dishaparmar_1767014094_304916107.mp4,https://t.me/+xZCEmBLS-DNkZmY1,Media
2026-01-27T00:45:07.929197,dishaparmar_1767016907_304916107.mp4,https://t.me/+xZCEmBLS-DNkZmY1,Media
2026-01-27T00:45:07.930197,dishaparmar_1767039144_304916107.jpg,https://t.me/+xZCEmBLS-DNkZmY1,Media
2026-01-27T00:45:07.931616,dishaparmar_1767039153_304916107.jpg,https://t.me/+xZCEmBLS-DNkZmY1,Media
2026-01-27T00:45:07.932621,dishaparmar_1767070245_304916107.mp4,https://t.me/+xZCEmBLS-DNkZmY1,Media
2026-01-27T00:45:07.932621,dishaparmar_1767101147_304916107.mp4,https://t.me/+xZCEmBLS-DNkZmY1,Media
2026-01-27T00:45:07.933621,dishaparmar_1767101192_304916107.mp4,https://t.me/+xZCEmBLS-DNkZmY1,Media
2026-01-27T00:48:42.247175,dishaparmar_1767248519_304916107.mp4,https://t.me/+xZCEmBLS-DNkZmY1,Media
2026-01-27T00:48:42.248176,dishaparmar_1767252808_304916107.mp4,https://t.me/+xZCEmBLS-DNkZmY1,Media
2026-01-27T00:48:42.250177,dishaparmar_1767252824_304916107.mp4,https://t.me/+xZCEmBLS-DNkZmY1,Media
2026-01-27T00:48:42.250177,dishaparmar_1767252846_304916107.jpg,https://t.me/+xZCEmBLS-DNkZmY1,Media
2026-01-27T00:48:42.251175,dishaparmar_1767350440_304916107.mp4,https://t.me/+xZCEmBLS-DNkZmY1,Media
2026-01-27T00:48:42.252182,dishaparmar_1767351088_304916107.mp4,https://t.me/+xZCEmBLS-DNkZmY1,Media
2026-01-27T00:48:42.253175,dishaparmar_1767371292_304916107.jpg,https://t.me/+xZCEmBLS-DNkZmY1,Media
2026-01-27T03:57:39.437713,divyaagarwal_official_1766665118_424785302.mp4,https://t.me/+WifuIsmgI7o5Nzg1,Media
2026-01-27T03:57:39.439143,divyaagarwal_official_1766688562_424785302.mp4,https://t.me/+WifuIsmgI7o5Nzg1,Media
2026-01-27T03:57:39.440148,divyaagarwal_official_1766695479_424785302.mp4,https://t.me/+WifuIsmgI7o5Nzg1,Media
2026-01-27T03:57:39.442149,divyaagarwal_official_1766942437_424785302.mp4,https://t.me/+WifuIsmgI7o5Nzg1,Media
2026-01-27T03:57:39.443654,divyaagarwal_official_1767614231_424785302.mp4,https://t.me/+WifuIsmgI7o5Nzg1,Media
2026-01-27T03:57:39.444659,divyaagarwal_official_1767628782_424785302.jpg,https://t.me/+WifuIsmgI7o5Nzg1,Media
2026-01-27T03:57:39.445671,divyaagarwal_official_1767684861_424785302.mp4,https://t.me/+WifuIsmgI7o5Nzg1,Media
2026-01-27T03:57:39.446659,divyaagarwal_official_1767693211_424785302.mp4,https://t.me/+WifuIsmgI7o5Nzg1,Media
2026-01-27T03:57:39.446659,divyaagarwal_official_1767706262_424785302.mp4,https://t.me/+WifuIsmgI7o5Nzg1,Media
2026-01-27T03:57:39.447659,divyaagarwal_official_1767708546_3804133838042187874_424785302.mp4,https://t.me/+WifuIsmgI7o5Nzg1,Media
2026-01-27T04:03:54.718444,divyaagarwal_official_1767708926_424785302.mp4,https://t.me/+WifuIsmgI7o5Nzg1,Media
2026-01-27T04:34:50.382900,falaqnaazz_1766749288_3796090623795923358_1071497588.jpg,https://t.me/+wng9GEptZaI0ZGU1,Media
2026-01-27T04:34:50.383898,falaqnaazz_1766749288_3796090623795930917_1071497588.jpg,https://t.me/+wng9GEptZaI0ZGU1,Media
2026-01-27T04:34:50.384906,falaqnaazz_1766749288_3796090623795945843_1071497588.jpg,https://t.me/+wng9GEptZaI0ZGU1,Media
2026-01-27T04:34:50.385899,falaqnaazz_1766749288_3796090623795946703_1071497588.jpg,https://t.me/+wng9GEptZaI0ZGU1,Media
2026-01-27T04:34:50.386898,falaqnaazz_1766749288_3796090623795962669_1071497588.jpg,https://t.me/+wng9GEptZaI0ZGU1,Media
2026-01-27T04:34:50.386898,falaqnaazz_1766749288_3796090623871482023_1071497588.jpg,https://t.me/+wng9GEptZaI0ZGU1,Media
2026-01-27T04:34:50.387898,falaqnaazz_1766749288_3796090624047599806_1071497588.jpg,https://t.me/+wng9GEptZaI0ZGU1,Media
2026-01-27T04:34:50.388909,falaqnaazz_1766757413_3796158382768706712_1071497588.mp4,https://t.me/+wng9GEptZaI0ZGU1,Media
2026-01-27T04:34:50.388909,falaqnaazz_1766817563_3796662879752347571_1071497588.mp4,https://t.me/+wng9GEptZaI0ZGU1,Media
2026-01-27T04:34:50.392906,falaqnaazz_1766859604_3797015504763009952_1071497588.mp4,https://t.me/+wng9GEptZaI0ZGU1,Media
2026-01-27T05:24:31.831848,falaqnaazz_1766927011_3797580553445476707_1071497588.mp4,https://t.me/+wng9GEptZaI0ZGU1,Media
2026-01-27T05:24:31.834103,falaqnaazz_1767017828_3798341407925354186_1071497588.mp4,https://t.me/+wng9GEptZaI0ZGU1,Media
2026-01-27T05:24:31.837122,falaqnaazz_1767511913_3802487908041788352_1071497588.mp4,https://t.me/+wng9GEptZaI0ZGU1,Media
2026-01-27T05:32:28.875478,gayatribhardwaj___1766648603_1643943691.mp4,https://t.me/+_7eiPr5-RZVmYWRl,Media
2026-01-27T05:32:28.876479,gayatribhardwaj___1766648935_1643943691.mp4,https://t.me/+_7eiPr5-RZVmYWRl,Media
2026-01-27T05:32:28.877485,gayatribhardwaj___1766648989_1643943691.mp4,https://t.me/+_7eiPr5-RZVmYWRl,Media
2026-01-27T05:32:28.878487,gayatribhardwaj___1766654597_1643943691.jpg,https://t.me/+_7eiPr5-RZVmYWRl,Media
2026-01-27T05:32:28.879486,gayatribhardwaj___1766699963_1643943691.mp4,https://t.me/+_7eiPr5-RZVmYWRl,Media
2026-01-27T05:32:28.880485,gayatribhardwaj___1766735827_1643943691.mp4,https://t.me/+_7eiPr5-RZVmYWRl,Media
2026-01-27T05:32:28.882485,gayatribhardwaj___1766763979_1643943691.mp4,https://t.me/+_7eiPr5-RZVmYWRl,Media
2026-01-27T05:32:28.883485,gayatribhardwaj___1766764389_1643943691.mp4,https://t.me/+_7eiPr5-RZVmYWRl,Media
2026-01-27T05:32:28.884485,gayatribhardwaj___1766764534_1643943691.mp4,https://t.me/+_7eiPr5-RZVmYWRl,Media
2026-01-27T05:32:28.885485,gayatribhardwaj___1766772081_1643943691.jpg,https://t.me/+_7eiPr5-RZVmYWRl,Media
2026-01-27T05:34:09.229280,gayatribhardwaj___1766773804_1643943691.jpg,https://t.me/+_7eiPr5-RZVmYWRl,Media
2026-01-27T05:34:09.229280,gayatribhardwaj___1766847229_3796912088518794154_1643943691.mp4,https://t.me/+_7eiPr5-RZVmYWRl,Media
2026-01-27T05:34:09.231287,gayatribhardwaj___1766847229_3796912127953643729_1643943691.mp4,https://t.me/+_7eiPr5-RZVmYWRl,Media
2026-01-27T05:34:09.232289,gayatribhardwaj___1766847229_3796912216923213416_1643943691.jpg,https://t.me/+_7eiPr5-RZVmYWRl,Media
2026-01-27T05:34:09.233280,gayatribhardwaj___1766847229_3796912216931601344_1643943691.jpg,https://t.me/+_7eiPr5-RZVmYWRl,Media
2026-01-27T05:34:09.234287,gayatribhardwaj___1766847229_3796912216931604770_1643943691.jpg,https://t.me/+_7eiPr5-RZVmYWRl,Media
2026-01-27T05:34:09.235287,gayatribhardwaj___1766847229_3796912216939988257_1643943691.jpg,https://t.me/+_7eiPr5-RZVmYWRl,Media
2026-01-27T05:34:09.236280,gayatribhardwaj___1766847229_3796912216948363348_1643943691.jpg,https://t.me/+_7eiPr5-RZVmYWRl,Media
2026-01-27T05:34:09.236280,gayatribhardwaj___1766847229_3796912216948373812_1643943691.jpg,https://t.me/+_7eiPr5-RZVmYWRl,Media
2026-01-27T05:34:09.237280,gayatribhardwaj___1766847229_3796912216956747265_1643943691.jpg,https://t.me/+_7eiPr5-RZVmYWRl,Media
2026-01-27T05:36:36.140799,gayatribhardwaj___1766847229_3796912216956756175_1643943691.jpg,https://t.me/+_7eiPr5-RZVmYWRl,Media
2026-01-27T05:36:36.141789,gayatribhardwaj___1766847229_3796912216956788144_1643943691.jpg,https://t.me/+_7eiPr5-RZVmYWRl,Media
2026-01-27T05:36:36.142789,gayatribhardwaj___1766847229_3796912216965159846_1643943691.jpg,https://t.me/+_7eiPr5-RZVmYWRl,Media
2026-01-27T05:36:36.143789,gayatribhardwaj___1766847229_3796912216965174381_1643943691.jpg,https://t.me/+_7eiPr5-RZVmYWRl,Media
2026-01-27T05:36:36.143789,gayatribhardwaj___1766847229_3796912217023865407_1643943691.jpg,https://t.me/+_7eiPr5-RZVmYWRl,Media
2026-01-27T05:36:36.144788,gayatribhardwaj___1766847229_3796912217124531671_1643943691.jpg,https://t.me/+_7eiPr5-RZVmYWRl,Media
2026-01-27T05:36:36.146789,gayatribhardwaj___1767029602_1643943691.jpg,https://t.me/+_7eiPr5-RZVmYWRl,Media
2026-01-27T05:36:36.147788,gayatribhardwaj___1767029693_1643943691.mp4,https://t.me/+_7eiPr5-RZVmYWRl,Media
2026-01-27T05:36:36.148789,gayatribhardwaj___1767029817_1643943691.jpg,https://t.me/+_7eiPr5-RZVmYWRl,Media
2026-01-27T05:36:36.148789,gayatribhardwaj___1767030115_1643943691.jpg,https://t.me/+_7eiPr5-RZVmYWRl,Media
2026-01-27T05:37:00.205196,gayatribhardwaj___1767030180_1643943691.jpg,https://t.me/+_7eiPr5-RZVmYWRl,Media
2026-01-27T05:37:00.206197,gayatribhardwaj___1767278677_1643943691.mp4,https://t.me/+_7eiPr5-RZVmYWRl,Media
2026-01-27T05:37:26.439917,handemiyy_1766651240_253160049.mp4,https://t.me/+3gAmekr1B7BlN2E1,Media
2026-01-27T05:37:26.440917,handemiyy_1766696800_253160049.jpg,https://t.me/+3gAmekr1B7BlN2E1,Media
2026-01-27T05:39:48.446041,hegdepooja_1766732575_287472860.mp4,https://t.me/+efgOUxY9pA03N2Vl,Media
2026-01-27T05:39:48.447070,hegdepooja_1766733565_287472860.mp4,https://t.me/+efgOUxY9pA03N2Vl,Media
2026-01-27T05:39:48.448032,hegdepooja_1766734057_287472860.jpg,https://t.me/+efgOUxY9pA03N2Vl,Media
2026-01-27T05:39:48.449039,hegdepooja_1766762258_287472860.jpg,https://t.me/+efgOUxY9pA03N2Vl,Media
2026-01-27T05:39:48.449039,hegdepooja_1766769013_287472860.jpg,https://t.me/+efgOUxY9pA03N2Vl,Media
2026-01-27T05:39:48.450032,hegdepooja_1766769450_287472860.mp4,https://t.me/+efgOUxY9pA03N2Vl,Media
2026-01-27T05:39:48.451039,hegdepooja_1766808540_287472860.mp4,https://t.me/+efgOUxY9pA03N2Vl,Media
2026-01-27T05:39:48.452040,hegdepooja_1766808595_287472860.mp4,https://t.me/+efgOUxY9pA03N2Vl,Media
2026-01-27T05:39:48.453038,hegdepooja_1766810918_287472860.mp4,https://t.me/+efgOUxY9pA03N2Vl,Media
2026-01-27T05:39:48.454032,hegdepooja_1766819101_287472860.jpg,https://t.me/+efgOUxY9pA03N2Vl,Media
2026-01-27T05:47:10.016931,hegdepooja_1766823216_287472860.mp4,https://t.me/+efgOUxY9pA03N2Vl,Media
2026-01-27T05:47:10.017905,hegdepooja_1766823284_287472860.mp4,https://t.me/+efgOUxY9pA03N2Vl,Media
2026-01-27T05:47:10.018874,hegdepooja_1766824431_287472860.mp4,https://t.me/+efgOUxY9pA03N2Vl,Media
2026-01-27T05:47:10.019903,hegdepooja_1766835938_287472860.jpg,https://t.me/+efgOUxY9pA03N2Vl,Media
2026-01-27T05:47:10.020955,hegdepooja_1766857070_287472860.jpg,https://t.me/+efgOUxY9pA03N2Vl,Media
2026-01-27T05:47:10.021910,hegdepooja_1766857129_287472860.jpg,https://t.me/+efgOUxY9pA03N2Vl,Media
2026-01-27T05:47:10.021910,hegdepooja_1766874485_287472860 (1).mp4,https://t.me/+efgOUxY9pA03N2Vl,Media
2026-01-27T05:47:10.022897,hegdepooja_1766874485_287472860.mp4,https://t.me/+efgOUxY9pA03N2Vl,Media
2026-01-27T05:47:10.025099,hegdepooja_1766914570_287472860.mp4,https://t.me/+efgOUxY9pA03N2Vl,Media
2026-01-27T05:47:10.025099,hegdepooja_1766918064_287472860.mp4,https://t.me/+efgOUxY9pA03N2Vl,Media
2026-01-27T05:55:11.019687,hegdepooja_1766943082_287472860.mp4,https://t.me/+efgOUxY9pA03N2Vl,Media
2026-01-27T05:55:11.020686,hegdepooja_1766943203_287472860.mp4,https://t.me/+efgOUxY9pA03N2Vl,Media
2026-01-27T05:55:11.021687,hegdepooja_1766943285_287472860.mp4,https://t.me/+efgOUxY9pA03N2Vl,Media
2026-01-27T05:55:11.023687,hegdepooja_1766944309_287472860.mp4,https://t.me/+efgOUxY9pA03N2Vl,Media
2026-01-27T05:55:11.024694,hegdepooja_1767034028_287472860.mp4,https://t.me/+efgOUxY9pA03N2Vl,Media
2026-01-27T05:55:11.025693,hegdepooja_1767034858_287472860.mp4,https://t.me/+efgOUxY9pA03N2Vl,Media
2026-01-27T05:55:11.027694,hegdepooja_1767080248_287472860.mp4,https://t.me/+efgOUxY9pA03N2Vl,Media
2026-01-27T05:55:11.028694,hegdepooja_1767080306_287472860.mp4,https://t.me/+efgOUxY9pA03N2Vl,Media
2026-01-27T05:55:11.028694,hegdepooja_1767080401_287472860.jpg,https://t.me/+efgOUxY9pA03N2Vl,Media
2026-01-27T05:55:11.029694,hegdepooja_1767276620_287472860.jpg,https://t.me/+efgOUxY9pA03N2Vl,Media
2026-01-27T06:01:49.402666,hegdepooja_1767276799_287472860.jpg,https://t.me/+efgOUxY9pA03N2Vl,Media
2026-01-27T06:01:49.403667,hegdepooja_1767335574_3801008205145479382_287472860.mp4,https://t.me/+efgOUxY9pA03N2Vl,Media
2026-01-27T06:06:59.535670,hetvisolanki27_1766639532_8059711216.mp4,https://t.me/+HWO3Ej8ADLw0OGRl,Media
2026-01-27T06:06:59.536663,hetvisolanki27_1766640367_8059711216.mp4,https://t.me/+HWO3Ej8ADLw0OGRl,Media
2026-01-27T06:06:59.536663,hetvisolanki27_1766661072_8059711216.jpg,https://t.me/+HWO3Ej8ADLw0OGRl,Media
2026-01-27T06:06:59.539096,hetvisolanki27_1766661603_8059711216.mp4,https://t.me/+HWO3Ej8ADLw0OGRl,Media
2026-01-27T06:06:59.540103,hetvisolanki27_1766686384_8059711216.mp4,https://t.me/+HWO3Ej8ADLw0OGRl,Media
2026-01-27T06:06:59.541102,hetvisolanki27_1766856768_8059711216.mp4,https://t.me/+HWO3Ej8ADLw0OGRl,Media
2026-01-27T06:06:59.543104,hetvisolanki27_1766856852_8059711216.mp4,https://t.me/+HWO3Ej8ADLw0OGRl,Media
2026-01-27T06:06:59.545097,hetvisolanki27_1766857361_8059711216.jpg,https://t.me/+HWO3Ej8ADLw0OGRl,Media
2026-01-27T06:06:59.546101,hetvisolanki27_1766858161_8059711216.mp4,https://t.me/+HWO3Ej8ADLw0OGRl,Media
2026-01-27T06:06:59.547104,hetvisolanki27_1766858472_8059711216.mp4,https://t.me/+HWO3Ej8ADLw0OGRl,Media
2026-01-27T06:12:27.968097,hetvisolanki27_1766861513_8059711216.mp4,https://t.me/+HWO3Ej8ADLw0OGRl,Media
2026-01-27T06:12:27.971096,hetvisolanki27_1766895980_8059711216.mp4,https://t.me/+HWO3Ej8ADLw0OGRl,Media
2026-01-27T06:12:27.971096,hetvisolanki27_1766901725_8059711216.mp4,https://t.me/+HWO3Ej8ADLw0OGRl,Media
2026-01-27T06:12:27.974605,hetvisolanki27_1766905200_8059711216.mp4,https://t.me/+HWO3Ej8ADLw0OGRl,Media
2026-01-27T06:12:27.974605,hetvisolanki27_1766928030_8059711216.jpg,https://t.me/+HWO3Ej8ADLw0OGRl,Media
2026-01-27T06:12:27.975605,hetvisolanki27_1767368654_8059711216.jpg,https://t.me/+HWO3Ej8ADLw0OGRl,Media
2026-01-27T06:12:27.976604,hetvisolanki27_1767376559_8059711216.mp4,https://t.me/+HWO3Ej8ADLw0OGRl,Media
2026-01-27T06:12:27.977605,hetvisolanki27_1767378697_8059711216.jpg,https://t.me/+HWO3Ej8ADLw0OGRl,Media
2026-01-27T06:12:27.978604,hetvisolanki27_1767669151_8059711216.jpg,https://t.me/+HWO3Ej8ADLw0OGRl,Media
2026-01-27T06:12:27.978604,hetvisolanki27_1767669166_8059711216.jpg,https://t.me/+HWO3Ej8ADLw0OGRl,Media
2026-01-27T06:14:17.743651,hetvisolanki27_1767692413_8059711216.mp4,https://t.me/+HWO3Ej8ADLw0OGRl,Media
2026-01-27T06:14:17.744650,hetvisolanki27_1767693978_8059711216.mp4,https://t.me/+HWO3Ej8ADLw0OGRl,Media
2026-01-27T06:14:17.746650,hetvisolanki27_1767698580_8059711216.mp4,https://t.me/+HWO3Ej8ADLw0OGRl,Media
2026-01-27T06:18:04.266688,realhinakhan_1767040928_4315071119.mp4,https://t.me/+Qkh2v98Vnb01MmRl,Media
2026-01-27T06:18:04.267688,realhinakhan_1767070764_4315071119.mp4,https://t.me/+Qkh2v98Vnb01MmRl,Media
2026-01-27T06:18:04.267688,realhinakhan_1767073476_4315071119.mp4,https://t.me/+Qkh2v98Vnb01MmRl,Media
2026-01-27T06:18:04.269689,realhinakhan_1767073736_4315071119.mp4,https://t.me/+Qkh2v98Vnb01MmRl,Media
2026-01-27T06:18:04.270688,realhinakhan_1767080051_4315071119.mp4,https://t.me/+Qkh2v98Vnb01MmRl,Media
2026-01-27T06:18:04.271686,realhinakhan_1767081695_4315071119.mp4,https://t.me/+Qkh2v98Vnb01MmRl,Media
2026-01-27T06:18:04.273690,realhinakhan_1767083140_4315071119.jpg,https://t.me/+Qkh2v98Vnb01MmRl,Media
2026-01-27T06:18:04.274692,realhinakhan_1767087302_4315071119.jpg,https://t.me/+Qkh2v98Vnb01MmRl,Media
2026-01-27T06:18:04.275691,realhinakhan_1767088357_4315071119.jpg,https://t.me/+Qkh2v98Vnb01MmRl,Media
2026-01-27T06:18:04.276733,realhinakhan_1767586133_4315071119.mp4,https://t.me/+Qkh2v98Vnb01MmRl,Media
2026-01-27T06:18:13.427353,realhinakhan_1767602036_4315071119.jpg,https://t.me/+Qkh2v98Vnb01MmRl,Media
2026-01-27T06:18:13.428289,realhinakhan_1767616883_4315071119.mp4,https://t.me/+Qkh2v98Vnb01MmRl,Media
2026-01-27T06:18:13.429317,realhinakhan_1767620331_4315071119.jpg,https://t.me/+Qkh2v98Vnb01MmRl,Media
2026-01-27T07:48:41.163526,hritx.16_1766066938_3789018599122950280_1501932490.mp4,https://t.me/+v2rVySun3n5mODc1,Media
2026-01-27T07:48:41.164524,hritx.16_1766585324_3794035663801251476_1501932490.mp4,https://t.me/+v2rVySun3n5mODc1,Media
2026-01-27T07:48:41.184774,hritx.16_1766627872_1501932490.mp4,https://t.me/+v2rVySun3n5mODc1,Media
2026-01-27T07:48:41.185784,hritx.16_1766628146_1501932490.mp4,https://t.me/+v2rVySun3n5mODc1,Media
2026-01-27T07:48:41.186785,hritx.16_1766637743_1501932490.mp4,https://t.me/+v2rVySun3n5mODc1,Media
2026-01-27T07:48:41.188784,hritx.16_1766647315_1501932490.mp4,https://t.me/+v2rVySun3n5mODc1,Media
2026-01-27T07:48:41.189784,hritx.16_1766692767_1501932490.mp4,https://t.me/+v2rVySun3n5mODc1,Media
2026-01-27T07:48:41.189784,hritx.16_1766693791_1501932490.mp4,https://t.me/+v2rVySun3n5mODc1,Media
2026-01-27T07:48:41.191799,hritx.16_1766694096_1501932490.mp4,https://t.me/+v2rVySun3n5mODc1,Media
2026-01-27T07:48:41.192784,hritx.16_1766695271_1501932490.mp4,https://t.me/+v2rVySun3n5mODc1,Media
2026-01-27T08:07:16.990000,hritx.16_1766724301_1501932490.mp4,https://t.me/+v2rVySun3n5mODc1,Media
2026-01-27T08:07:16.991001,hritx.16_1766724430_1501932490.mp4,https://t.me/+v2rVySun3n5mODc1,Media
2026-01-27T08:07:16.993006,hritx.16_1766757555_3796159570788492556_1501932490.mp4,https://t.me/+v2rVySun3n5mODc1,Media
2026-01-27T08:07:16.997012,hritx.16_1766811934_1501932490.mp4,https://t.me/+v2rVySun3n5mODc1,Media
2026-01-27T08:07:16.998004,hritx.16_1766811965_1501932490.mp4,https://t.me/+v2rVySun3n5mODc1,Media
2026-01-27T08:07:16.999004,hritx.16_1766815340_1501932490.mp4,https://t.me/+v2rVySun3n5mODc1,Media
2026-01-27T08:07:17.000004,hritx.16_1766817801_1501932490.mp4,https://t.me/+v2rVySun3n5mODc1,Media
2026-01-27T08:07:17.001006,hritx.16_1766827953_1501932490.mp4,https://t.me/+v2rVySun3n5mODc1,Media
2026-01-27T08:07:17.002004,hritx.16_1766847257_1501932490.mp4,https://t.me/+v2rVySun3n5mODc1,Media
2026-01-27T08:07:17.003004,hritx.16_1766847340_1501932490.mp4,https://t.me/+v2rVySun3n5mODc1,Media
2026-01-27T08:10:41.025229,hritx.16_1766850618_1501932490.mp4,https://t.me/+v2rVySun3n5mODc1,Media
2026-01-27T08:10:41.027238,hritx.16_1766928550_1501932490.mp4,https://t.me/+v2rVySun3n5mODc1,Media
2026-01-27T08:10:41.028238,hritx.16_1766929192_1501932490.mp4,https://t.me/+v2rVySun3n5mODc1,Media
2026-01-27T08:10:41.029237,hritx.16_1766929303_1501932490.mp4,https://t.me/+v2rVySun3n5mODc1,Media
2026-01-27T08:10:41.030238,hritx.16_1766930730_1501932490.mp4,https://t.me/+v2rVySun3n5mODc1,Media
2026-01-27T08:10:41.030238,hritx.16_1766931480_1501932490.mp4,https://t.me/+v2rVySun3n5mODc1,Media
2026-01-27T08:10:41.032238,hritx.16_1766931569_1501932490.mp4,https://t.me/+v2rVySun3n5mODc1,Media
2026-01-27T08:10:41.033237,hritx.16_1766931644_3797620344287213822_1501932490.jpg,https://t.me/+v2rVySun3n5mODc1,Media
2026-01-27T08:10:41.034238,hritx.16_1766931644_3797620344287227992_1501932490.jpg,https://t.me/+v2rVySun3n5mODc1,Media
2026-01-27T08:10:41.036237,hritx.16_1766931644_3797620344295592963_1501932490.jpg,https://t.me/+v2rVySun3n5mODc1,Media
2026-01-27T08:11:59.741730,hritx.16_1766931644_3797620344295609139_1501932490.jpg,https://t.me/+v2rVySun3n5mODc1,Media
2026-01-27T08:11:59.743730,hritx.16_1766931644_3797620344295610320_1501932490.jpg,https://t.me/+v2rVySun3n5mODc1,Media
2026-01-27T08:11:59.743730,hritx.16_1766931644_3797620344295645678_1501932490.jpg,https://t.me/+v2rVySun3n5mODc1,Media
2026-01-27T08:11:59.745730,hritx.16_1766931644_3797620344304006039_1501932490.jpg,https://t.me/+v2rVySun3n5mODc1,Media
2026-01-27T08:11:59.746730,hritx.16_1766931644_3797620344312401734_1501932490.jpg,https://t.me/+v2rVySun3n5mODc1,Media
2026-01-27T08:11:59.747729,hritx.16_1766931644_3797620344320776392_1501932490.jpg,https://t.me/+v2rVySun3n5mODc1,Media
2026-01-27T08:11:59.748729,hritx.16_1766934952_1501932490.mp4,https://t.me/+v2rVySun3n5mODc1,Media
2026-01-27T08:11:59.749730,hritx.16_1766935065_1501932490.jpg,https://t.me/+v2rVySun3n5mODc1,Media
2026-01-27T08:11:59.750730,hritx.16_1766940921_1501932490.mp4,https://t.me/+v2rVySun3n5mODc1,Media
2026-01-27T08:11:59.751731,hritx.16_1766944361_1501932490.mp4,https://t.me/+v2rVySun3n5mODc1,Media
2026-01-27T08:23:04.031901,hritx.16_1766945145_1501932490.mp4,https://t.me/+v2rVySun3n5mODc1,Media
2026-01-27T08:23:04.033900,hritx.16_1767017858_1501932490.mp4,https://t.me/+v2rVySun3n5mODc1,Media
2026-01-27T08:23:04.035404,hritx.16_1767059807_1501932490.mp4,https://t.me/+v2rVySun3n5mODc1,Media
2026-01-27T08:23:04.036409,hritx.16_1767091904_1501932490.mp4,https://t.me/+v2rVySun3n5mODc1,Media
2026-01-27T08:23:04.038410,hritx.16_1767103081_1501932490.mp4,https://t.me/+v2rVySun3n5mODc1,Media
2026-01-27T08:23:04.039410,hritx.16_1767111398_1501932490.mp4,https://t.me/+v2rVySun3n5mODc1,Media
2026-01-27T08:23:04.040409,hritx.16_1767146471_1501932490.mp4,https://t.me/+v2rVySun3n5mODc1,Media
2026-01-27T08:23:04.041409,hritx.16_1767150457_1501932490.mp4,https://t.me/+v2rVySun3n5mODc1,Media
2026-01-27T08:23:04.042409,hritx.16_1767152448_1501932490.mp4,https://t.me/+v2rVySun3n5mODc1,Media
2026-01-27T08:23:04.043409,hritx.16_1767152577_1501932490.mp4,https://t.me/+v2rVySun3n5mODc1,Media
2026-01-27T08:30:41.650847,hritx.16_1767157219_1501932490.mp4,https://t.me/+v2rVySun3n5mODc1,Media
2026-01-27T08:30:41.651846,hritx.16_1767174382_1501932490.mp4,https://t.me/+v2rVySun3n5mODc1,Media
2026-01-27T08:30:41.652840,hritx.16_1767174835_1501932490.mp4,https://t.me/+v2rVySun3n5mODc1,Media
2026-01-27T08:30:41.652840,hritx.16_1767175456_1501932490.mp4,https://t.me/+v2rVySun3n5mODc1,Media
2026-01-27T08:30:41.654839,hritx.16_1767176116_1501932490.mp4,https://t.me/+v2rVySun3n5mODc1,Media
2026-01-27T08:30:41.655840,hritx.16_1767176201_1501932490.mp4,https://t.me/+v2rVySun3n5mODc1,Media
2026-01-27T08:30:41.657847,hritx.16_1767233645_1501932490.mp4,https://t.me/+v2rVySun3n5mODc1,Media
2026-01-27T08:30:41.659840,hritx.16_1767293742_1501932490.mp4,https://t.me/+v2rVySun3n5mODc1,Media
2026-01-27T08:30:41.660842,hritx.16_1767294452_1501932490.mp4,https://t.me/+v2rVySun3n5mODc1,Media
2026-01-27T08:30:41.661848,hritx.16_1767294577_1501932490.mp4,https://t.me/+v2rVySun3n5mODc1,Media
2026-01-27T08:34:35.784887,hritx.16_1767404675_1501932490.mp4,https://t.me/+v2rVySun3n5mODc1,Media
2026-01-27T08:34:35.785886,hritx.16_1767404859_1501932490.mp4,https://t.me/+v2rVySun3n5mODc1,Media
2026-01-27T08:34:35.787897,hritx.16_1767405257_1501932490.mp4,https://t.me/+v2rVySun3n5mODc1,Media
2026-01-27T08:34:35.788893,hritx.16_1767405560_1501932490.mp4,https://t.me/+v2rVySun3n5mODc1,Media
2026-01-27T08:34:35.788893,hritx.16_1767405882_1501932490.mp4,https://t.me/+v2rVySun3n5mODc1,Media
2026-01-27T08:34:35.790895,hritx.16_1767406869_1501932490.mp4,https://t.me/+v2rVySun3n5mODc1,Media
2026-01-27T08:34:35.790895,hritx.16_1767407151_1501932490.mp4,https://t.me/+v2rVySun3n5mODc1,Media
2026-01-27T08:34:35.791892,hritx.16_1767407217_1501932490.mp4,https://t.me/+v2rVySun3n5mODc1,Media
2026-01-27T08:34:35.792889,hritx.16_1767407411_1501932490.mp4,https://t.me/+v2rVySun3n5mODc1,Media
2026-01-27T08:34:35.793961,hritx.16_1767408749_1501932490.mp4,https://t.me/+v2rVySun3n5mODc1,Media
2026-01-27T08:37:58.151131,hritx.16_1767586253_1501932490.mp4,https://t.me/+v2rVySun3n5mODc1,Media
2026-01-27T08:37:58.152139,hritx.16_1767587747_1501932490.mp4,https://t.me/+v2rVySun3n5mODc1,Media
2026-01-27T08:37:58.153139,hritx.16_1767588316_1501932490.mp4,https://t.me/+v2rVySun3n5mODc1,Media
2026-01-27T08:37:58.154140,hritx.16_1767588609_1501932490.mp4,https://t.me/+v2rVySun3n5mODc1,Media
2026-01-27T08:37:58.155140,hritx.16_1767589157_1501932490.mp4,https://t.me/+v2rVySun3n5mODc1,Media
2026-01-27T08:37:58.156139,hritx.16_1767589322_1501932490.jpg,https://t.me/+v2rVySun3n5mODc1,Media
2026-01-27T08:37:58.156139,hritx.16_1767589474_1501932490.mp4,https://t.me/+v2rVySun3n5mODc1,Media
2026-01-27T08:37:58.157139,hritx.16_1767590175_1501932490.mp4,https://t.me/+v2rVySun3n5mODc1,Media
2026-01-27T08:37:58.158139,hritx.16_1767590417_1501932490.mp4,https://t.me/+v2rVySun3n5mODc1,Media
2026-01-27T08:37:58.160139,hritx.16_1767590868_1501932490.mp4,https://t.me/+v2rVySun3n5mODc1,Media
2026-01-27T08:44:33.106805,hritx.16_1767592759_1501932490.mp4,https://t.me/+v2rVySun3n5mODc1,Media
2026-01-27T08:44:33.107808,hritx.16_1767594084_1501932490.mp4,https://t.me/+v2rVySun3n5mODc1,Media
2026-01-27T08:44:33.109809,hritx.16_1767599098_1501932490.mp4,https://t.me/+v2rVySun3n5mODc1,Media
2026-01-27T08:44:33.111809,hritx.16_1767601946_1501932490.mp4,https://t.me/+v2rVySun3n5mODc1,Media
2026-01-27T08:44:33.112808,hritx.16_1767695478_1501932490.mp4,https://t.me/+v2rVySun3n5mODc1,Media
2026-01-27T08:44:33.113852,hritx.16_1767701444_1501932490.mp4,https://t.me/+v2rVySun3n5mODc1,Media
2026-01-27T08:44:33.114808,hritx.16_1767701488_1501932490.mp4,https://t.me/+v2rVySun3n5mODc1,Media
2026-01-27T08:44:33.114808,hritx.16_1767718209_1501932490.mp4,https://t.me/+v2rVySun3n5mODc1,Media
2026-01-27T08:44:33.116810,hritx.16_1767718418_1501932490.mp4,https://t.me/+v2rVySun3n5mODc1,Media
2026-01-27T08:47:47.748483,hruta12_1766909419_308589865.jpg,https://t.me/+s_2tyz9ZDXk4NTY1,Media
2026-01-27T08:47:47.749482,hruta12_1766910403_308589865.jpg,https://t.me/+s_2tyz9ZDXk4NTY1,Media
2026-01-27T08:47:47.751481,hruta12_1766914473_308589865.mp4,https://t.me/+s_2tyz9ZDXk4NTY1,Media
2026-01-27T08:47:47.752483,hruta12_1766919772_308589865.jpg,https://t.me/+s_2tyz9ZDXk4NTY1,Media
2026-01-27T08:47:47.753481,hruta12_1766939582_308589865.jpg,https://t.me/+s_2tyz9ZDXk4NTY1,Media
2026-01-27T08:47:47.754480,hruta12_1766946606_3797742687235350972_308589865.mp4,https://t.me/+s_2tyz9ZDXk4NTY1,Media
2026-01-27T08:47:47.755480,hruta12_1766947644_308589865.mp4,https://t.me/+s_2tyz9ZDXk4NTY1,Media
2026-01-27T08:47:47.756482,hruta12_1767418695_3801705937304562211_308589865.mp4,https://t.me/+s_2tyz9ZDXk4NTY1,Media
2026-01-27T08:47:47.757482,hruta12_1767418695_3801706022146974838_308589865.jpg,https://t.me/+s_2tyz9ZDXk4NTY1,Media
2026-01-27T08:47:47.758482,hruta12_1767418695_3801706022155356530_308589865.jpg,https://t.me/+s_2tyz9ZDXk4NTY1,Media
2026-01-27T08:47:55.581589,hruta12_1767418695_3801706022172104394_308589865.jpg,https://t.me/+s_2tyz9ZDXk4NTY1,Media
2026-01-27T08:47:55.583548,hruta12_1767418695_3801706022448973811_308589865.jpg,https://t.me/+s_2tyz9ZDXk4NTY1,Media
2026-01-27T08:49:05.802973,khushikapoor_1766630225_2071416049.jpg,https://t.me/+_d3ltDKqmoQwOTU1,Media
2026-01-27T08:49:05.804000,khushikapoor_1766634719_2071416049.jpg,https://t.me/+_d3ltDKqmoQwOTU1,Media
2026-01-27T08:49:05.804974,khushikapoor_1766920394_2071416049.jpg,https://t.me/+_d3ltDKqmoQwOTU1,Media
2026-01-27T08:49:05.805974,khushikapoor_1766928897_2071416049.jpg,https://t.me/+_d3ltDKqmoQwOTU1,Media
2026-01-27T08:49:05.807973,khushikapoor_1767016587_2071416049.jpg,https://t.me/+_d3ltDKqmoQwOTU1,Media
2026-01-27T08:49:05.808974,khushikapoor_1767280343_3800545442308892556_2071416049.jpg,https://t.me/+_d3ltDKqmoQwOTU1,Media
2026-01-27T08:49:05.808974,khushikapoor_1767280343_3800545442308899919_2071416049.jpg,https://t.me/+_d3ltDKqmoQwOTU1,Media
2026-01-27T08:49:05.809973,khushikapoor_1767280343_3800545442308901093_2071416049.jpg,https://t.me/+_d3ltDKqmoQwOTU1,Media
2026-01-27T08:49:05.810974,khushikapoor_1767280343_3800545442308928456_2071416049.jpg,https://t.me/+_d3ltDKqmoQwOTU1,Media
2026-01-27T08:49:05.811974,khushikapoor_1767280343_3800545442308931126_2071416049.jpg,https://t.me/+_d3ltDKqmoQwOTU1,Media
2026-01-27T08:49:41.937906,khushikapoor_1767280343_3800545442308934705_2071416049.jpg,https://t.me/+_d3ltDKqmoQwOTU1,Media
2026-01-27T08:49:41.938910,khushikapoor_1767280343_3800545442392800876_2071416049.jpg,https://t.me/+_d3ltDKqmoQwOTU1,Media
2026-01-27T08:49:41.939930,khushikapoor_1767280343_3800545442476685611_2071416049.jpg,https://t.me/+_d3ltDKqmoQwOTU1,Media
2026-01-27T08:49:41.946223,khushikapoor_1767280343_3800545442501836915_2071416049.jpg,https://t.me/+_d3ltDKqmoQwOTU1,Media
2026-01-27T08:49:41.947233,khushikapoor_1767427456_2071416049.jpg,https://t.me/+_d3ltDKqmoQwOTU1,Media
2026-01-27T08:49:41.947233,khushikapoor_1767431123_2071416049.jpg,https://t.me/+_d3ltDKqmoQwOTU1,Media
2026-01-27T08:51:11.066708,jannatzubair29_1766648274_2160151386.jpg,https://t.me/+HKA6h3BrlB0wYmFl,Media
2026-01-27T08:51:11.068711,jannatzubair29_1766649231_2160151386.jpg,https://t.me/+HKA6h3BrlB0wYmFl,Media
2026-01-27T08:51:11.070798,jannatzubair29_1766671989_2160151386.mp4,https://t.me/+HKA6h3BrlB0wYmFl,Media
2026-01-27T08:51:11.071713,jannatzubair29_1766672022_2160151386.mp4,https://t.me/+HKA6h3BrlB0wYmFl,Media
2026-01-27T08:51:11.073712,jannatzubair29_1766672492_2160151386.mp4,https://t.me/+HKA6h3BrlB0wYmFl,Media
2026-01-27T08:51:11.073712,jannatzubair29_1766680982_2160151386.mp4,https://t.me/+HKA6h3BrlB0wYmFl,Media
2026-01-27T08:51:11.074712,jannatzubair29_1766730741_2160151386.mp4,https://t.me/+HKA6h3BrlB0wYmFl,Media
2026-01-27T08:51:11.075713,jannatzubair29_1766742173_3796030939126682883_2160151386.jpg,https://t.me/+HKA6h3BrlB0wYmFl,Media
2026-01-27T08:51:11.077718,jannatzubair29_1766742173_3796030939135018634_2160151386.jpg,https://t.me/+HKA6h3BrlB0wYmFl,Media
2026-01-27T08:51:11.077718,jannatzubair29_1766742173_3796030939135031134_2160151386.jpg,https://t.me/+HKA6h3BrlB0wYmFl,Media
2026-01-27T08:55:31.943633,jannatzubair29_1766742173_3796030939135042282_2160151386.jpg,https://t.me/+HKA6h3BrlB0wYmFl,Media
2026-01-27T08:55:31.944630,jannatzubair29_1766742173_3796030939135068566_2160151386.jpg,https://t.me/+HKA6h3BrlB0wYmFl,Media
2026-01-27T08:55:31.945649,jannatzubair29_1766742173_3796030939135069975_2160151386.jpg,https://t.me/+HKA6h3BrlB0wYmFl,Media
2026-01-27T08:55:31.946649,jannatzubair29_1766742173_3796030939143433564_2160151386.jpg,https://t.me/+HKA6h3BrlB0wYmFl,Media
2026-01-27T08:55:31.947635,jannatzubair29_1766742173_3796030939160235387_2160151386.jpg,https://t.me/+HKA6h3BrlB0wYmFl,Media
2026-01-27T08:55:31.948628,jannatzubair29_1766742173_3796030939168613975_2160151386.jpg,https://t.me/+HKA6h3BrlB0wYmFl,Media
2026-01-27T08:55:31.949633,jannatzubair29_1766764240_2160151386.mp4,https://t.me/+HKA6h3BrlB0wYmFl,Media
2026-01-27T08:55:31.950646,jannatzubair29_1766820606_3796688887020832941_2160151386.jpg,https://t.me/+HKA6h3BrlB0wYmFl,Media
2026-01-27T08:55:31.950646,jannatzubair29_1766820606_3796688887230518922_2160151386.jpg,https://t.me/+HKA6h3BrlB0wYmFl,Media
2026-01-27T08:55:31.952719,jannatzubair29_1767190768_3799794030775900315_2160151386.jpg,https://t.me/+HKA6h3BrlB0wYmFl,Media
2026-01-27T08:56:32.182933,jannatzubair29_1767190768_3799794030775937493_2160151386.jpg,https://t.me/+HKA6h3BrlB0wYmFl,Media
2026-01-27T08:56:32.183894,jannatzubair29_1767190768_3799794030775951490_2160151386.jpg,https://t.me/+HKA6h3BrlB0wYmFl,Media
2026-01-27T08:56:32.184892,jannatzubair29_1767190768_3799794030784292263_2160151386.jpg,https://t.me/+HKA6h3BrlB0wYmFl,Media
2026-01-27T08:56:32.185893,jannatzubair29_1767190768_3799794030784292534_2160151386.jpg,https://t.me/+HKA6h3BrlB0wYmFl,Media
2026-01-27T08:56:32.186894,jannatzubair29_1767190768_3799794030784313282_2160151386.jpg,https://t.me/+HKA6h3BrlB0wYmFl,Media
2026-01-27T08:56:32.187893,jannatzubair29_1767190768_3799794030784313482_2160151386.jpg,https://t.me/+HKA6h3BrlB0wYmFl,Media
2026-01-27T08:56:32.188893,jannatzubair29_1767190768_3799794030784324618_2160151386.jpg,https://t.me/+HKA6h3BrlB0wYmFl,Media
2026-01-27T08:56:32.189892,jannatzubair29_1767190768_3799794030784330243_2160151386.jpg,https://t.me/+HKA6h3BrlB0wYmFl,Media
2026-01-27T08:56:32.189892,jannatzubair29_1767190768_3799794030784339284_2160151386.jpg,https://t.me/+HKA6h3BrlB0wYmFl,Media
2026-01-27T08:56:32.191893,jannatzubair29_1767190768_3799794030784341516_2160151386.jpg,https://t.me/+HKA6h3BrlB0wYmFl,Media
2026-01-27T08:58:34.007233,jannatzubair29_1767190768_3799794030792674044_2160151386.jpg,https://t.me/+HKA6h3BrlB0wYmFl,Media
2026-01-27T08:58:34.009257,jannatzubair29_1767190768_3799794030792679116_2160151386.jpg,https://t.me/+HKA6h3BrlB0wYmFl,Media
2026-01-27T08:58:34.010233,jannatzubair29_1767190768_3799794030792679522_2160151386.jpg,https://t.me/+HKA6h3BrlB0wYmFl,Media
2026-01-27T08:58:34.011238,jannatzubair29_1767190768_3799794030792719187_2160151386.jpg,https://t.me/+HKA6h3BrlB0wYmFl,Media
2026-01-27T08:58:34.012240,jannatzubair29_1767190768_3799794030792721584_2160151386.jpg,https://t.me/+HKA6h3BrlB0wYmFl,Media
2026-01-27T08:58:34.012240,jannatzubair29_1767190768_3799794030792727414_2160151386.jpg,https://t.me/+HKA6h3BrlB0wYmFl,Media
2026-01-27T08:58:34.013239,jannatzubair29_1767190768_3799794030792730875_2160151386.jpg,https://t.me/+HKA6h3BrlB0wYmFl,Media
2026-01-27T08:58:34.014236,jannatzubair29_1767190768_3799794030834667815_2160151386.jpg,https://t.me/+HKA6h3BrlB0wYmFl,Media
2026-01-27T08:58:34.014236,jannatzubair29_1767190768_3799794030993998690_2160151386.jpg,https://t.me/+HKA6h3BrlB0wYmFl,Media
2026-01-27T08:58:34.016235,jannatzubair29_1767263207_3800401572690250902_2160151386.mp4,https://t.me/+HKA6h3BrlB0wYmFl,Media
2026-01-27T09:00:09.155865,jannatzubair29_1767263207_3800401688897819230_2160151386.jpg,https://t.me/+HKA6h3BrlB0wYmFl,Media
2026-01-27T09:00:09.156865,jannatzubair29_1767263207_3800401688906176988_2160151386.jpg,https://t.me/+HKA6h3BrlB0wYmFl,Media
2026-01-27T09:00:09.158865,jannatzubair29_1767263207_3800401688906203222_2160151386.jpg,https://t.me/+HKA6h3BrlB0wYmFl,Media
2026-01-27T09:00:09.158865,jannatzubair29_1767263207_3800401688914596419_2160151386.jpg,https://t.me/+HKA6h3BrlB0wYmFl,Media
2026-01-27T09:00:09.159864,jannatzubair29_1767263207_3800401688914615065_2160151386.jpg,https://t.me/+HKA6h3BrlB0wYmFl,Media
2026-01-27T09:00:09.160875,jannatzubair29_1767263207_3800401688922983898_2160151386.jpg,https://t.me/+HKA6h3BrlB0wYmFl,Media
2026-01-27T09:00:09.161875,jannatzubair29_1767263207_3800401689048825939_2160151386.jpg,https://t.me/+HKA6h3BrlB0wYmFl,Media
2026-01-27T09:00:09.162875,jannatzubair29_1767334740_2160151386.mp4,https://t.me/+HKA6h3BrlB0wYmFl,Media
2026-01-27T09:00:09.163875,jannatzubair29_1767335015_2160151386.jpg,https://t.me/+HKA6h3BrlB0wYmFl,Media
2026-01-27T09:00:09.164879,jannatzubair29_1767537121_3802699447470259804_2160151386.jpg,https://t.me/+HKA6h3BrlB0wYmFl,Media
2026-01-27T09:07:12.849287,jannatzubair29_1767537121_3802699447512182337_2160151386.jpg,https://t.me/+HKA6h3BrlB0wYmFl,Media
2026-01-27T09:07:12.849287,jannatzubair29_1767537121_3802699447528971111_2160151386.jpg,https://t.me/+HKA6h3BrlB0wYmFl,Media
2026-01-27T09:07:12.850792,jannatzubair29_1767699600_3804061300221897377_2160151386.mp4,https://t.me/+HKA6h3BrlB0wYmFl,Media
2026-01-27T09:09:36.325042,jasminbhasin2806_1766629030_748600120.mp4,https://t.me/+bcnPpgOUTQpkMDc1,Media
2026-01-27T09:09:36.326042,jasminbhasin2806_1766631631_748600120.jpg,https://t.me/+bcnPpgOUTQpkMDc1,Media
2026-01-27T09:09:36.327041,jasminbhasin2806_1766636480_748600120.mp4,https://t.me/+bcnPpgOUTQpkMDc1,Media
2026-01-27T09:09:36.328043,jasminbhasin2806_1766655915_748600120.mp4,https://t.me/+bcnPpgOUTQpkMDc1,Media
2026-01-27T09:09:36.329042,jasminbhasin2806_1766659384_748600120.mp4,https://t.me/+bcnPpgOUTQpkMDc1,Media
2026-01-27T09:09:36.330043,jasminbhasin2806_1766662429_748600120.jpg,https://t.me/+bcnPpgOUTQpkMDc1,Media
2026-01-27T09:09:36.330043,jasminbhasin2806_1766689628_748600120.mp4,https://t.me/+bcnPpgOUTQpkMDc1,Media
2026-01-27T09:09:36.331425,jasminbhasin2806_1766689696_748600120.mp4,https://t.me/+bcnPpgOUTQpkMDc1,Media
2026-01-27T09:09:36.332857,jasminbhasin2806_1766695097_748600120.mp4,https://t.me/+bcnPpgOUTQpkMDc1,Media
2026-01-27T09:09:36.333861,jasminbhasin2806_1766873239_748600120.mp4,https://t.me/+bcnPpgOUTQpkMDc1,Media
2026-01-27T09:15:35.566088,jasminbhasin2806_1766911854_748600120.mp4,https://t.me/+bcnPpgOUTQpkMDc1,Media
2026-01-27T09:15:35.567093,jasminbhasin2806_1766926279_748600120.mp4,https://t.me/+bcnPpgOUTQpkMDc1,Media
2026-01-27T09:15:35.569093,jasminbhasin2806_1766926522_748600120.mp4,https://t.me/+bcnPpgOUTQpkMDc1,Media
2026-01-27T09:15:35.570093,jasminbhasin2806_1766937434_748600120.mp4,https://t.me/+bcnPpgOUTQpkMDc1,Media
2026-01-27T09:15:35.571093,jasminbhasin2806_1766944981_748600120.mp4,https://t.me/+bcnPpgOUTQpkMDc1,Media
2026-01-27T09:15:35.571093,jasminbhasin2806_1766945719_748600120.mp4,https://t.me/+bcnPpgOUTQpkMDc1,Media
2026-01-27T09:15:35.573092,jasminbhasin2806_1767011106_3798286919789258991_748600120.jpg,https://t.me/+bcnPpgOUTQpkMDc1,Media
2026-01-27T09:15:35.574093,jasminbhasin2806_1767011106_3798286919789301463_748600120.jpg,https://t.me/+bcnPpgOUTQpkMDc1,Media
2026-01-27T09:15:35.575092,jasminbhasin2806_1767011107_3798286919789305388_748600120.jpg,https://t.me/+bcnPpgOUTQpkMDc1,Media
2026-01-27T09:15:35.576093,jasminbhasin2806_1767229045_748600120.mp4,https://t.me/+bcnPpgOUTQpkMDc1,Media
2026-01-27T09:18:08.316914,jasminbhasin2806_1767229161_748600120.mp4,https://t.me/+bcnPpgOUTQpkMDc1,Media
2026-01-27T09:18:08.317915,jasminbhasin2806_1767263746_748600120.mp4,https://t.me/+bcnPpgOUTQpkMDc1,Media
2026-01-27T09:18:08.318916,jasminbhasin2806_1767271520_748600120.jpg,https://t.me/+bcnPpgOUTQpkMDc1,Media
2026-01-27T09:18:08.319915,jasminbhasin2806_1767304065_748600120.jpg,https://t.me/+bcnPpgOUTQpkMDc1,Media
2026-01-27T09:18:08.320915,jasminbhasin2806_1767353113_748600120.mp4,https://t.me/+bcnPpgOUTQpkMDc1,Media
2026-01-27T09:18:08.322015,jasminbhasin2806_1767353499_748600120.mp4,https://t.me/+bcnPpgOUTQpkMDc1,Media
2026-01-27T09:18:08.323019,jasminbhasin2806_1767355592_748600120.mp4,https://t.me/+bcnPpgOUTQpkMDc1,Media
2026-01-27T09:18:08.323019,jasminbhasin2806_1767361220_748600120.jpg,https://t.me/+bcnPpgOUTQpkMDc1,Media
2026-01-27T09:18:08.325020,jasminbhasin2806_1767557905_748600120.jpg,https://t.me/+bcnPpgOUTQpkMDc1,Media
2026-01-27T09:18:08.326027,jasminbhasin2806_1767562511_748600120.mp4,https://t.me/+bcnPpgOUTQpkMDc1,Media
2026-01-27T09:19:27.373205,jaiswalpragya_1766753514_715001496.mp4,https://t.me/+UOK4FXox5qg3YzA1,Media
2026-01-27T09:19:27.374206,jaiswalpragya_1766850138_715001496.mp4,https://t.me/+UOK4FXox5qg3YzA1,Media
2026-01-27T09:19:27.375206,jaiswalpragya_1766858962_3797010636417578863_715001496.jpg,https://t.me/+UOK4FXox5qg3YzA1,Media
2026-01-27T09:19:27.376205,jaiswalpragya_1767017671_3798340154348543297_715001496.mp4,https://t.me/+UOK4FXox5qg3YzA1,Media
2026-01-27T09:19:27.377205,jaiswalpragya_1767017671_3798340163492134792_715001496.mp4,https://t.me/+UOK4FXox5qg3YzA1,Media
2026-01-27T09:19:27.378031,jaiswalpragya_1767017671_3798341984633749850_715001496.jpg,https://t.me/+UOK4FXox5qg3YzA1,Media
2026-01-27T09:19:27.378031,jaiswalpragya_1767017671_3798341984633783019_715001496.jpg,https://t.me/+UOK4FXox5qg3YzA1,Media
2026-01-27T09:19:27.379225,jaiswalpragya_1767017671_3798341984633794548_715001496.jpg,https://t.me/+UOK4FXox5qg3YzA1,Media
2026-01-27T09:19:27.380211,jaiswalpragya_1767017671_3798341984642182065_715001496.jpg,https://t.me/+UOK4FXox5qg3YzA1,Media
2026-01-27T09:19:27.381211,jaiswalpragya_1767017671_3798341984642192059_715001496.jpg,https://t.me/+UOK4FXox5qg3YzA1,Media
2026-01-27T09:21:58.572386,jaiswalpragya_1767017671_3798341984650529444_715001496.jpg,https://t.me/+UOK4FXox5qg3YzA1,Media
2026-01-27T09:21:58.573318,jaiswalpragya_1767017671_3798341984650577452_715001496.jpg,https://t.me/+UOK4FXox5qg3YzA1,Media
2026-01-27T09:21:58.574318,jaiswalpragya_1767017671_3798341984658916483_715001496.jpg,https://t.me/+UOK4FXox5qg3YzA1,Media
2026-01-27T09:21:58.575316,jaiswalpragya_1767017671_3798341984658938320_715001496.jpg,https://t.me/+UOK4FXox5qg3YzA1,Media
2026-01-27T09:21:58.576317,jaiswalpragya_1767017671_3798341984658978181_715001496.jpg,https://t.me/+UOK4FXox5qg3YzA1,Media
2026-01-27T09:21:58.577317,jaiswalpragya_1767017671_3798341984675746933_715001496.jpg,https://t.me/+UOK4FXox5qg3YzA1,Media
2026-01-27T09:21:58.577317,jaiswalpragya_1767017671_3798341984734423116_715001496.jpg,https://t.me/+UOK4FXox5qg3YzA1,Media
2026-01-27T09:21:58.578317,jaiswalpragya_1767017671_3798341984784800753_715001496.jpg,https://t.me/+UOK4FXox5qg3YzA1,Media
2026-01-27T09:21:58.579317,jaiswalpragya_1767109034_715001496.mp4,https://t.me/+UOK4FXox5qg3YzA1,Media
2026-01-27T09:21:58.580326,jaiswalpragya_1767109282_715001496.mp4,https://t.me/+UOK4FXox5qg3YzA1,Media
2026-01-27T09:25:25.537336,jaiswalpragya_1767109481_715001496.mp4,https://t.me/+UOK4FXox5qg3YzA1,Media
2026-01-27T09:25:25.538335,jaiswalpragya_1767110571_715001496.mp4,https://t.me/+UOK4FXox5qg3YzA1,Media
2026-01-27T09:25:25.539761,jaiswalpragya_1767163033_715001496.mp4,https://t.me/+UOK4FXox5qg3YzA1,Media
2026-01-27T09:25:25.540766,jaiswalpragya_1767167417_715001496.mp4,https://t.me/+UOK4FXox5qg3YzA1,Media
2026-01-27T09:25:25.542213,jaiswalpragya_1767177856_715001496.mp4,https://t.me/+UOK4FXox5qg3YzA1,Media
2026-01-27T09:25:25.542213,jaiswalpragya_1767271040_3800467399791895174_715001496.jpg,https://t.me/+UOK4FXox5qg3YzA1,Media
2026-01-27T09:25:25.543427,jaiswalpragya_1767271040_3800467399800304943_715001496.jpg,https://t.me/+UOK4FXox5qg3YzA1,Media
2026-01-27T09:25:25.544485,jaiswalpragya_1767271040_3800467399884185332_715001496.jpg,https://t.me/+UOK4FXox5qg3YzA1,Media
2026-01-27T09:32:10.178526,jiyaashankarofficial_1767119260_446731754.mp4,https://t.me/+4kWWC5pxPP0zNzM9,Media
2026-01-27T09:32:10.179633,jiyaashankarofficial_1767139135_446731754.mp4,https://t.me/+4kWWC5pxPP0zNzM9,Media
2026-01-27T09:32:10.180632,jiyaashankarofficial_1767190231_3799782745631746054_446731754.mp4,https://t.me/+4kWWC5pxPP0zNzM9,Media
2026-01-27T09:32:10.181633,jiyaashankarofficial_1767280014_446731754.mp4,https://t.me/+4kWWC5pxPP0zNzM9,Media
2026-01-27T09:32:10.182633,jiyaashankarofficial_1767280300_446731754.mp4,https://t.me/+4kWWC5pxPP0zNzM9,Media
2026-01-27T09:32:10.183635,jiyaashankarofficial_1767280336_446731754.mp4,https://t.me/+4kWWC5pxPP0zNzM9,Media
2026-01-27T09:32:10.184633,jiyaashankarofficial_1767283622_446731754.mp4,https://t.me/+4kWWC5pxPP0zNzM9,Media
2026-01-27T09:32:10.185633,jiyaashankarofficial_1767305278_446731754.mp4,https://t.me/+4kWWC5pxPP0zNzM9,Media
2026-01-27T09:32:10.185633,jiyaashankarofficial_1767307035_446731754.mp4,https://t.me/+4kWWC5pxPP0zNzM9,Media
2026-01-27T09:32:10.186633,jiyaashankarofficial_1767309109_446731754.mp4,https://t.me/+4kWWC5pxPP0zNzM9,Media
2026-01-27T09:35:20.955672,jiyaashankarofficial_1767309376_446731754.mp4,https://t.me/+4kWWC5pxPP0zNzM9,Media
2026-01-27T09:35:20.957663,jiyaashankarofficial_1767345541_3801091849138127840_446731754.mp4,https://t.me/+4kWWC5pxPP0zNzM9,Media
2026-01-27T09:35:20.958673,jiyaashankarofficial_1767345541_3801092360297906550_446731754.jpg,https://t.me/+4kWWC5pxPP0zNzM9,Media
2026-01-27T09:35:20.960672,jiyaashankarofficial_1767345541_3801092360297937790_446731754.jpg,https://t.me/+4kWWC5pxPP0zNzM9,Media
2026-01-27T09:35:20.961668,jiyaashankarofficial_1767345541_3801092360306298396_446731754.jpg,https://t.me/+4kWWC5pxPP0zNzM9,Media
2026-01-27T09:35:20.962672,jiyaashankarofficial_1767345541_3801092360306321651_446731754.jpg,https://t.me/+4kWWC5pxPP0zNzM9,Media
2026-01-27T09:35:20.963665,jiyaashankarofficial_1767345541_3801092360306322510_446731754.jpg,https://t.me/+4kWWC5pxPP0zNzM9,Media
2026-01-27T09:35:20.964664,jiyaashankarofficial_1767345541_3801092360306348748_446731754.jpg,https://t.me/+4kWWC5pxPP0zNzM9,Media
2026-01-27T09:35:20.965664,jiyaashankarofficial_1767378000_446731754.mp4,https://t.me/+4kWWC5pxPP0zNzM9,Media
2026-01-27T09:37:28.352030,kalyanipriyadarshan_1767156986_336865571.mp4,https://t.me/+IGfU27LGjQtlMTll,Media
2026-01-27T09:37:28.353039,kalyanipriyadarshan_1767161512_336865571.mp4,https://t.me/+IGfU27LGjQtlMTll,Media
2026-01-27T09:37:28.354038,kalyanipriyadarshan_1767269945_336865571.jpg,https://t.me/+IGfU27LGjQtlMTll,Media
2026-01-27T09:37:28.356039,kalyanipriyadarshan_1767271344_336865571.mp4,https://t.me/+IGfU27LGjQtlMTll,Media
2026-01-27T09:38:54.361941,arushi.handa.official_1767178712_3799692898624035080_4357958366.jpg,https://t.me/+RUL1cOmqsAw3OWM1,Media
2026-01-27T09:38:54.363453,arushi.handa.official_1767178712_3799692898632431651_4357958366.jpg,https://t.me/+RUL1cOmqsAw3OWM1,Media
2026-01-27T09:38:54.364461,arushi.handa.official_1767178712_3799692898632459568_4357958366.jpg,https://t.me/+RUL1cOmqsAw3OWM1,Media
2026-01-27T09:38:54.365460,arushi.handa.official_1767178712_3799692898783411016_4357958366.jpg,https://t.me/+RUL1cOmqsAw3OWM1,Media
2026-01-27T09:38:54.366460,arushi.handa.official_1767178712_3799692898783425976_4357958366.jpg,https://t.me/+RUL1cOmqsAw3OWM1,Media
2026-01-27T09:38:54.366460,arushi.handa.official_1767178712_3799692898808569059_4357958366.jpg,https://t.me/+RUL1cOmqsAw3OWM1,Media
2026-01-27T09:38:54.368462,arushi.handa.official_1767178712_3799692898808621823_4357958366.jpg,https://t.me/+RUL1cOmqsAw3OWM1,Media
2026-01-27T09:38:54.369462,arushi.handa.official_1767178712_3799692898833737676_4357958366.jpg,https://t.me/+RUL1cOmqsAw3OWM1,Media
2026-01-27T09:38:54.369462,arushi.handa.official_1767178712_3799692898833740057_4357958366.jpg,https://t.me/+RUL1cOmqsAw3OWM1,Media
2026-01-27T09:38:54.370462,arushi.handa.official_1767178712_3799692898842164150_4357958366.jpg,https://t.me/+RUL1cOmqsAw3OWM1,Media
2026-01-27T09:41:13.819283,arushi.handa.official_1767178712_3799692898858956749_4357958366.jpg,https://t.me/+RUL1cOmqsAw3OWM1,Media
2026-01-27T09:41:13.820282,arushi.handa.official_1767352834_3801153383361892670_4357958366.mp4,https://t.me/+RUL1cOmqsAw3OWM1,Media
2026-01-27T09:41:13.822282,arushi.handa.official_1767352834_3801153538584705139_4357958366.jpg,https://t.me/+RUL1cOmqsAw3OWM1,Media
2026-01-27T09:41:13.823282,arushi.handa.official_1767352834_3801153538609892192_4357958366.jpg,https://t.me/+RUL1cOmqsAw3OWM1,Media
2026-01-27T09:41:13.823282,arushi.handa.official_1767352834_3801153538618276145_4357958366.jpg,https://t.me/+RUL1cOmqsAw3OWM1,Media
2026-01-27T09:41:13.824283,arushi.handa.official_1767352834_3801153538618282350_4357958366.jpg,https://t.me/+RUL1cOmqsAw3OWM1,Media
2026-01-27T09:41:13.825283,arushi.handa.official_1767352834_3801153538786001678_4357958366.jpg,https://t.me/+RUL1cOmqsAw3OWM1,Media
2026-01-27T09:41:13.826282,arushi.handa.official_1767352834_3801153538786007645_4357958366.jpg,https://t.me/+RUL1cOmqsAw3OWM1,Media
2026-01-27T09:41:13.826282,arushi.handa.official_1767352834_3801153538802778366_4357958366.jpg,https://t.me/+RUL1cOmqsAw3OWM1,Media
2026-01-27T09:41:13.827786,arushi.handa.official_1767352834_3801153538802795138_4357958366.jpg,https://t.me/+RUL1cOmqsAw3OWM1,Media
2026-01-27T09:43:11.896922,arushi.handa.official_1767352834_3801153538802803335_4357958366.jpg,https://t.me/+RUL1cOmqsAw3OWM1,Media
2026-01-27T09:43:11.897926,arushi.handa.official_1767352834_3801153538802829589_4357958366.jpg,https://t.me/+RUL1cOmqsAw3OWM1,Media
2026-01-27T09:43:11.898922,arushi.handa.official_1767352834_3801153538811191680_4357958366.jpg,https://t.me/+RUL1cOmqsAw3OWM1,Media
2026-01-27T09:43:11.899930,arushi.handa.official_1767399314_4357958366.mp4,https://t.me/+RUL1cOmqsAw3OWM1,Media
2026-01-27T09:43:11.900922,arushi.handa.official_1767407444_4357958366.mp4,https://t.me/+RUL1cOmqsAw3OWM1,Media
2026-01-27T09:43:11.900922,arushi.handa.official_1767411012_4357958366.mp4,https://t.me/+RUL1cOmqsAw3OWM1,Media
2026-01-27T09:43:11.901922,arushi.handa.official_1767432355_4357958366.mp4,https://t.me/+RUL1cOmqsAw3OWM1,Media
2026-01-27T09:43:11.902925,arushi.handa.official_1767457700_4357958366.mp4,https://t.me/+RUL1cOmqsAw3OWM1,Media
2026-01-27T09:43:11.903927,officialkanikamann_1766640116_1423814056.jpg,https://t.me/+RUL1cOmqsAw3OWM1,Media
2026-01-27T09:43:11.904926,officialkanikamann_1766640322_1423814056.jpg,https://t.me/+RUL1cOmqsAw3OWM1,Media
2026-01-27T09:46:16.223071,officialkanikamann_1766640561_1423814056.mp4,https://t.me/+RUL1cOmqsAw3OWM1,Media
2026-01-27T09:46:16.224071,officialkanikamann_1766654079_1423814056.mp4,https://t.me/+RUL1cOmqsAw3OWM1,Media
2026-01-27T09:46:16.225071,officialkanikamann_1766654582_1423814056.mp4,https://t.me/+RUL1cOmqsAw3OWM1,Media
2026-01-27T09:46:16.226070,officialkanikamann_1766864880_1423814056.mp4,https://t.me/+RUL1cOmqsAw3OWM1,Media
2026-01-27T09:46:16.227080,officialkanikamann_1766871952_1423814056.mp4,https://t.me/+RUL1cOmqsAw3OWM1,Media
2026-01-27T09:46:16.227080,officialkanikamann_1767244736_3800246408649962488_1423814056.mp4,https://t.me/+RUL1cOmqsAw3OWM1,Media
2026-01-27T09:46:16.228071,officialkanikamann_1767245187_1423814056.mp4,https://t.me/+RUL1cOmqsAw3OWM1,Media
2026-01-27T09:46:16.229078,officialkanikamann_1767245252_1423814056.mp4,https://t.me/+RUL1cOmqsAw3OWM1,Media
2026-01-27T09:46:16.231072,officialkanikamann_1767345680_1423814056.mp4,https://t.me/+RUL1cOmqsAw3OWM1,Media
2026-01-27T09:46:16.232218,officialkanikamann_1767349149_1423814056.jpg,https://t.me/+RUL1cOmqsAw3OWM1,Media
2026-01-27T09:50:11.983828,tejasswiprakash_1766645992_1325979909.jpg,https://t.me/+RUL1cOmqsAw3OWM1,Media
2026-01-27T09:50:11.985901,tejasswiprakash_1766672005_1325979909.jpg,https://t.me/+RUL1cOmqsAw3OWM1,Media
2026-01-27T09:50:11.987827,tejasswiprakash_1766672049_1325979909.jpg,https://t.me/+RUL1cOmqsAw3OWM1,Media
2026-01-27T09:50:11.988829,tejasswiprakash_1766672108_1325979909.mp4,https://t.me/+RUL1cOmqsAw3OWM1,Media
2026-01-27T09:50:11.988829,tejasswiprakash_1766672336_1325979909.mp4,https://t.me/+RUL1cOmqsAw3OWM1,Media
2026-01-27T09:50:11.989828,tejasswiprakash_1766683534_1325979909.jpg,https://t.me/+RUL1cOmqsAw3OWM1,Media
2026-01-27T09:50:11.990854,tejasswiprakash_1766684185_1325979909.jpg,https://t.me/+RUL1cOmqsAw3OWM1,Media
2026-01-27T09:50:11.991827,tejasswiprakash_1766684196_1325979909.jpg,https://t.me/+RUL1cOmqsAw3OWM1,Media
2026-01-27T09:50:11.992828,tejasswiprakash_1766830548_1325979909.mp4,https://t.me/+RUL1cOmqsAw3OWM1,Media
2026-01-27T09:50:11.992828,tejasswiprakash_1766924473_1325979909.mp4,https://t.me/+RUL1cOmqsAw3OWM1,Media
2026-01-27T10:01:59.545671,tejasswiprakash_1766925323_1325979909.jpg,https://t.me/+RUL1cOmqsAw3OWM1,Media
2026-01-27T10:01:59.546671,tejasswiprakash_1767014874_1325979909.mp4,https://t.me/+RUL1cOmqsAw3OWM1,Media
2026-01-27T10:01:59.548678,tejasswiprakash_1767031777_1325979909.jpg,https://t.me/+RUL1cOmqsAw3OWM1,Media
2026-01-27T10:01:59.549670,tejasswiprakash_1767036932_1325979909.mp4,https://t.me/+RUL1cOmqsAw3OWM1,Media
2026-01-27T10:01:59.549670,tejasswiprakash_1767037157_1325979909.jpg,https://t.me/+RUL1cOmqsAw3OWM1,Media
2026-01-27T10:01:59.550682,tejasswiprakash_1767037301_1325979909.mp4,https://t.me/+RUL1cOmqsAw3OWM1,Media
2026-01-27T10:01:59.552671,tejasswiprakash_1767037996_1325979909.mp4,https://t.me/+RUL1cOmqsAw3OWM1,Media
2026-01-27T10:01:59.553670,tejasswiprakash_1767038792_1325979909.mp4,https://t.me/+RUL1cOmqsAw3OWM1,Media
2026-01-27T10:01:59.554669,tejasswiprakash_1767039641_1325979909.mp4,https://t.me/+RUL1cOmqsAw3OWM1,Media
2026-01-27T10:01:59.555677,tejasswiprakash_1767040106_1325979909.mp4,https://t.me/+RUL1cOmqsAw3OWM1,Media
2026-01-27T10:13:14.884488,tejasswiprakash_1767040723_1325979909.mp4,https://t.me/+RUL1cOmqsAw3OWM1,Media
2026-01-27T10:13:14.886427,tejasswiprakash_1767041354_1325979909.mp4,https://t.me/+RUL1cOmqsAw3OWM1,Media
2026-01-27T10:13:14.897891,tejasswiprakash_1767128556_1325979909.mp4,https://t.me/+RUL1cOmqsAw3OWM1,Media
2026-01-27T10:13:14.898899,tejasswiprakash_1767267642_1325979909.mp4,https://t.me/+RUL1cOmqsAw3OWM1,Media
2026-01-27T10:13:14.900899,tejasswiprakash_1767267650_1325979909.jpg,https://t.me/+RUL1cOmqsAw3OWM1,Media
2026-01-27T10:13:14.901899,tejasswiprakash_1767268200_1325979909.mp4,https://t.me/+RUL1cOmqsAw3OWM1,Media
2026-01-27T10:13:14.902892,tejasswiprakash_1767270379_1325979909.mp4,https://t.me/+RUL1cOmqsAw3OWM1,Media
2026-01-27T10:13:14.903892,tejasswiprakash_1767282746_1325979909.mp4,https://t.me/+RUL1cOmqsAw3OWM1,Media
2026-01-27T10:13:14.904891,tejasswiprakash_1767282757_1325979909.jpg,https://t.me/+RUL1cOmqsAw3OWM1,Media
2026-01-27T10:13:14.904891,tejasswiprakash_1767289390_1325979909.mp4,https://t.me/+RUL1cOmqsAw3OWM1,Media
2026-01-27T10:16:42.950228,tejasswiprakash_1767290819_1325979909.mp4,https://t.me/+RUL1cOmqsAw3OWM1,Media
2026-01-27T10:16:42.951220,tejasswiprakash_1767374458_1325979909.mp4,https://t.me/+RUL1cOmqsAw3OWM1,Media
2026-01-27T10:16:42.952220,tejasswiprakash_1767374992_1325979909.jpg,https://t.me/+RUL1cOmqsAw3OWM1,Media
2026-01-27T10:16:42.953221,tejasswiprakash_1767376366_1325979909.jpg,https://t.me/+RUL1cOmqsAw3OWM1,Media
2026-01-27T10:16:42.954220,tejasswiprakash_1767377943_1325979909.mp4,https://t.me/+RUL1cOmqsAw3OWM1,Media
2026-01-27T10:16:42.955220,tejasswiprakash_1767377995_1325979909.jpg,https://t.me/+RUL1cOmqsAw3OWM1,Media
2026-01-27T10:16:42.955220,tejasswiprakash_1767381517_1325979909.mp4,https://t.me/+RUL1cOmqsAw3OWM1,Media
2026-01-27T10:16:42.956220,tejasswiprakash_1767381718_1325979909.jpg,https://t.me/+RUL1cOmqsAw3OWM1,Media
2026-01-27T10:17:05.474000,kanikkakapur_1767013296_410044174.mp4,https://t.me/+FEL53iB8T1kxNjU1,Media
2026-01-27T10:17:05.475001,kanikkakapur_1767013631_410044174.mp4,https://t.me/+FEL53iB8T1kxNjU1,Media
2026-01-27T10:18:25.474531,kareenakapoorkhan_1766922670_17050447521.jpg,https://t.me/+i89bv2h_oehjZDVl,Media
2026-01-27T10:18:25.475530,kareenakapoorkhan_1766939774_17050447521.jpg,https://t.me/+i89bv2h_oehjZDVl,Media
2026-01-27T10:18:25.477531,kareenakapoorkhan_1767355966_17050447521.jpg,https://t.me/+i89bv2h_oehjZDVl,Media
2026-01-27T10:18:25.478530,kareenakapoorkhan_1767367503_17050447521.jpg,https://t.me/+i89bv2h_oehjZDVl,Media
2026-01-27T10:18:25.479530,kareenakapoorkhan_1767719030_17050447521.mp4,https://t.me/+i89bv2h_oehjZDVl,Media
2026-01-27T10:18:25.480531,kareenakapoorkhan_1767719286_17050447521.mp4,https://t.me/+i89bv2h_oehjZDVl,Media
2026-01-27T10:18:25.480531,kareenakapoorkhan_1767719379_17050447521.mp4,https://t.me/+i89bv2h_oehjZDVl,Media
2026-01-27T10:18:25.482037,kareenakapoorkhan_1767719593_17050447521.mp4,https://t.me/+i89bv2h_oehjZDVl,Media
2026-01-27T10:18:25.483045,saraalikhan95_1766747736_345204813.mp4,https://t.me/+i89bv2h_oehjZDVl,Media
2026-01-27T10:18:25.483045,saraalikhan95_1766748015_345204813.mp4,https://t.me/+i89bv2h_oehjZDVl,Media
2026-01-27T10:20:45.674173,saraalikhan95_1766755062_345204813.mp4,https://t.me/+i89bv2h_oehjZDVl,Media
2026-01-27T10:20:45.676172,saraalikhan95_1766757276_345204813.mp4,https://t.me/+i89bv2h_oehjZDVl,Media
2026-01-27T10:20:45.677173,saraalikhan95_1766932615_345204813.mp4,https://t.me/+i89bv2h_oehjZDVl,Media
2026-01-27T10:20:45.678172,saraalikhan95_1766937862_345204813.mp4,https://t.me/+i89bv2h_oehjZDVl,Media
2026-01-27T10:20:45.679172,saraalikhan95_1767430241_345204813.mp4,https://t.me/+i89bv2h_oehjZDVl,Media
2026-01-27T10:20:45.679172,saraalikhan95_1767434124_345204813.mp4,https://t.me/+i89bv2h_oehjZDVl,Media
2026-01-27T10:20:45.680173,saraalikhan95_1767437382_345204813.mp4,https://t.me/+i89bv2h_oehjZDVl,Media
2026-01-27T10:20:45.681172,saraalikhan95_1767447095_345204813.mp4,https://t.me/+i89bv2h_oehjZDVl,Media
2026-01-27T10:20:45.682173,saraalikhan95_1767456462_345204813.mp4,https://t.me/+i89bv2h_oehjZDVl,Media
2026-01-27T10:20:45.682173,saraalikhan95_1767461653_345204813.mp4,https://t.me/+i89bv2h_oehjZDVl,Media
2026-01-27T10:20:55.474052,saraalikhan95_1767663427_345204813.mp4,https://t.me/+i89bv2h_oehjZDVl,Media
2026-01-27T10:23:40.817863,kavyathapar20_1766808544_442511100.mp4,https://t.me/+rTAWv8O5WxNkOTg1,Media
2026-01-27T10:23:40.818863,kavyathapar20_1766821419_442511100.mp4,https://t.me/+rTAWv8O5WxNkOTg1,Media
2026-01-27T10:23:40.819863,kavyathapar20_1766831658_442511100.mp4,https://t.me/+rTAWv8O5WxNkOTg1,Media
2026-01-27T10:23:40.821864,kavyathapar20_1766837040_442511100.mp4,https://t.me/+rTAWv8O5WxNkOTg1,Media
2026-01-27T10:23:40.822864,kavyathapar20_1766863449_442511100.mp4,https://t.me/+rTAWv8O5WxNkOTg1,Media
2026-01-27T10:23:40.822864,kavyathapar20_1767249078_442511100.mp4,https://t.me/+rTAWv8O5WxNkOTg1,Media
2026-01-27T10:23:40.823863,kavyathapar20_1767250943_442511100.jpg,https://t.me/+rTAWv8O5WxNkOTg1,Media
2026-01-27T10:23:40.824867,kavyathapar20_1767251108_442511100.mp4,https://t.me/+rTAWv8O5WxNkOTg1,Media
2026-01-27T10:23:40.826864,kavyathapar20_1767251116_442511100.jpg,https://t.me/+rTAWv8O5WxNkOTg1,Media
2026-01-27T10:23:40.826864,kavyathapar20_1767253223_442511100.jpg,https://t.me/+rTAWv8O5WxNkOTg1,Media
2026-01-27T10:26:39.167053,kavyathapar20_1767287215_442511100.mp4,https://t.me/+rTAWv8O5WxNkOTg1,Media
2026-01-27T10:26:39.169059,kavyathapar20_1767290574_442511100.mp4,https://t.me/+rTAWv8O5WxNkOTg1,Media
2026-01-27T10:26:39.170050,kavyathapar20_1767292993_442511100.mp4,https://t.me/+rTAWv8O5WxNkOTg1,Media
2026-01-27T10:26:39.171041,kavyathapar20_1767293429_442511100.mp4,https://t.me/+rTAWv8O5WxNkOTg1,Media
2026-01-27T10:26:39.171041,kushakapila_1766642852_1054048768.mp4,https://t.me/+rTAWv8O5WxNkOTg1,Media
2026-01-27T10:26:39.173041,kushakapila_1766647156_1054048768.mp4,https://t.me/+rTAWv8O5WxNkOTg1,Media
2026-01-27T10:26:39.174049,kushakapila_1766670532_1054048768.mp4,https://t.me/+rTAWv8O5WxNkOTg1,Media
2026-01-27T10:26:39.174049,kushakapila_1766678464_1054048768.mp4,https://t.me/+rTAWv8O5WxNkOTg1,Media
2026-01-27T10:26:39.175040,kushakapila_1766727296_1054048768.mp4,https://t.me/+rTAWv8O5WxNkOTg1,Media
2026-01-27T10:26:39.176040,kushakapila_1766727996_1054048768.mp4,https://t.me/+rTAWv8O5WxNkOTg1,Media
2026-01-27T10:30:31.149845,kushakapila_1766769183_1054048768.mp4,https://t.me/+rTAWv8O5WxNkOTg1,Media
2026-01-27T10:30:31.150808,kushakapila_1766769655_1054048768.mp4,https://t.me/+rTAWv8O5WxNkOTg1,Media
2026-01-27T10:30:31.152804,kushakapila_1766769947_1054048768.mp4,https://t.me/+rTAWv8O5WxNkOTg1,Media
2026-01-27T10:30:31.153800,kushakapila_1766770487_1054048768.mp4,https://t.me/+rTAWv8O5WxNkOTg1,Media
2026-01-27T10:30:31.154807,kushakapila_1766770731_1054048768.mp4,https://t.me/+rTAWv8O5WxNkOTg1,Media
2026-01-27T10:30:31.156801,kushakapila_1766770877_1054048768.mp4,https://t.me/+rTAWv8O5WxNkOTg1,Media
2026-01-27T10:30:31.157810,kushakapila_1766771101_1054048768.mp4,https://t.me/+rTAWv8O5WxNkOTg1,Media
2026-01-27T10:30:31.157810,kushakapila_1766771238_1054048768.mp4,https://t.me/+rTAWv8O5WxNkOTg1,Media
2026-01-27T10:30:31.159800,kushakapila_1766896673_1054048768.mp4,https://t.me/+rTAWv8O5WxNkOTg1,Media
2026-01-27T10:30:31.160808,kushakapila_1766917058_1054048768.mp4,https://t.me/+rTAWv8O5WxNkOTg1,Media
2026-01-27T10:38:59.104996,kushakapila_1766922917_1054048768.mp4,https://t.me/+rTAWv8O5WxNkOTg1,Media
2026-01-27T10:38:59.107997,kushakapila_1766932758_1054048768.mp4,https://t.me/+rTAWv8O5WxNkOTg1,Media
2026-01-27T10:38:59.108996,kushakapila_1766934460_1054048768.mp4,https://t.me/+rTAWv8O5WxNkOTg1,Media
2026-01-27T10:38:59.109996,kushakapila_1767010764_1054048768.mp4,https://t.me/+rTAWv8O5WxNkOTg1,Media
2026-01-27T10:38:59.111081,kushakapila_1767072437_1054048768.mp4,https://t.me/+rTAWv8O5WxNkOTg1,Media
2026-01-27T10:38:59.113082,kushakapila_1767130872_1054048768.mp4,https://t.me/+rTAWv8O5WxNkOTg1,Media
2026-01-27T10:38:59.113082,kushakapila_1767164563_3799573435115543392_1054048768.mp4,https://t.me/+rTAWv8O5WxNkOTg1,Media
2026-01-27T10:38:59.115082,kushakapila_1767164704_1054048768.mp4,https://t.me/+rTAWv8O5WxNkOTg1,Media
2026-01-27T10:38:59.116082,kushakapila_1767270906_1054048768.jpg,https://t.me/+rTAWv8O5WxNkOTg1,Media
2026-01-27T10:38:59.117081,kushakapila_1767271433_1054048768.mp4,https://t.me/+rTAWv8O5WxNkOTg1,Media
2026-01-27T10:44:31.080982,kushakapila_1767278335_1054048768.mp4,https://t.me/+rTAWv8O5WxNkOTg1,Media
2026-01-27T10:44:31.081990,kushakapila_1767278430_1054048768.mp4,https://t.me/+rTAWv8O5WxNkOTg1,Media
2026-01-27T10:44:31.083989,kushakapila_1767279249_1054048768.mp4,https://t.me/+rTAWv8O5WxNkOTg1,Media
2026-01-27T10:44:31.085036,kushakapila_1767359681_1054048768.mp4,https://t.me/+rTAWv8O5WxNkOTg1,Media
2026-01-27T10:44:31.085988,kushakapila_1767595536_1054048768.mp4,https://t.me/+rTAWv8O5WxNkOTg1,Media
2026-01-27T10:44:31.086988,kushakapila_1767595723_1054048768.mp4,https://t.me/+rTAWv8O5WxNkOTg1,Media
2026-01-27T10:44:31.086988,kushakapila_1767596627_1054048768.mp4,https://t.me/+rTAWv8O5WxNkOTg1,Media
2026-01-27T10:44:31.087987,kushakapila_1767600369_1054048768.mp4,https://t.me/+rTAWv8O5WxNkOTg1,Media
2026-01-27T10:44:31.088986,kushakapila_1767602875_1054048768.mp4,https://t.me/+rTAWv8O5WxNkOTg1,Media
2026-01-27T10:44:31.090989,kushakapila_1767613246_1054048768.mp4,https://t.me/+rTAWv8O5WxNkOTg1,Media
2026-01-27T10:48:14.008485,kushakapila_1767632756_1054048768.mp4,https://t.me/+rTAWv8O5WxNkOTg1,Media
2026-01-27T10:48:14.011487,kushakapila_1767680589_1054048768.mp4,https://t.me/+rTAWv8O5WxNkOTg1,Media
2026-01-27T10:48:14.013487,kushakapila_1767684971_1054048768.mp4,https://t.me/+rTAWv8O5WxNkOTg1,Media
2026-01-27T10:48:14.014486,kushakapila_1767685309_1054048768.mp4,https://t.me/+rTAWv8O5WxNkOTg1,Media
2026-01-27T10:48:14.015486,kushakapila_1767688325_1054048768.mp4,https://t.me/+rTAWv8O5WxNkOTg1,Media
2026-01-27T10:48:14.015486,kushakapila_1767701080_1054048768.mp4,https://t.me/+rTAWv8O5WxNkOTg1,Media
2026-01-27T10:48:30.594998,khushalikumar_1767180334_3799706499627675385_1086429871.jpg,https://t.me/+pdN1uSWfApgzODdl,Media
2026-01-27T10:48:30.596997,khushalikumar_1767180334_3799706499636028992_1086429871.jpg,https://t.me/+pdN1uSWfApgzODdl,Media
2026-01-27T10:48:30.597998,khushalikumar_1767180334_3799706499636029490_1086429871.jpg,https://t.me/+pdN1uSWfApgzODdl,Media
2026-01-27T10:48:30.598999,khushalikumar_1767180334_3799706499644392959_1086429871.jpg,https://t.me/+pdN1uSWfApgzODdl,Media
2026-01-27T10:48:30.600003,khushalikumar_1767180334_3799706499644426979_1086429871.jpg,https://t.me/+pdN1uSWfApgzODdl,Media
2026-01-27T10:51:50.280351,khushikarkiofficial_1766834138_8176103169.mp4,https://t.me/+PlttwOfaYdo5NWM1,Media
2026-01-27T10:51:50.281351,khushikarkiofficial_1766839320_8176103169.mp4,https://t.me/+PlttwOfaYdo5NWM1,Media
2026-01-27T10:51:50.282351,khushikarkiofficial_1766839684_8176103169.mp4,https://t.me/+PlttwOfaYdo5NWM1,Media
2026-01-27T10:51:50.283351,khushikarkiofficial_1766927773_3797587728096377868_8176103169.mp4,https://t.me/+PlttwOfaYdo5NWM1,Media
2026-01-27T10:51:50.284351,khushikarkiofficial_1767102136_8176103169.mp4,https://t.me/+PlttwOfaYdo5NWM1,Media
2026-01-27T10:51:50.286351,khushikarkiofficial_1767103370_8176103169.jpg,https://t.me/+PlttwOfaYdo5NWM1,Media
2026-01-27T10:51:50.286351,khushikarkiofficial_1767120803_8176103169.mp4,https://t.me/+PlttwOfaYdo5NWM1,Media
2026-01-27T10:52:31.538723,kiaraaliaadvani_1766902328_368908448.jpg,https://t.me/+1veq8dgJCCMxNTU1,Media
2026-01-27T10:52:31.540723,kiaraaliaadvani_1766930088_368908448.mp4,https://t.me/+1veq8dgJCCMxNTU1,Media
2026-01-27T10:52:31.541723,kiaraaliaadvani_1767106246_368908448.mp4,https://t.me/+1veq8dgJCCMxNTU1,Media
2026-01-27T10:52:31.542723,kiaraaliaadvani_1767106325_368908448.jpg,https://t.me/+1veq8dgJCCMxNTU1,Media
2026-01-27T10:52:31.543723,kiaraaliaadvani_1767106885_368908448.jpg,https://t.me/+1veq8dgJCCMxNTU1,Media
2026-01-27T10:52:31.544723,kiaraaliaadvani_1767106909_368908448.jpg,https://t.me/+1veq8dgJCCMxNTU1,Media
2026-01-27T10:52:31.545723,kiaraaliaadvani_1767165657_368908448.jpg,https://t.me/+1veq8dgJCCMxNTU1,Media
2026-01-27T10:52:31.547723,kiaraaliaadvani_1767427771_368908448.jpg,https://t.me/+1veq8dgJCCMxNTU1,Media
2026-01-27T10:52:31.547723,kiaraaliaadvani_1767443983_368908448.jpg,https://t.me/+1veq8dgJCCMxNTU1,Media
2026-01-27T10:52:31.548723,kiaraaliaadvani_1767459579_368908448.jpg,https://t.me/+1veq8dgJCCMxNTU1,Media
2026-01-27T10:52:35.133831,kiaraaliaadvani_1767678958_368908448.jpg,https://t.me/+1veq8dgJCCMxNTU1,Media
2026-01-27T10:54:50.826133,kkamra_1767002804_3798216872161415739_181656186.mp4,https://t.me/+6CkCq3TqZSxlYmI1,Media
2026-01-27T10:54:50.827202,kkamra_1767002804_3798217107193422374_181656186.mp4,https://t.me/+6CkCq3TqZSxlYmI1,Media
2026-01-27T10:54:50.828202,kkamra_1767002804_3798217143474156641_181656186.mp4,https://t.me/+6CkCq3TqZSxlYmI1,Media
2026-01-27T10:54:50.830201,kkamra_1767002804_3798217272398644139_181656186.jpg,https://t.me/+6CkCq3TqZSxlYmI1,Media
2026-01-27T10:54:50.830201,kkamra_1767002804_3798217272407034194_181656186.jpg,https://t.me/+6CkCq3TqZSxlYmI1,Media
2026-01-27T10:54:50.831203,kkamra_1767002804_3798217272415458737_181656186.jpg,https://t.me/+6CkCq3TqZSxlYmI1,Media
2026-01-27T10:54:50.832202,kkamra_1767002804_3798217272482553683_181656186.jpg,https://t.me/+6CkCq3TqZSxlYmI1,Media
2026-01-27T10:54:50.833202,kkamra_1767002804_3798217272532885549_181656186.jpg,https://t.me/+6CkCq3TqZSxlYmI1,Media
2026-01-27T10:54:50.834202,kkamra_1767002804_3798217272558083578_181656186.jpg,https://t.me/+6CkCq3TqZSxlYmI1,Media
2026-01-27T10:54:50.835203,kkamra_1767002804_3798217272558088052_181656186.jpg,https://t.me/+6CkCq3TqZSxlYmI1,Media
2026-01-27T10:56:13.854986,kkamra_1767002804_3798217272591645309_181656186.jpg,https://t.me/+6CkCq3TqZSxlYmI1,Media
2026-01-27T10:56:13.856000,kkamra_1767002804_3798217272709034222_181656186.jpg,https://t.me/+6CkCq3TqZSxlYmI1,Media
2026-01-27T10:56:13.856994,kkamra_1767002804_3798217272751010247_181656186.jpg,https://t.me/+6CkCq3TqZSxlYmI1,Media
2026-01-27T10:56:13.857982,kkamra_1767002804_3798217272960717348_181656186.jpg,https://t.me/+6CkCq3TqZSxlYmI1,Media
2026-01-27T10:56:13.858981,kkamra_1767002804_3798217272960717481_181656186.jpg,https://t.me/+6CkCq3TqZSxlYmI1,Media
2026-01-27T10:56:13.859993,kkamra_1767002804_3798217273069794398_181656186.jpg,https://t.me/+6CkCq3TqZSxlYmI1,Media
2026-01-27T10:56:13.859993,kkamra_1767293328_181656186.jpg,https://t.me/+6CkCq3TqZSxlYmI1,Media
2026-01-27T10:56:13.860979,kkamra_1767294141_181656186.jpg,https://t.me/+6CkCq3TqZSxlYmI1,Media
2026-01-27T10:56:13.861993,kkamra_1767294534_181656186.mp4,https://t.me/+6CkCq3TqZSxlYmI1,Media
2026-01-27T10:56:13.861993,kkamra_1767384101_181656186.mp4,https://t.me/+6CkCq3TqZSxlYmI1,Media
2026-01-27T11:02:04.288082,kkamra_1767384529_181656186.jpg,https://t.me/+6CkCq3TqZSxlYmI1,Media
2026-01-27T11:02:04.289081,kreetika10_1766822855_1542403478.mp4,https://t.me/+6CkCq3TqZSxlYmI1,Media
2026-01-27T11:02:04.290081,kreetika10_1766830788_1542403478.jpg,https://t.me/+6CkCq3TqZSxlYmI1,Media
2026-01-27T11:02:04.291081,kreetika10_1766830924_1542403478.mp4,https://t.me/+6CkCq3TqZSxlYmI1,Media
2026-01-27T11:02:04.292271,kreetika10_1766931833_1542403478.mp4,https://t.me/+6CkCq3TqZSxlYmI1,Media
2026-01-27T11:02:04.293636,kreetika10_1766931929_1542403478.mp4,https://t.me/+6CkCq3TqZSxlYmI1,Media
2026-01-27T11:02:04.295133,kreetika10_1766932040_1542403478.mp4,https://t.me/+6CkCq3TqZSxlYmI1,Media
2026-01-27T11:02:04.296151,kreetika10_1766932103_1542403478.jpg,https://t.me/+6CkCq3TqZSxlYmI1,Media
2026-01-27T11:02:04.297148,kreetika10_1766932209_1542403478.mp4,https://t.me/+6CkCq3TqZSxlYmI1,Media
2026-01-27T11:02:04.298170,kreetika10_1766932425_1542403478.mp4,https://t.me/+6CkCq3TqZSxlYmI1,Media
2026-01-27T11:50:31.017673,kreetika10_1767006051_3798243146379961064_1542403478.mp4,https://t.me/+6CkCq3TqZSxlYmI1,Media
2026-01-27T11:50:31.028681,kreetika10_1767086936_1542403478.mp4,https://t.me/+6CkCq3TqZSxlYmI1,Media
2026-01-27T11:50:31.029682,kreetika10_1767087137_1542403478.mp4,https://t.me/+6CkCq3TqZSxlYmI1,Media
2026-01-27T11:50:31.031682,kreetika10_1767087192_1542403478.jpg,https://t.me/+6CkCq3TqZSxlYmI1,Media
2026-01-27T11:50:31.032682,kreetika10_1767087442_1542403478.mp4,https://t.me/+6CkCq3TqZSxlYmI1,Media
2026-01-27T11:50:31.033681,kreetika10_1767118096_1542403478.jpg,https://t.me/+6CkCq3TqZSxlYmI1,Media
2026-01-27T11:50:31.034682,kreetika10_1767167470_1542403478.jpg,https://t.me/+6CkCq3TqZSxlYmI1,Media
2026-01-27T11:50:31.035681,kreetika10_1767198482_3799857083605816279_1542403478.mp4,https://t.me/+6CkCq3TqZSxlYmI1,Media
2026-01-27T11:50:31.036681,kreetika10_1767198482_3799858740590783654_1542403478.jpg,https://t.me/+6CkCq3TqZSxlYmI1,Media
2026-01-27T11:50:31.036681,kreetika10_1767198482_3799858740599156827_1542403478.jpg,https://t.me/+6CkCq3TqZSxlYmI1,Media
2026-01-27T11:51:46.819365,kreetika10_1767198482_3799858740599189325_1542403478.jpg,https://t.me/+6CkCq3TqZSxlYmI1,Media
2026-01-27T11:51:46.821031,kreetika10_1767198482_3799858740607532653_1542403478.jpg,https://t.me/+6CkCq3TqZSxlYmI1,Media
2026-01-27T11:51:46.822042,kreetika10_1767198482_3799858740607539208_1542403478.jpg,https://t.me/+6CkCq3TqZSxlYmI1,Media
2026-01-27T11:51:46.823034,kreetika10_1767198482_3799858740607549630_1542403478.jpg,https://t.me/+6CkCq3TqZSxlYmI1,Media
2026-01-27T11:51:46.823034,kreetika10_1767198482_3799858740607571839_1542403478.jpg,https://t.me/+6CkCq3TqZSxlYmI1,Media
2026-01-27T11:51:46.825041,kreetika10_1767198482_3799858740691450427_1542403478.jpg,https://t.me/+6CkCq3TqZSxlYmI1,Media
2026-01-27T11:51:46.825041,kreetika10_1767198482_3799858740699829221_1542403478.jpg,https://t.me/+6CkCq3TqZSxlYmI1,Media
2026-01-27T11:51:46.826038,kreetika10_1767198482_3799858740699845845_1542403478.jpg,https://t.me/+6CkCq3TqZSxlYmI1,Media
2026-01-27T11:51:46.827034,kreetika10_1767198482_3799858740892757467_1542403478.jpg,https://t.me/+6CkCq3TqZSxlYmI1,Media
2026-01-27T11:51:46.828106,kreetika10_1767198482_3799858740917912024_1542403478.jpg,https://t.me/+6CkCq3TqZSxlYmI1,Media
2026-01-27T11:52:33.815437,kreetika10_1767443267_3801911623078945840_1542403478.mp4,https://t.me/+6CkCq3TqZSxlYmI1,Media
2026-01-27T11:52:33.815437,kreetika10_1767443267_3801912149204062724_1542403478.jpg,https://t.me/+6CkCq3TqZSxlYmI1,Media
2026-01-27T11:52:33.816437,kreetika10_1767443267_3801912149204068642_1542403478.jpg,https://t.me/+6CkCq3TqZSxlYmI1,Media
2026-01-27T11:52:33.817438,kreetika10_1767443267_3801912149220816324_1542403478.jpg,https://t.me/+6CkCq3TqZSxlYmI1,Media
2026-01-27T11:52:33.817438,kreetika10_1767443267_3801912149220837819_1542403478.jpg,https://t.me/+6CkCq3TqZSxlYmI1,Media
2026-01-27T11:52:33.818437,kreetika10_1767443267_3801912149220846819_1542403478.jpg,https://t.me/+6CkCq3TqZSxlYmI1,Media
2026-01-27T11:52:33.820437,kreetika10_1767443267_3801912149237582993_1542403478.jpg,https://t.me/+6CkCq3TqZSxlYmI1,Media
2026-01-27T11:52:33.820437,kreetika10_1767443267_3801912149237585562_1542403478.jpg,https://t.me/+6CkCq3TqZSxlYmI1,Media
2026-01-27T11:52:33.821437,kreetika10_1767443267_3801912149237622151_1542403478.jpg,https://t.me/+6CkCq3TqZSxlYmI1,Media
2026-01-27T11:52:33.822609,kreetika10_1767443267_3801912149237624181_1542403478.jpg,https://t.me/+6CkCq3TqZSxlYmI1,Media
2026-01-27T11:53:30.031913,kreetika10_1767443267_3801912149245963099_1542403478.jpg,https://t.me/+6CkCq3TqZSxlYmI1,Media
2026-01-27T11:53:30.033988,kreetika10_1767443267_3801912149245974949_1542403478.jpg,https://t.me/+6CkCq3TqZSxlYmI1,Media
2026-01-27T11:53:30.034987,kreetika10_1767443267_3801912149245993829_1542403478.jpg,https://t.me/+6CkCq3TqZSxlYmI1,Media
2026-01-27T11:53:30.035987,kreetika10_1767443267_3801912149262745168_1542403478.jpg,https://t.me/+6CkCq3TqZSxlYmI1,Media
2026-01-27T11:53:30.036987,kreetika10_1767443267_3801912149262794502_1542403478.jpg,https://t.me/+6CkCq3TqZSxlYmI1,Media
2026-01-27T11:53:30.037988,kreetika10_1767443267_3801912149271118588_1542403478.jpg,https://t.me/+6CkCq3TqZSxlYmI1,Media
2026-01-27T11:53:30.038986,kreetika10_1767443267_3801912149271147670_1542403478.jpg,https://t.me/+6CkCq3TqZSxlYmI1,Media
2026-01-27T11:53:30.039989,kreetika10_1767443267_3801912149271159372_1542403478.jpg,https://t.me/+6CkCq3TqZSxlYmI1,Media
2026-01-27T11:53:30.039989,kreetika10_1767443267_3801912149271180164_1542403478.jpg,https://t.me/+6CkCq3TqZSxlYmI1,Media
2026-01-27T11:53:30.040988,kreetika10_1767443268_3801912149237582131_1542403478.jpg,https://t.me/+6CkCq3TqZSxlYmI1,Media
2026-01-27T11:57:16.760457,krishna_mukherjee786_1766768437_666402522.jpg,https://t.me/+wJAnrN6J8AY1YTY1,Media
2026-01-27T11:57:16.762459,krishna_mukherjee786_1766820324_3796685668018085097_666402522.mp4,https://t.me/+wJAnrN6J8AY1YTY1,Media
2026-01-27T11:57:16.764454,krishna_mukherjee786_1766920861_666402522.mp4,https://t.me/+wJAnrN6J8AY1YTY1,Media
2026-01-27T11:57:16.765455,krishna_mukherjee786_1766921520_666402522.mp4,https://t.me/+wJAnrN6J8AY1YTY1,Media
2026-01-27T11:57:16.766601,krishna_mukherjee786_1766936589_666402522.mp4,https://t.me/+wJAnrN6J8AY1YTY1,Media
2026-01-27T11:57:16.767453,krishna_mukherjee786_1766937145_666402522.jpg,https://t.me/+wJAnrN6J8AY1YTY1,Media
2026-01-27T11:58:42.271344,keerthysureshofficial_1766747926_2275936616.jpg,https://t.me/+MzTlrRU6HGEyODA9,Media
2026-01-27T11:58:42.272346,keerthysureshofficial_1766756487_2275936616.mp4,https://t.me/+MzTlrRU6HGEyODA9,Media
2026-01-27T11:58:42.273344,keerthysureshofficial_1766756505_2275936616.jpg,https://t.me/+MzTlrRU6HGEyODA9,Media
2026-01-27T11:58:42.274345,keerthysureshofficial_1766756517_2275936616.jpg,https://t.me/+MzTlrRU6HGEyODA9,Media
2026-01-27T11:58:42.275344,keerthysureshofficial_1766756529_2275936616.mp4,https://t.me/+MzTlrRU6HGEyODA9,Media
2026-01-27T11:58:42.276345,keerthysureshofficial_1766758509_2275936616.mp4,https://t.me/+MzTlrRU6HGEyODA9,Media
2026-01-27T11:58:42.276345,keerthysureshofficial_1767258897_2275936616.jpg,https://t.me/+MzTlrRU6HGEyODA9,Media
2026-01-27T11:58:42.277344,keerthysureshofficial_1767259050_2275936616.mp4,https://t.me/+MzTlrRU6HGEyODA9,Media
2026-01-27T11:58:42.278360,keerthysureshofficial_1767260186_2275936616.mp4,https://t.me/+MzTlrRU6HGEyODA9,Media
2026-01-27T11:58:42.279345,keerthysureshofficial_1767262874_2275936616.mp4,https://t.me/+MzTlrRU6HGEyODA9,Media
2026-01-27T12:00:23.533411,keerthysureshofficial_1767272081_2275936616.mp4,https://t.me/+MzTlrRU6HGEyODA9,Media
2026-01-27T12:00:23.534410,keerthysureshofficial_1767275445_2275936616.mp4,https://t.me/+MzTlrRU6HGEyODA9,Media
2026-01-27T12:00:23.534410,keerthysureshofficial_1767275939_2275936616.mp4,https://t.me/+MzTlrRU6HGEyODA9,Media
2026-01-27T12:00:23.535410,krithi.shetty_official_1766932611_3131544913.mp4,https://t.me/+MzTlrRU6HGEyODA9,Media
2026-01-27T12:00:23.537410,krithi.shetty_official_1767154033_3131544913.mp4,https://t.me/+MzTlrRU6HGEyODA9,Media
2026-01-27T12:00:23.538411,krithi.shetty_official_1767154287_3131544913.mp4,https://t.me/+MzTlrRU6HGEyODA9,Media
2026-01-27T12:00:23.539410,krithi.shetty_official_1767161818_3131544913.mp4,https://t.me/+MzTlrRU6HGEyODA9,Media
2026-01-27T12:08:05.154208,karishmaktanna_1766711821_4754749.mp4,https://t.me/+sGDzJ1tzclBiZjJl,Media
2026-01-27T12:08:05.155208,karishmaktanna_1766712724_4754749.mp4,https://t.me/+sGDzJ1tzclBiZjJl,Media
2026-01-27T12:08:05.157208,karishmaktanna_1766723880_4754749.mp4,https://t.me/+sGDzJ1tzclBiZjJl,Media
2026-01-27T12:08:05.158220,karishmaktanna_1766724771_4754749.jpg,https://t.me/+sGDzJ1tzclBiZjJl,Media
2026-01-27T12:08:05.159208,karishmaktanna_1766724873_4754749.jpg,https://t.me/+sGDzJ1tzclBiZjJl,Media
2026-01-27T12:08:05.160208,karishmaktanna_1766733799_4754749.jpg,https://t.me/+sGDzJ1tzclBiZjJl,Media
2026-01-27T12:08:05.160208,karishmaktanna_1766734194_4754749.jpg,https://t.me/+sGDzJ1tzclBiZjJl,Media
2026-01-27T12:08:05.161210,karishmaktanna_1766752391_4754749.jpg,https://t.me/+sGDzJ1tzclBiZjJl,Media
2026-01-27T12:08:05.162208,karishmaktanna_1766806766_4754749.jpg,https://t.me/+sGDzJ1tzclBiZjJl,Media
2026-01-27T12:08:05.162208,karishmaktanna_1766807828_4754749.mp4,https://t.me/+sGDzJ1tzclBiZjJl,Media
2026-01-27T12:13:54.605753,karishmaktanna_1766808004_4754749.jpg,https://t.me/+sGDzJ1tzclBiZjJl,Media
2026-01-27T12:13:54.606761,karishmaktanna_1766810368_4754749.mp4,https://t.me/+sGDzJ1tzclBiZjJl,Media
2026-01-27T12:13:54.616550,karishmaktanna_1766810419_4754749.jpg,https://t.me/+sGDzJ1tzclBiZjJl,Media
2026-01-27T12:13:54.617548,karishmaktanna_1766810551_4754749.mp4,https://t.me/+sGDzJ1tzclBiZjJl,Media
2026-01-27T12:13:54.619548,karishmaktanna_1766816405_4754749.mp4,https://t.me/+sGDzJ1tzclBiZjJl,Media
2026-01-27T12:13:54.620553,karishmaktanna_1766816892_4754749.mp4,https://t.me/+sGDzJ1tzclBiZjJl,Media
2026-01-27T12:13:54.620553,karishmaktanna_1766885630_4754749.jpg,https://t.me/+sGDzJ1tzclBiZjJl,Media
2026-01-27T12:13:54.621620,karishmaktanna_1766885880_4754749.mp4,https://t.me/+sGDzJ1tzclBiZjJl,Media
2026-01-27T12:13:54.622613,karishmaktanna_1766894736_4754749.jpg,https://t.me/+sGDzJ1tzclBiZjJl,Media
2026-01-27T12:13:54.623612,karishmaktanna_1766904931_4754749.mp4,https://t.me/+sGDzJ1tzclBiZjJl,Media
2026-01-27T12:16:15.670856,karishmaktanna_1766907102_4754749.jpg,https://t.me/+sGDzJ1tzclBiZjJl,Media
2026-01-27T12:16:15.671865,karishmaktanna_1766925752_4754749.jpg,https://t.me/+sGDzJ1tzclBiZjJl,Media
2026-01-27T12:16:15.673863,karishmaktanna_1766927843_4754749.mp4,https://t.me/+sGDzJ1tzclBiZjJl,Media
2026-01-27T12:16:15.674864,karishmaktanna_1766927946_4754749.mp4,https://t.me/+sGDzJ1tzclBiZjJl,Media
2026-01-27T12:16:15.674864,karishmaktanna_1766928717_4754749.mp4,https://t.me/+sGDzJ1tzclBiZjJl,Media
2026-01-27T12:16:15.676363,karishmaktanna_1767056631_4754749.jpg,https://t.me/+sGDzJ1tzclBiZjJl,Media
2026-01-27T12:16:15.676363,karishmaktanna_1767057487_4754749.mp4,https://t.me/+sGDzJ1tzclBiZjJl,Media
2026-01-27T12:16:15.677843,karishmaktanna_1767061950_4754749.jpg,https://t.me/+sGDzJ1tzclBiZjJl,Media
2026-01-27T12:16:15.678848,karishmaktanna_1767171801_3799634322434113599_4754749.mp4,https://t.me/+sGDzJ1tzclBiZjJl,Media
2026-01-27T12:16:15.678848,karishmaktanna_1767171801_3799634926422299778_4754749.jpg,https://t.me/+sGDzJ1tzclBiZjJl,Media
2026-01-27T12:17:10.237105,karishmaktanna_1767171801_3799634926422302372_4754749.jpg,https://t.me/+sGDzJ1tzclBiZjJl,Media
2026-01-27T12:17:10.238109,karishmaktanna_1767171801_3799634926422325538_4754749.jpg,https://t.me/+sGDzJ1tzclBiZjJl,Media
2026-01-27T12:17:10.240109,karishmaktanna_1767171801_3799634926439066779_4754749.jpg,https://t.me/+sGDzJ1tzclBiZjJl,Media
2026-01-27T12:17:10.241110,karishmaktanna_1767171801_3799634926439080029_4754749.jpg,https://t.me/+sGDzJ1tzclBiZjJl,Media
2026-01-27T12:17:10.241110,karishmaktanna_1767171801_3799634926455834966_4754749.jpg,https://t.me/+sGDzJ1tzclBiZjJl,Media
2026-01-27T12:17:10.242109,karishmaktanna_1767171801_3799634926455844105_4754749.jpg,https://t.me/+sGDzJ1tzclBiZjJl,Media
2026-01-27T12:17:10.244109,karishmaktanna_1767171801_3799634926464217187_4754749.jpg,https://t.me/+sGDzJ1tzclBiZjJl,Media
2026-01-27T12:17:10.245110,karishmaktanna_1767171801_3799634926464244028_4754749.jpg,https://t.me/+sGDzJ1tzclBiZjJl,Media
2026-01-27T12:17:10.245110,karishmaktanna_1767171801_3799634926464256950_4754749.jpg,https://t.me/+sGDzJ1tzclBiZjJl,Media
2026-01-27T12:17:10.246109,karishmaktanna_1767171801_3799634926472595994_4754749.jpg,https://t.me/+sGDzJ1tzclBiZjJl,Media
2026-01-27T12:18:59.437643,karishmaktanna_1767171801_3799634926472633510_4754749.jpg,https://t.me/+sGDzJ1tzclBiZjJl,Media
2026-01-27T12:18:59.438860,karishmaktanna_1767171801_3799634926472641318_4754749.jpg,https://t.me/+sGDzJ1tzclBiZjJl,Media
2026-01-27T12:18:59.439858,karishmaktanna_1767171801_3799634926472642779_4754749.jpg,https://t.me/+sGDzJ1tzclBiZjJl,Media
2026-01-27T12:18:59.439858,karishmaktanna_1767171801_3799634926472649293_4754749.jpg,https://t.me/+sGDzJ1tzclBiZjJl,Media
2026-01-27T12:18:59.441874,karishmaktanna_1767171801_3799634926481008311_4754749.jpg,https://t.me/+sGDzJ1tzclBiZjJl,Media
2026-01-27T12:18:59.442859,karishmaktanna_1767171801_3799634926481011771_4754749.jpg,https://t.me/+sGDzJ1tzclBiZjJl,Media
2026-01-27T12:18:59.442859,karishmaktanna_1767171801_3799634926481014234_4754749.jpg,https://t.me/+sGDzJ1tzclBiZjJl,Media
2026-01-27T12:18:59.443859,karishmaktanna_1767171801_3799634926481030260_4754749.jpg,https://t.me/+sGDzJ1tzclBiZjJl,Media
2026-01-27T12:18:59.443859,karishmaktanna_1767241374_4754749.mp4,https://t.me/+sGDzJ1tzclBiZjJl,Media
2026-01-27T12:18:59.444859,karishmaktanna_1767241440_4754749.jpg,https://t.me/+sGDzJ1tzclBiZjJl,Media
2026-01-27T12:25:12.548534,karishmaktanna_1767250810_4754749.mp4,https://t.me/+sGDzJ1tzclBiZjJl,Media
2026-01-27T12:25:12.548534,karishmaktanna_1767265061_4754749.mp4,https://t.me/+sGDzJ1tzclBiZjJl,Media
2026-01-27T12:25:12.549526,karishmaktanna_1767268885_4754749.mp4,https://t.me/+sGDzJ1tzclBiZjJl,Media
2026-01-27T12:25:12.551526,karishmaktanna_1767269053_4754749.mp4,https://t.me/+sGDzJ1tzclBiZjJl,Media
2026-01-27T12:25:12.551526,karishmaktanna_1767272465_4754749.jpg,https://t.me/+sGDzJ1tzclBiZjJl,Media
2026-01-27T12:25:12.552526,karishmaktanna_1767274449_4754749.mp4,https://t.me/+sGDzJ1tzclBiZjJl,Media
2026-01-27T12:25:12.554526,karishmasharma22_1766647217_481726203.mp4,https://t.me/+sGDzJ1tzclBiZjJl,Media
2026-01-27T12:25:12.555526,karishmasharma22_1766648078_481726203.mp4,https://t.me/+sGDzJ1tzclBiZjJl,Media
2026-01-27T12:25:12.556527,karishmasharma22_1766648985_3795249223168452608_481726203.jpg,https://t.me/+sGDzJ1tzclBiZjJl,Media
2026-01-27T12:25:12.557526,karishmasharma22_1766648985_3795249223176828349_481726203.jpg,https://t.me/+sGDzJ1tzclBiZjJl,Media
2026-01-27T12:28:33.140583,karishmasharma22_1766648985_3795249223176849005_481726203.jpg,https://t.me/+sGDzJ1tzclBiZjJl,Media
2026-01-27T12:28:33.142583,karishmasharma22_1766648985_3795249223176877734_481726203.jpg,https://t.me/+sGDzJ1tzclBiZjJl,Media
2026-01-27T12:28:33.144583,karishmasharma22_1766648985_3795249223185208377_481726203.jpg,https://t.me/+sGDzJ1tzclBiZjJl,Media
2026-01-27T12:28:33.146583,karishmasharma22_1766648985_3795249223185215065_481726203.jpg,https://t.me/+sGDzJ1tzclBiZjJl,Media
2026-01-27T12:28:33.146583,karishmasharma22_1766649238_481726203.mp4,https://t.me/+sGDzJ1tzclBiZjJl,Media
2026-01-27T12:28:33.147583,karishmasharma22_1766649358_481726203.mp4,https://t.me/+sGDzJ1tzclBiZjJl,Media
2026-01-27T12:28:33.148584,karishmasharma22_1766675832_481726203.mp4,https://t.me/+sGDzJ1tzclBiZjJl,Media
2026-01-27T12:28:33.149584,karishmasharma22_1766681227_481726203.mp4,https://t.me/+sGDzJ1tzclBiZjJl,Media
2026-01-27T12:28:33.150584,karishmasharma22_1767099260_481726203.mp4,https://t.me/+sGDzJ1tzclBiZjJl,Media
2026-01-27T12:28:33.150584,karishmasharma22_1767109488_481726203.mp4,https://t.me/+sGDzJ1tzclBiZjJl,Media
2026-01-27T12:35:36.166678,karishmasharma22_1767159098_481726203.mp4,https://t.me/+sGDzJ1tzclBiZjJl,Media
2026-01-27T12:35:36.168707,karishmasharma22_1767162902_481726203.mp4,https://t.me/+sGDzJ1tzclBiZjJl,Media
2026-01-27T12:35:36.169694,karishmasharma22_1767607567_481726203.mp4,https://t.me/+sGDzJ1tzclBiZjJl,Media
2026-01-27T12:35:36.170679,karishmasharma22_1767611387_3803321830333797895_481726203.mp4,https://t.me/+sGDzJ1tzclBiZjJl,Media
2026-01-27T12:35:36.172678,karishmasharma22_1767611387_3803321848218283115_481726203.mp4,https://t.me/+sGDzJ1tzclBiZjJl,Media
2026-01-27T12:35:36.173679,karishmasharma22_1767611387_3803321868048971249_481726203.mp4,https://t.me/+sGDzJ1tzclBiZjJl,Media
2026-01-27T12:35:36.174678,karishmasharma22_1767611387_3803321874046791234_481726203.mp4,https://t.me/+sGDzJ1tzclBiZjJl,Media
2026-01-27T12:35:36.174678,karishmasharma22_1767611387_3803321882846488783_481726203.mp4,https://t.me/+sGDzJ1tzclBiZjJl,Media
2026-01-27T12:35:36.175687,karishmasharma22_1767611387_3803321985632105802_481726203.mp4,https://t.me/+sGDzJ1tzclBiZjJl,Media
2026-01-27T12:35:36.176679,karishmasharma22_1767611387_3803322438944055091_481726203.jpg,https://t.me/+sGDzJ1tzclBiZjJl,Media
2026-01-27T12:37:19.687991,karishmasharma22_1767611387_3803322438969201004_481726203.jpg,https://t.me/+sGDzJ1tzclBiZjJl,Media
2026-01-27T12:37:19.688991,karishmasharma22_1767611845_481726203.mp4,https://t.me/+sGDzJ1tzclBiZjJl,Media
2026-01-27T12:37:19.689992,karishmasharma22_1767619461_481726203.jpg,https://t.me/+sGDzJ1tzclBiZjJl,Media
2026-01-27T12:37:19.690991,karishmasharma22_1767623893_481726203.mp4,https://t.me/+sGDzJ1tzclBiZjJl,Media
2026-01-27T12:37:19.691991,karishmasharma22_1767638612_481726203.jpg,https://t.me/+sGDzJ1tzclBiZjJl,Media
2026-01-27T12:37:19.692992,karishmasharma22_1767639061_481726203.mp4,https://t.me/+sGDzJ1tzclBiZjJl,Media
2026-01-27T12:37:19.693992,karishmasharma22_1767690484_481726203.mp4,https://t.me/+sGDzJ1tzclBiZjJl,Media
2026-01-27T12:37:19.694991,karishmasharma22_1767706845_481726203.mp4,https://t.me/+sGDzJ1tzclBiZjJl,Media
2026-01-27T12:37:19.695991,kritisanon_1766817729_448810631.jpg,https://t.me/+sGDzJ1tzclBiZjJl,Media
2026-01-27T12:37:19.695991,kritisanon_1767709731_448810631.jpg,https://t.me/+sGDzJ1tzclBiZjJl,Media
2026-01-27T12:49:20.511033,krystledsouza_1766707037_190462765.mp4,https://t.me/+B5aPtvx781E2ODI1,Media
2026-01-27T12:49:20.512026,krystledsouza_1766707206_190462765.mp4,https://t.me/+B5aPtvx781E2ODI1,Media
2026-01-27T12:49:20.513026,krystledsouza_1766757233_190462765.mp4,https://t.me/+B5aPtvx781E2ODI1,Media
2026-01-27T12:49:20.514024,krystledsouza_1766757820_190462765.mp4,https://t.me/+B5aPtvx781E2ODI1,Media
2026-01-27T12:49:20.515024,krystledsouza_1766757851_190462765.mp4,https://t.me/+B5aPtvx781E2ODI1,Media
2026-01-27T12:49:20.515024,krystledsouza_1766758250_190462765.mp4,https://t.me/+B5aPtvx781E2ODI1,Media
2026-01-27T12:49:20.516024,krystledsouza_1766758829_190462765.mp4,https://t.me/+B5aPtvx781E2ODI1,Media
2026-01-27T12:49:20.518024,krystledsouza_1766758928_190462765.mp4,https://t.me/+B5aPtvx781E2ODI1,Media
2026-01-27T12:49:20.519024,krystledsouza_1766759039_190462765.mp4,https://t.me/+B5aPtvx781E2ODI1,Media
2026-01-27T12:49:20.520024,krystledsouza_1766759499_190462765.mp4,https://t.me/+B5aPtvx781E2ODI1,Media
2026-01-27T12:58:42.607184,krystledsouza_1766759800_190462765.mp4,https://t.me/+B5aPtvx781E2ODI1,Media
2026-01-27T12:58:42.608183,krystledsouza_1766759926_190462765.mp4,https://t.me/+B5aPtvx781E2ODI1,Media
2026-01-27T12:58:42.609491,krystledsouza_1766768600_190462765.mp4,https://t.me/+B5aPtvx781E2ODI1,Media
2026-01-27T12:58:42.610496,krystledsouza_1766824025_3796717374104908743_190462765.mp4,https://t.me/+B5aPtvx781E2ODI1,Media
2026-01-27T12:58:42.611996,krystledsouza_1766840124_190462765.mp4,https://t.me/+B5aPtvx781E2ODI1,Media
2026-01-27T12:58:42.611996,krystledsouza_1766852518_190462765.mp4,https://t.me/+B5aPtvx781E2ODI1,Media
2026-01-27T12:58:42.613486,krystledsouza_1766864387_190462765.mp4,https://t.me/+B5aPtvx781E2ODI1,Media
2026-01-27T12:58:42.613486,krystledsouza_1766896639_190462765.mp4,https://t.me/+B5aPtvx781E2ODI1,Media
2026-01-27T12:58:42.614957,krystledsouza_1766897281_190462765.mp4,https://t.me/+B5aPtvx781E2ODI1,Media
2026-01-27T12:58:42.617962,krystledsouza_1766901005_190462765.mp4,https://t.me/+B5aPtvx781E2ODI1,Media
2026-01-27T13:10:30.478774,krystledsouza_1766912267_190462765.mp4,https://t.me/+B5aPtvx781E2ODI1,Media
2026-01-27T13:10:30.479774,krystledsouza_1766936113_190462765.jpg,https://t.me/+B5aPtvx781E2ODI1,Media
2026-01-27T13:10:30.480774,krystledsouza_1767012715_190462765.mp4,https://t.me/+B5aPtvx781E2ODI1,Media
2026-01-27T13:10:30.481774,krystledsouza_1767065857_190462765.mp4,https://t.me/+B5aPtvx781E2ODI1,Media
2026-01-27T13:10:30.483785,krystledsouza_1767066049_190462765.mp4,https://t.me/+B5aPtvx781E2ODI1,Media
2026-01-27T13:10:30.484774,krystledsouza_1767087579_190462765.mp4,https://t.me/+B5aPtvx781E2ODI1,Media
2026-01-27T13:10:30.485788,krystledsouza_1767112963_190462765.mp4,https://t.me/+B5aPtvx781E2ODI1,Media
2026-01-27T13:10:30.486774,krystledsouza_1767113810_190462765.mp4,https://t.me/+B5aPtvx781E2ODI1,Media
2026-01-27T13:10:30.487773,krystledsouza_1767127138_190462765.mp4,https://t.me/+B5aPtvx781E2ODI1,Media
2026-01-27T13:10:30.488774,krystledsouza_1767141789_190462765.mp4,https://t.me/+B5aPtvx781E2ODI1,Media
2026-01-27T13:27:27.032301,krystledsouza_1767152711_190462765.jpg,https://t.me/+B5aPtvx781E2ODI1,Media
2026-01-27T13:27:27.032301,krystledsouza_1767171373_190462765.mp4,https://t.me/+B5aPtvx781E2ODI1,Media
2026-01-27T13:27:27.033301,krystledsouza_1767171640_190462765.mp4,https://t.me/+B5aPtvx781E2ODI1,Media
2026-01-27T13:27:27.034301,krystledsouza_1767225855_190462765.mp4,https://t.me/+B5aPtvx781E2ODI1,Media
2026-01-27T13:27:27.036301,krystledsouza_1767242926_190462765.jpg,https://t.me/+B5aPtvx781E2ODI1,Media
2026-01-27T13:27:27.037301,krystledsouza_1767265599_190462765.mp4,https://t.me/+B5aPtvx781E2ODI1,Media
2026-01-27T13:27:27.038301,krystledsouza_1767556578_190462765.mp4,https://t.me/+B5aPtvx781E2ODI1,Media
2026-01-27T13:27:27.039302,krystledsouza_1767556629_190462765.mp4,https://t.me/+B5aPtvx781E2ODI1,Media
2026-01-27T13:27:27.040301,krystledsouza_1767688639_190462765.mp4,https://t.me/+B5aPtvx781E2ODI1,Media
2026-01-27T13:27:27.042302,krystledsouza_1767688746_190462765.mp4,https://t.me/+B5aPtvx781E2ODI1,Media
2026-01-27T13:28:23.023578,krystledsouza_1767707415_190462765.mp4,https://t.me/+B5aPtvx781E2ODI1,Media
2026-01-27T13:33:49.228784,mallika_singh_official__1767266295_3800426457554757095_9999716709.mp4,https://t.me/+yVuXEdPvctszODU1,Media
2026-01-27T13:33:49.230538,mallika_singh_official__1767448287_9999716709.mp4,https://t.me/+yVuXEdPvctszODU1,Media
2026-01-27T13:33:49.231543,mallika_singh_official__1767464687_9999716709.mp4,https://t.me/+yVuXEdPvctszODU1,Media
2026-01-27T13:33:49.232955,mallika_singh_official__1767630555_9999716709.mp4,https://t.me/+yVuXEdPvctszODU1,Media
2026-01-27T13:33:49.233960,mallika_singh_official__1767706461_9999716709.mp4,https://t.me/+yVuXEdPvctszODU1,Media
2026-01-27T13:33:49.234959,mallika_singh_official__1767707001_9999716709.mp4,https://t.me/+yVuXEdPvctszODU1,Media
2026-01-27T13:33:49.235959,mallika_singh_official__1767707638_9999716709.mp4,https://t.me/+yVuXEdPvctszODU1,Media
2026-01-27T13:33:49.236959,mallika_singh_official__1767707890_9999716709.mp4,https://t.me/+yVuXEdPvctszODU1,Media
2026-01-27T13:42:58.971417,manulchudasamaofficial_1766626893_3271841497.mp4,https://t.me/+X_cyILR1wbQ2MDNl,Media
2026-01-27T13:42:58.973381,manulchudasamaofficial_1766626971_3271841497.mp4,https://t.me/+X_cyILR1wbQ2MDNl,Media
2026-01-27T13:42:58.974349,manulchudasamaofficial_1766627102_3271841497.mp4,https://t.me/+X_cyILR1wbQ2MDNl,Media
2026-01-27T13:42:58.975349,manulchudasamaofficial_1766739866_3271841497.mp4,https://t.me/+X_cyILR1wbQ2MDNl,Media
2026-01-27T13:42:58.976348,manulchudasamaofficial_1766739912_3271841497.mp4,https://t.me/+X_cyILR1wbQ2MDNl,Media
2026-01-27T13:42:58.977348,manulchudasamaofficial_1766739952_3271841497.mp4,https://t.me/+X_cyILR1wbQ2MDNl,Media
2026-01-27T13:42:58.978352,manulchudasamaofficial_1766741966_3271841497.mp4,https://t.me/+X_cyILR1wbQ2MDNl,Media
2026-01-27T13:42:58.978352,manulchudasamaofficial_1766746414_3271841497.mp4,https://t.me/+X_cyILR1wbQ2MDNl,Media
2026-01-27T13:42:58.979350,manulchudasamaofficial_1766832103_3271841497.mp4,https://t.me/+X_cyILR1wbQ2MDNl,Media
2026-01-27T13:42:58.981359,manulchudasamaofficial_1766835294_3271841497.mp4,https://t.me/+X_cyILR1wbQ2MDNl,Media
2026-01-27T13:55:50.370698,manulchudasamaofficial_1766835398_3271841497.mp4,https://t.me/+X_cyILR1wbQ2MDNl,Media
2026-01-27T13:55:50.373814,manulchudasamaofficial_1766844711_3271841497.jpg,https://t.me/+X_cyILR1wbQ2MDNl,Media
2026-01-27T13:55:50.374736,manulchudasamaofficial_1766846773_3271841497.mp4,https://t.me/+X_cyILR1wbQ2MDNl,Media
2026-01-27T13:55:50.375737,manulchudasamaofficial_1766877629_3271841497.mp4,https://t.me/+X_cyILR1wbQ2MDNl,Media
2026-01-27T13:55:50.377664,manulchudasamaofficial_1766877745_3271841497.mp4,https://t.me/+X_cyILR1wbQ2MDNl,Media
2026-01-27T13:55:50.377664,manulchudasamaofficial_1767110950_3271841497.mp4,https://t.me/+X_cyILR1wbQ2MDNl,Media
2026-01-27T13:55:50.379742,manulchudasamaofficial_1767306105_3271841497.mp4,https://t.me/+X_cyILR1wbQ2MDNl,Media
2026-01-27T13:55:50.380663,manulchudasamaofficial_1767406327_3271841497.mp4,https://t.me/+X_cyILR1wbQ2MDNl,Media
2026-01-27T13:55:50.381662,manulchudasamaofficial_1767406461_3271841497.mp4,https://t.me/+X_cyILR1wbQ2MDNl,Media
2026-01-27T13:55:50.382743,manulchudasamaofficial_1767406545_3271841497.mp4,https://t.me/+X_cyILR1wbQ2MDNl,Media
2026-01-27T14:00:56.847314,manulchudasamaofficial_1767417963_3271841497.mp4,https://t.me/+X_cyILR1wbQ2MDNl,Media
2026-01-27T14:00:56.849329,manulchudasamaofficial_1767428238_3271841497.mp4,https://t.me/+X_cyILR1wbQ2MDNl,Media
2026-01-27T14:00:56.851328,manulchudasamaofficial_1767700870_3271841497.mp4,https://t.me/+X_cyILR1wbQ2MDNl,Media
2026-01-27T14:00:56.852325,manulchudasamaofficial_1767704317_3271841497.mp4,https://t.me/+X_cyILR1wbQ2MDNl,Media
2026-01-27T14:00:56.854326,manulchudasamaofficial_1767712025_3271841497.mp4,https://t.me/+X_cyILR1wbQ2MDNl,Media
2026-01-27T14:00:56.855326,manulchudasamaofficial_1767712508_3271841497.mp4,https://t.me/+X_cyILR1wbQ2MDNl,Media
2026-01-27T14:08:30.568147,manushi_chhillar_1762433365_3759884691680634306_2626202922.mp4,https://t.me/+uHMDphs7xJ0yNGM1,Media
2026-01-27T14:08:30.569146,manushi_chhillar_1766666336_2626202922.mp4,https://t.me/+uHMDphs7xJ0yNGM1,Media
2026-01-27T14:08:30.569146,manushi_chhillar_1766682199_2626202922.mp4,https://t.me/+uHMDphs7xJ0yNGM1,Media
2026-01-27T14:08:30.570146,manushi_chhillar_1766690708_2626202922.mp4,https://t.me/+uHMDphs7xJ0yNGM1,Media
2026-01-27T14:08:30.571149,manushi_chhillar_1766741713_3796000717035927198_2626202922.mp4,https://t.me/+uHMDphs7xJ0yNGM1,Media
2026-01-27T14:08:30.572157,manushi_chhillar_1766910326_2626202922.mp4,https://t.me/+uHMDphs7xJ0yNGM1,Media
2026-01-27T14:08:30.572157,manushi_chhillar_1766915322_2626202922.mp4,https://t.me/+uHMDphs7xJ0yNGM1,Media
2026-01-27T14:08:30.573150,manushi_chhillar_1766928675_2626202922.mp4,https://t.me/+uHMDphs7xJ0yNGM1,Media
2026-01-27T14:08:30.574149,manushi_chhillar_1766934069_2626202922.mp4,https://t.me/+uHMDphs7xJ0yNGM1,Media
2026-01-27T14:08:30.576152,manushi_chhillar_1766934539_2626202922.mp4,https://t.me/+uHMDphs7xJ0yNGM1,Media
2026-01-27T14:18:21.761584,manushi_chhillar_1766941614_2626202922.mp4,https://t.me/+uHMDphs7xJ0yNGM1,Media
2026-01-27T14:18:21.763094,manushi_chhillar_1766946539_2626202922.mp4,https://t.me/+uHMDphs7xJ0yNGM1,Media
2026-01-27T14:18:21.764102,manushi_chhillar_1766946582_2626202922.mp4,https://t.me/+uHMDphs7xJ0yNGM1,Media
2026-01-27T14:18:21.766100,manushi_chhillar_1766946653_2626202922.mp4,https://t.me/+uHMDphs7xJ0yNGM1,Media
2026-01-27T14:18:21.767102,manushi_chhillar_1766946689_2626202922.mp4,https://t.me/+uHMDphs7xJ0yNGM1,Media
2026-01-27T14:18:21.768102,manushi_chhillar_1766946711_2626202922.mp4,https://t.me/+uHMDphs7xJ0yNGM1,Media
2026-01-27T14:18:21.769102,manushi_chhillar_1766947191_2626202922.jpg,https://t.me/+uHMDphs7xJ0yNGM1,Media
2026-01-27T14:18:21.770101,manushi_chhillar_1767335431_2626202922.jpg,https://t.me/+uHMDphs7xJ0yNGM1,Media
2026-01-27T14:18:21.770101,manushi_chhillar_1767339314_2626202922.mp4,https://t.me/+uHMDphs7xJ0yNGM1,Media
2026-01-27T14:18:21.771103,manushi_chhillar_1767682295_2626202922.jpg,https://t.me/+uHMDphs7xJ0yNGM1,Media
2026-01-27T14:18:47.038542,manushi_chhillar_1767704554_2626202922.mp4,https://t.me/+uHMDphs7xJ0yNGM1,Media
2026-01-27T14:18:47.040541,manushi_chhillar_1767704676_2626202922.mp4,https://t.me/+uHMDphs7xJ0yNGM1,Media
2026-01-27T14:18:47.051643,manushi_chhillar_1767708412_2626202922.mp4,https://t.me/+uHMDphs7xJ0yNGM1,Media
2026-01-27T14:21:49.465996,_.megha._prajapati__1767164753_3799574728814652390_2315126844.mp4,https://t.me/+9GFFTqUX8KU2YTI1,Media
2026-01-27T14:21:49.467987,_.megha._prajapati__1767241850_2315126844.mp4,https://t.me/+9GFFTqUX8KU2YTI1,Media
2026-01-27T14:21:49.468994,_.megha._prajapati__1767242029_2315126844.mp4,https://t.me/+9GFFTqUX8KU2YTI1,Media
2026-01-27T14:21:49.468994,_.megha._prajapati__1767272482_2315126844.mp4,https://t.me/+9GFFTqUX8KU2YTI1,Media
2026-01-27T14:21:49.469995,_.megha._prajapati__1767627130_2315126844.mp4,https://t.me/+9GFFTqUX8KU2YTI1,Media
2026-01-27T14:37:56.108808,mohanshakti_1766492730_3793937625778303382_544032892.mp4,https://t.me/+fcByPSK1xhoxZTBl,Media
2026-01-27T14:37:56.110873,mohanshakti_1766750228_544032892.mp4,https://t.me/+fcByPSK1xhoxZTBl,Media
2026-01-27T14:37:56.111858,mohanshakti_1766760987_544032892.mp4,https://t.me/+fcByPSK1xhoxZTBl,Media
2026-01-27T14:37:56.112815,mohanshakti_1766761502_544032892.mp4,https://t.me/+fcByPSK1xhoxZTBl,Media
2026-01-27T14:37:56.114815,mohanshakti_1766924262_544032892.mp4,https://t.me/+fcByPSK1xhoxZTBl,Media
2026-01-27T14:37:56.115815,mohanshakti_1766924903_544032892.mp4,https://t.me/+fcByPSK1xhoxZTBl,Media
2026-01-27T14:37:56.116816,mohanshakti_1766935672_544032892.mp4,https://t.me/+fcByPSK1xhoxZTBl,Media
2026-01-27T14:37:56.116816,mohanshakti_1767703216_544032892.mp4,https://t.me/+fcByPSK1xhoxZTBl,Media
2026-01-27T14:37:56.118814,neetimohan18_1767374638_3801336447123599103_611381311.jpg,https://t.me/+fcByPSK1xhoxZTBl,Media
2026-01-27T14:37:56.118814,neetimohan18_1767374638_3801336447123610572_611381311.jpg,https://t.me/+fcByPSK1xhoxZTBl,Media
2026-01-27T14:38:44.393507,neetimohan18_1767374638_3801336447131976665_611381311.jpg,https://t.me/+fcByPSK1xhoxZTBl,Media
2026-01-27T14:38:44.395508,neetimohan18_1767374638_3801336447131978110_611381311.jpg,https://t.me/+fcByPSK1xhoxZTBl,Media
2026-01-27T14:38:44.396507,neetimohan18_1767374638_3801336447131999981_611381311.jpg,https://t.me/+fcByPSK1xhoxZTBl,Media
2026-01-27T14:38:44.397507,neetimohan18_1767374638_3801336447132000847_611381311.jpg,https://t.me/+fcByPSK1xhoxZTBl,Media
2026-01-27T14:38:44.398508,neetimohan18_1767374638_3801336447132006781_611381311.jpg,https://t.me/+fcByPSK1xhoxZTBl,Media
2026-01-27T14:38:44.398508,neetimohan18_1767374638_3801336447132007103_611381311.jpg,https://t.me/+fcByPSK1xhoxZTBl,Media
2026-01-27T14:38:44.399515,neetimohan18_1767374638_3801336447132036477_611381311.jpg,https://t.me/+fcByPSK1xhoxZTBl,Media
2026-01-27T14:38:44.400507,neetimohan18_1767374638_3801336447132040951_611381311.jpg,https://t.me/+fcByPSK1xhoxZTBl,Media
2026-01-27T14:38:44.400507,neetimohan18_1767374638_3801336447140388845_611381311.jpg,https://t.me/+fcByPSK1xhoxZTBl,Media
2026-01-27T14:38:44.401508,neetimohan18_1767374638_3801336447392056790_611381311.jpg,https://t.me/+fcByPSK1xhoxZTBl,Media
2026-01-27T14:38:57.624927,neetimohan18_1767374638_3801336447450761960_611381311.jpg,https://t.me/+fcByPSK1xhoxZTBl,Media
2026-01-27T14:38:57.625928,neetimohan18_1767374638_3801336447450781871_611381311.jpg,https://t.me/+fcByPSK1xhoxZTBl,Media
2026-01-27T14:38:57.635042,neetimohan18_1767374638_3801336447450806436_611381311.jpg,https://t.me/+fcByPSK1xhoxZTBl,Media
2026-01-27T14:39:34.384669,aslimonalisa_1766649683_3795255076688781953_2078419602.jpg,https://t.me/+ivugDWTTeIphMmZl,Media
2026-01-27T14:39:34.386670,aslimonalisa_1766649683_3795255076697149111_2078419602.jpg,https://t.me/+ivugDWTTeIphMmZl,Media
2026-01-27T14:39:34.386670,aslimonalisa_1766649683_3795255076697157035_2078419602.jpg,https://t.me/+ivugDWTTeIphMmZl,Media
2026-01-27T14:39:34.387669,aslimonalisa_1766649683_3795255076697160084_2078419602.jpg,https://t.me/+ivugDWTTeIphMmZl,Media
2026-01-27T14:39:34.388670,aslimonalisa_1766649683_3795255076697188495_2078419602.jpg,https://t.me/+ivugDWTTeIphMmZl,Media
2026-01-27T14:39:34.388670,aslimonalisa_1766649683_3795255076697192351_2078419602.jpg,https://t.me/+ivugDWTTeIphMmZl,Media
2026-01-27T14:39:34.389670,aslimonalisa_1766649683_3795255076697200695_2078419602.jpg,https://t.me/+ivugDWTTeIphMmZl,Media
2026-01-27T14:39:34.390669,aslimonalisa_1766649683_3795255076999160385_2078419602.jpg,https://t.me/+ivugDWTTeIphMmZl,Media
2026-01-27T14:39:34.390669,aslimonalisa_1766748573_3796084633566201166_2078419602.jpg,https://t.me/+ivugDWTTeIphMmZl,Media
2026-01-27T14:39:34.391669,aslimonalisa_1766748573_3796084633566204192_2078419602.jpg,https://t.me/+ivugDWTTeIphMmZl,Media
2026-01-27T14:40:21.130176,aslimonalisa_1766748573_3796084633566209626_2078419602.jpg,https://t.me/+ivugDWTTeIphMmZl,Media
2026-01-27T14:40:21.131177,aslimonalisa_1766748573_3796084633574617615_2078419602.jpg,https://t.me/+ivugDWTTeIphMmZl,Media
2026-01-27T14:40:21.131177,aslimonalisa_1766748573_3796084633574635673_2078419602.jpg,https://t.me/+ivugDWTTeIphMmZl,Media
2026-01-27T14:40:21.132177,aslimonalisa_1766748573_3796084633582984509_2078419602.jpg,https://t.me/+ivugDWTTeIphMmZl,Media
2026-01-27T14:40:21.133191,aslimonalisa_1766748573_3796084633582994607_2078419602.jpg,https://t.me/+ivugDWTTeIphMmZl,Media
2026-01-27T14:40:21.134177,aslimonalisa_1766748574_3796084633884993691_2078419602.jpg,https://t.me/+ivugDWTTeIphMmZl,Media
2026-01-27T14:40:21.135177,aslimonalisa_1766748574_3796084633893361716_2078419602.jpg,https://t.me/+ivugDWTTeIphMmZl,Media
2026-01-27T14:40:21.136176,aslimonalisa_1766748574_3796084633893370804_2078419602.jpg,https://t.me/+ivugDWTTeIphMmZl,Media
2026-01-27T14:40:21.137176,aslimonalisa_1766814686_3796639221494598057_2078419602.jpg,https://t.me/+ivugDWTTeIphMmZl,Media
2026-01-27T14:40:21.137176,aslimonalisa_1766814686_3796639221502990863_2078419602.jpg,https://t.me/+ivugDWTTeIphMmZl,Media
2026-01-27T14:41:27.854148,aslimonalisa_1766814686_3796639221502992848_2078419602.jpg,https://t.me/+ivugDWTTeIphMmZl,Media
2026-01-27T14:41:27.855145,aslimonalisa_1766814686_3796639221503011351_2078419602.jpg,https://t.me/+ivugDWTTeIphMmZl,Media
2026-01-27T14:41:27.856136,aslimonalisa_1766814686_3796639221503032000_2078419602.jpg,https://t.me/+ivugDWTTeIphMmZl,Media
2026-01-27T14:41:27.857135,aslimonalisa_1766814686_3796639221511421935_2078419602.jpg,https://t.me/+ivugDWTTeIphMmZl,Media
2026-01-27T14:41:27.858136,aslimonalisa_1766814686_3796639221519800865_2078419602.jpg,https://t.me/+ivugDWTTeIphMmZl,Media
2026-01-27T14:41:27.859141,aslimonalisa_1766814686_3796639221578466495_2078419602.jpg,https://t.me/+ivugDWTTeIphMmZl,Media
2026-01-27T14:41:27.859141,aslimonalisa_1766814686_3796639221578486048_2078419602.jpg,https://t.me/+ivugDWTTeIphMmZl,Media
2026-01-27T14:41:27.860140,aslimonalisa_1766814686_3796639221855323104_2078419602.jpg,https://t.me/+ivugDWTTeIphMmZl,Media
2026-01-27T14:41:27.861140,aslimonalisa_1766814686_3796639221855351209_2078419602.jpg,https://t.me/+ivugDWTTeIphMmZl,Media
2026-01-27T14:41:27.861140,aslimonalisa_1766814686_3796639221930819784_2078419602.jpg,https://t.me/+ivugDWTTeIphMmZl,Media
2026-01-27T14:43:49.960399,aslimonalisa_1766814686_3796639221930834406_2078419602.jpg,https://t.me/+ivugDWTTeIphMmZl,Media
2026-01-27T14:43:49.961425,aslimonalisa_1766900932_2078419602.mp4,https://t.me/+ivugDWTTeIphMmZl,Media
2026-01-27T14:43:49.962399,aslimonalisa_1766908620_2078419602.mp4,https://t.me/+ivugDWTTeIphMmZl,Media
2026-01-27T14:43:49.964406,aslimonalisa_1766934584_2078419602.mp4,https://t.me/+ivugDWTTeIphMmZl,Media
2026-01-27T14:43:49.973249,aslimonalisa_1766945825_2078419602.mp4,https://t.me/+ivugDWTTeIphMmZl,Media
2026-01-27T14:43:49.974325,aslimonalisa_1766945904_2078419602.mp4,https://t.me/+ivugDWTTeIphMmZl,Media
2026-01-27T14:43:49.975362,aslimonalisa_1766946089_2078419602.mp4,https://t.me/+ivugDWTTeIphMmZl,Media
2026-01-27T14:43:49.975362,aslimonalisa_1766946150_2078419602.mp4,https://t.me/+ivugDWTTeIphMmZl,Media
2026-01-27T14:43:49.976348,aslimonalisa_1766948749_2078419602.mp4,https://t.me/+ivugDWTTeIphMmZl,Media
2026-01-27T14:43:49.976348,aslimonalisa_1766983626_3798052714567975780_2078419602.mp4,https://t.me/+ivugDWTTeIphMmZl,Media
2026-01-27T14:44:25.001656,aslimonalisa_1767068101_3798765023158338609_2078419602.jpg,https://t.me/+ivugDWTTeIphMmZl,Media
2026-01-27T14:44:25.002613,aslimonalisa_1767068101_3798765023158351251_2078419602.jpg,https://t.me/+ivugDWTTeIphMmZl,Media
2026-01-27T14:44:25.003574,aslimonalisa_1767068101_3798765023166734266_2078419602.jpg,https://t.me/+ivugDWTTeIphMmZl,Media
2026-01-27T14:44:25.004592,aslimonalisa_1767068101_3798765023166761601_2078419602.jpg,https://t.me/+ivugDWTTeIphMmZl,Media
2026-01-27T14:44:25.004592,aslimonalisa_1767068101_3798765023175123373_2078419602.jpg,https://t.me/+ivugDWTTeIphMmZl,Media
2026-01-27T14:44:25.006596,aslimonalisa_1767068101_3798765023175130689_2078419602.jpg,https://t.me/+ivugDWTTeIphMmZl,Media
2026-01-27T14:44:25.006596,aslimonalisa_1767068101_3798765023175164290_2078419602.jpg,https://t.me/+ivugDWTTeIphMmZl,Media
2026-01-27T14:44:25.007596,aslimonalisa_1767068101_3798765023183508847_2078419602.jpg,https://t.me/+ivugDWTTeIphMmZl,Media
2026-01-27T14:44:25.009596,aslimonalisa_1767068101_3798765023183529569_2078419602.jpg,https://t.me/+ivugDWTTeIphMmZl,Media
2026-01-27T14:44:25.009596,aslimonalisa_1767068101_3798765024206934123_2078419602.jpg,https://t.me/+ivugDWTTeIphMmZl,Media
2026-01-27T14:45:11.903089,aslimonalisa_1767068101_3798765024299216021_2078419602.jpg,https://t.me/+ivugDWTTeIphMmZl,Media
2026-01-27T14:45:11.905089,aslimonalisa_1767068101_3798765024315981022_2078419602.jpg,https://t.me/+ivugDWTTeIphMmZl,Media
2026-01-27T14:45:11.905089,aslimonalisa_1767109700_3799113984897479451_2078419602.jpg,https://t.me/+ivugDWTTeIphMmZl,Media
2026-01-27T14:45:11.906089,aslimonalisa_1767109700_3799113984897481469_2078419602.jpg,https://t.me/+ivugDWTTeIphMmZl,Media
2026-01-27T14:45:11.907088,aslimonalisa_1767109700_3799113984905839038_2078419602.jpg,https://t.me/+ivugDWTTeIphMmZl,Media
2026-01-27T14:45:11.908089,aslimonalisa_1767109700_3799113984905853074_2078419602.jpg,https://t.me/+ivugDWTTeIphMmZl,Media
2026-01-27T14:45:11.909088,aslimonalisa_1767109700_3799113984905869319_2078419602.jpg,https://t.me/+ivugDWTTeIphMmZl,Media
2026-01-27T14:45:11.910101,aslimonalisa_1767109700_3799113984914291163_2078419602.jpg,https://t.me/+ivugDWTTeIphMmZl,Media
2026-01-27T14:45:11.911089,aslimonalisa_1767109700_3799113984922616353_2078419602.jpg,https://t.me/+ivugDWTTeIphMmZl,Media
2026-01-27T14:45:11.911089,aslimonalisa_1767109700_3799113984922656355_2078419602.jpg,https://t.me/+ivugDWTTeIphMmZl,Media
2026-01-27T14:52:41.205782,aslimonalisa_1767109700_3799113985216224786_2078419602.jpg,https://t.me/+ivugDWTTeIphMmZl,Media
2026-01-27T14:52:41.207785,aslimonalisa_1767174163_3799654733922318407_2078419602.jpg,https://t.me/+ivugDWTTeIphMmZl,Media
2026-01-27T14:52:41.209287,aslimonalisa_1767174163_3799654733930693074_2078419602.jpg,https://t.me/+ivugDWTTeIphMmZl,Media
2026-01-27T14:52:41.210292,aslimonalisa_1767174163_3799654733930757411_2078419602.jpg,https://t.me/+ivugDWTTeIphMmZl,Media
2026-01-27T14:52:41.211291,aslimonalisa_1767174163_3799654734073361619_2078419602.jpg,https://t.me/+ivugDWTTeIphMmZl,Media
2026-01-27T14:52:41.212292,aslimonalisa_1767174163_3799654734199186735_2078419602.jpg,https://t.me/+ivugDWTTeIphMmZl,Media
2026-01-27T14:52:41.213291,aslimonalisa_1767174163_3799654734249467406_2078419602.jpg,https://t.me/+ivugDWTTeIphMmZl,Media
2026-01-27T14:52:41.214300,aslimonalisa_1767174163_3799654734257892794_2078419602.jpg,https://t.me/+ivugDWTTeIphMmZl,Media
2026-01-27T14:52:41.215292,aslimonalisa_1767223897_3800071589942502723_2078419602.mp4,https://t.me/+ivugDWTTeIphMmZl,Media
2026-01-27T14:52:41.215292,aslimonalisa_1767223897_3800071936140348560_2078419602.jpg,https://t.me/+ivugDWTTeIphMmZl,Media
2026-01-27T14:53:25.080815,aslimonalisa_1767223897_3800071936140364271_2078419602.jpg,https://t.me/+ivugDWTTeIphMmZl,Media
2026-01-27T14:53:25.082829,aslimonalisa_1767223897_3800071936148744197_2078419602.jpg,https://t.me/+ivugDWTTeIphMmZl,Media
2026-01-27T14:53:25.083831,aslimonalisa_1767223897_3800071936215826507_2078419602.jpg,https://t.me/+ivugDWTTeIphMmZl,Media
2026-01-27T14:53:25.084832,aslimonalisa_1767223897_3800071936274587269_2078419602.jpg,https://t.me/+ivugDWTTeIphMmZl,Media
2026-01-27T14:53:25.085831,aslimonalisa_1767223897_3800071936425569782_2078419602.jpg,https://t.me/+ivugDWTTeIphMmZl,Media
2026-01-27T14:53:25.085831,aslimonalisa_1767223897_3800071936433929467_2078419602.jpg,https://t.me/+ivugDWTTeIphMmZl,Media
2026-01-27T14:53:25.087829,aslimonalisa_1767242183_3800225329286643526_2078419602.jpg,https://t.me/+ivugDWTTeIphMmZl,Media
2026-01-27T14:53:25.087829,aslimonalisa_1767242183_3800225329295028604_2078419602.jpg,https://t.me/+ivugDWTTeIphMmZl,Media
2026-01-27T14:53:25.088831,aslimonalisa_1767242183_3800225329295038045_2078419602.jpg,https://t.me/+ivugDWTTeIphMmZl,Media
2026-01-27T14:53:25.089830,aslimonalisa_1767242183_3800225329295041958_2078419602.jpg,https://t.me/+ivugDWTTeIphMmZl,Media
2026-01-27T14:54:12.789207,aslimonalisa_1767242183_3800225329295044052_2078419602.jpg,https://t.me/+ivugDWTTeIphMmZl,Media
2026-01-27T14:54:12.790237,aslimonalisa_1767242183_3800225329295046498_2078419602.jpg,https://t.me/+ivugDWTTeIphMmZl,Media
2026-01-27T14:54:12.791204,aslimonalisa_1767242183_3800225329295055062_2078419602.jpg,https://t.me/+ivugDWTTeIphMmZl,Media
2026-01-27T14:54:12.792205,aslimonalisa_1767242183_3800225329295060532_2078419602.jpg,https://t.me/+ivugDWTTeIphMmZl,Media
2026-01-27T14:54:12.793204,aslimonalisa_1767242183_3800225329420851917_2078419602.jpg,https://t.me/+ivugDWTTeIphMmZl,Media
2026-01-27T14:54:12.794204,aslimonalisa_1767242183_3800225329462804412_2078419602.jpg,https://t.me/+ivugDWTTeIphMmZl,Media
2026-01-27T14:54:12.795204,aslimonalisa_1767242183_3800225329462823737_2078419602.jpg,https://t.me/+ivugDWTTeIphMmZl,Media
2026-01-27T14:54:12.796204,aslimonalisa_1767242183_3800225329563462987_2078419602.jpg,https://t.me/+ivugDWTTeIphMmZl,Media
2026-01-27T14:54:12.797204,aslimonalisa_1767242183_3800225329571827725_2078419602.jpg,https://t.me/+ivugDWTTeIphMmZl,Media
2026-01-27T14:54:12.797204,aslimonalisa_1767242183_3800225329571828971_2078419602.jpg,https://t.me/+ivugDWTTeIphMmZl,Media
2026-01-27T14:54:49.729641,aslimonalisa_1767242183_3800225329571883913_2078419602.jpg,https://t.me/+ivugDWTTeIphMmZl,Media
2026-01-27T14:54:49.731564,aslimonalisa_1767331671_3800976012025675288_2078419602.jpg,https://t.me/+ivugDWTTeIphMmZl,Media
2026-01-27T14:54:49.733562,aslimonalisa_1767331671_3800976012025715338_2078419602.jpg,https://t.me/+ivugDWTTeIphMmZl,Media
2026-01-27T14:54:49.734561,aslimonalisa_1767331671_3800976012034053720_2078419602.jpg,https://t.me/+ivugDWTTeIphMmZl,Media
2026-01-27T14:54:49.737012,aslimonalisa_1767331671_3800976012034113309_2078419602.jpg,https://t.me/+ivugDWTTeIphMmZl,Media
2026-01-27T14:54:49.738020,aslimonalisa_1767331671_3800976012168308631_2078419602.jpg,https://t.me/+ivugDWTTeIphMmZl,Media
2026-01-27T14:54:49.740399,aslimonalisa_1767331671_3800976012302509483_2078419602.jpg,https://t.me/+ivugDWTTeIphMmZl,Media
2026-01-27T14:54:49.740399,aslimonalisa_1767331671_3800976012302516846_2078419602.jpg,https://t.me/+ivugDWTTeIphMmZl,Media
2026-01-27T14:54:49.741400,aslimonalisa_1767331671_3800976012310906235_2078419602.jpg,https://t.me/+ivugDWTTeIphMmZl,Media
2026-01-27T14:54:49.742398,aslimonalisa_1767331671_3800976012336053317_2078419602.jpg,https://t.me/+ivugDWTTeIphMmZl,Media
2026-01-27T15:01:50.691042,aslimonalisa_1767331671_3800976012361267799_2078419602.jpg,https://t.me/+ivugDWTTeIphMmZl,Media
2026-01-27T15:01:50.692549,aslimonalisa_1767331671_3800976012378001523_2078419602.jpg,https://t.me/+ivugDWTTeIphMmZl,Media
2026-01-27T15:01:50.693555,aslimonalisa_1767519492_3802551570203291177_2078419602.jpg,https://t.me/+ivugDWTTeIphMmZl,Media
2026-01-27T15:01:50.694553,aslimonalisa_1767519492_3802551570203315493_2078419602.jpg,https://t.me/+ivugDWTTeIphMmZl,Media
2026-01-27T15:01:50.694553,aslimonalisa_1767519492_3802551570203336087_2078419602.jpg,https://t.me/+ivugDWTTeIphMmZl,Media
2026-01-27T15:01:50.695553,aslimonalisa_1767519492_3802551570211670303_2078419602.jpg,https://t.me/+ivugDWTTeIphMmZl,Media
2026-01-27T15:01:50.696557,aslimonalisa_1767519492_3802551570211674770_2078419602.jpg,https://t.me/+ivugDWTTeIphMmZl,Media
2026-01-27T15:01:50.697556,aslimonalisa_1767519492_3802551570211681365_2078419602.jpg,https://t.me/+ivugDWTTeIphMmZl,Media
2026-01-27T15:01:50.698557,aslimonalisa_1767519492_3802551570211702813_2078419602.jpg,https://t.me/+ivugDWTTeIphMmZl,Media
2026-01-27T15:01:50.699555,aslimonalisa_1767519492_3802551570211705616_2078419602.jpg,https://t.me/+ivugDWTTeIphMmZl,Media
2026-01-27T15:02:52.421381,aslimonalisa_1767519492_3802551570488514651_2078419602.jpg,https://t.me/+ivugDWTTeIphMmZl,Media
2026-01-27T15:02:52.422386,aslimonalisa_1767519492_3802551570496927618_2078419602.jpg,https://t.me/+ivugDWTTeIphMmZl,Media
2026-01-27T15:02:52.423377,aslimonalisa_1767519492_3802551570513676647_2078419602.jpg,https://t.me/+ivugDWTTeIphMmZl,Media
2026-01-27T15:02:52.425376,aslimonalisa_1767544125_3802757124444038700_2078419602.mp4,https://t.me/+ivugDWTTeIphMmZl,Media
2026-01-27T15:02:52.427383,aslimonalisa_1767619880_3803393682956228661_2078419602.jpg,https://t.me/+ivugDWTTeIphMmZl,Media
2026-01-27T15:02:52.427383,aslimonalisa_1767619880_3803393682956236123_2078419602.jpg,https://t.me/+ivugDWTTeIphMmZl,Media
2026-01-27T15:02:52.429375,aslimonalisa_1767619880_3803393682964629706_2078419602.jpg,https://t.me/+ivugDWTTeIphMmZl,Media
2026-01-27T15:02:52.430376,aslimonalisa_1767619880_3803393682964650602_2078419602.jpg,https://t.me/+ivugDWTTeIphMmZl,Media
2026-01-27T15:02:52.430376,aslimonalisa_1767619880_3803393682964662029_2078419602.jpg,https://t.me/+ivugDWTTeIphMmZl,Media
2026-01-27T15:02:52.431375,aslimonalisa_1767619880_3803393682964663795_2078419602.jpg,https://t.me/+ivugDWTTeIphMmZl,Media
2026-01-27T16:06:48.587809,aslimonalisa_1767619880_3803393683082094386_2078419602.jpg,https://t.me/+ivugDWTTeIphMmZl,Media
2026-01-27T16:06:48.590824,aslimonalisa_1767619880_3803393683082102273_2078419602.jpg,https://t.me/+ivugDWTTeIphMmZl,Media
2026-01-27T16:06:48.592827,aslimonalisa_1767619880_3803393683249827950_2078419602.jpg,https://t.me/+ivugDWTTeIphMmZl,Media
2026-01-27T16:06:48.592827,aslimonalisa_1767619880_3803393683249836419_2078419602.jpg,https://t.me/+ivugDWTTeIphMmZl,Media
2026-01-27T16:06:48.593826,aslimonalisa_1767619880_3803393683266620878_2078419602.jpg,https://t.me/+ivugDWTTeIphMmZl,Media
2026-01-27T16:06:48.595827,aslimonalisa_1767619880_3803393683283421020_2078419602.jpg,https://t.me/+ivugDWTTeIphMmZl,Media
2026-01-27T16:06:48.595827,aslimonalisa_1767619880_3803393683291813496_2078419602.jpg,https://t.me/+ivugDWTTeIphMmZl,Media
2026-01-27T16:06:48.596827,aslimonalisa_1767619880_3803393683325371472_2078419602.jpg,https://t.me/+ivugDWTTeIphMmZl,Media
2026-01-27T16:06:48.597827,aslimonalisa_1767710769_3804155408198804458_2078419602.mp4,https://t.me/+ivugDWTTeIphMmZl,Media
2026-01-27T16:08:12.158192,imouniroy_1766649638_291056203.mp4,https://t.me/+0zMqatZX7-UzODg9,Media
2026-01-27T16:08:12.159197,imouniroy_1766655260_291056203.jpg,https://t.me/+0zMqatZX7-UzODg9,Media
2026-01-27T16:08:12.160196,imouniroy_1766655274_291056203.jpg,https://t.me/+0zMqatZX7-UzODg9,Media
2026-01-27T16:08:12.161196,imouniroy_1766669204_291056203.jpg,https://t.me/+0zMqatZX7-UzODg9,Media
2026-01-27T16:08:12.162196,imouniroy_1766890770_291056203.mp4,https://t.me/+0zMqatZX7-UzODg9,Media
2026-01-27T16:08:12.163197,imouniroy_1766900739_291056203.jpg,https://t.me/+0zMqatZX7-UzODg9,Media
2026-01-27T16:08:12.164197,imouniroy_1766904221_291056203.jpg,https://t.me/+0zMqatZX7-UzODg9,Media
2026-01-27T16:08:12.165197,imouniroy_1766904263_291056203.jpg,https://t.me/+0zMqatZX7-UzODg9,Media
2026-01-27T16:08:12.166196,imouniroy_1766904376_291056203.jpg,https://t.me/+0zMqatZX7-UzODg9,Media
2026-01-27T16:08:12.166196,imouniroy_1766904437_291056203.jpg,https://t.me/+0zMqatZX7-UzODg9,Media
2026-01-27T16:09:08.526223,imouniroy_1766935706_291056203.jpg,https://t.me/+0zMqatZX7-UzODg9,Media
2026-01-27T16:09:08.527208,imouniroy_1766941698_291056203.mp4,https://t.me/+0zMqatZX7-UzODg9,Media
2026-01-27T16:09:08.529215,imouniroy_1766943763_291056203.jpg,https://t.me/+0zMqatZX7-UzODg9,Media
2026-01-27T16:09:08.531206,imouniroy_1767021513_291056203.jpg,https://t.me/+0zMqatZX7-UzODg9,Media
2026-01-27T16:09:08.532206,imouniroy_1767029023_291056203.mp4,https://t.me/+0zMqatZX7-UzODg9,Media
2026-01-27T16:09:08.533206,imouniroy_1767029138_291056203.mp4,https://t.me/+0zMqatZX7-UzODg9,Media
2026-01-27T16:09:08.534206,imouniroy_1767074397_291056203.jpg,https://t.me/+0zMqatZX7-UzODg9,Media
2026-01-27T16:09:08.535250,imouniroy_1767087915_291056203.jpg,https://t.me/+0zMqatZX7-UzODg9,Media
2026-01-27T16:09:08.536207,imouniroy_1767090254_291056203.jpg,https://t.me/+0zMqatZX7-UzODg9,Media
2026-01-27T16:09:08.536207,imouniroy_1767090274_291056203.jpg,https://t.me/+0zMqatZX7-UzODg9,Media
2026-01-27T16:12:17.002407,imouniroy_1767090488_291056203.mp4,https://t.me/+0zMqatZX7-UzODg9,Media
2026-01-27T16:12:17.004415,imouniroy_1767090573_291056203.mp4,https://t.me/+0zMqatZX7-UzODg9,Media
2026-01-27T16:12:17.005415,imouniroy_1767090906_291056203.mp4,https://t.me/+0zMqatZX7-UzODg9,Media
2026-01-27T16:12:17.006415,imouniroy_1767091128_291056203.mp4,https://t.me/+0zMqatZX7-UzODg9,Media
2026-01-27T16:12:17.007415,imouniroy_1767093704_291056203.mp4,https://t.me/+0zMqatZX7-UzODg9,Media
2026-01-27T16:12:17.008416,imouniroy_1767096134_291056203.jpg,https://t.me/+0zMqatZX7-UzODg9,Media
2026-01-27T16:12:17.009415,imouniroy_1767255064_291056203.mp4,https://t.me/+0zMqatZX7-UzODg9,Media
2026-01-27T16:12:17.009415,imouniroy_1767255135_291056203.jpg,https://t.me/+0zMqatZX7-UzODg9,Media
2026-01-27T16:12:17.010415,imouniroy_1767255329_291056203.mp4,https://t.me/+0zMqatZX7-UzODg9,Media
2026-01-27T16:12:17.010415,imouniroy_1767261275_291056203.jpg,https://t.me/+0zMqatZX7-UzODg9,Media
2026-01-27T16:12:27.921359,imouniroy_1767264477_291056203.jpg,https://t.me/+0zMqatZX7-UzODg9,Media
2026-01-27T16:12:27.922359,imouniroy_1767264504_291056203.jpg,https://t.me/+0zMqatZX7-UzODg9,Media
2026-01-27T16:12:27.922359,imouniroy_1767264594_291056203.jpg,https://t.me/+0zMqatZX7-UzODg9,Media
2026-01-27T16:20:05.253354,mrunalthakur_1766634203_2658966811.mp4,https://t.me/+VFcl6oMyB3liY2Q9,Media
2026-01-27T16:20:05.255361,mrunalthakur_1766636619_2658966811.mp4,https://t.me/+VFcl6oMyB3liY2Q9,Media
2026-01-27T16:20:05.255361,mrunalthakur_1766644459_2658966811.mp4,https://t.me/+VFcl6oMyB3liY2Q9,Media
2026-01-27T16:20:05.256361,mrunalthakur_1766658726_2658966811.mp4,https://t.me/+VFcl6oMyB3liY2Q9,Media
2026-01-27T16:20:05.257361,mrunalthakur_1766658820_2658966811.mp4,https://t.me/+VFcl6oMyB3liY2Q9,Media
2026-01-27T16:20:05.258362,mrunalthakur_1766658854_2658966811.mp4,https://t.me/+VFcl6oMyB3liY2Q9,Media
2026-01-27T16:20:05.259696,mrunalthakur_1766658952_2658966811.mp4,https://t.me/+VFcl6oMyB3liY2Q9,Media
2026-01-27T16:20:05.260702,mrunalthakur_1766659131_2658966811.mp4,https://t.me/+VFcl6oMyB3liY2Q9,Media
2026-01-27T16:20:05.261702,mrunalthakur_1766664191_2658966811.mp4,https://t.me/+VFcl6oMyB3liY2Q9,Media
2026-01-27T16:20:05.262700,mrunalthakur_1766721001_2658966811.mp4,https://t.me/+VFcl6oMyB3liY2Q9,Media
2026-01-27T16:25:58.194165,mrunalthakur_1766721089_2658966811.mp4,https://t.me/+VFcl6oMyB3liY2Q9,Media
2026-01-27T16:25:58.197164,mrunalthakur_1766721189_2658966811.mp4,https://t.me/+VFcl6oMyB3liY2Q9,Media
2026-01-27T16:25:58.198163,mrunalthakur_1766721289_2658966811.mp4,https://t.me/+VFcl6oMyB3liY2Q9,Media
2026-01-27T16:25:58.198163,mrunalthakur_1766729190_2658966811.mp4,https://t.me/+VFcl6oMyB3liY2Q9,Media
2026-01-27T16:25:58.199164,mrunalthakur_1766730006_2658966811.mp4,https://t.me/+VFcl6oMyB3liY2Q9,Media
2026-01-27T16:25:58.200164,mrunalthakur_1766754035_2658966811.mp4,https://t.me/+VFcl6oMyB3liY2Q9,Media
2026-01-27T16:25:58.201164,mrunalthakur_1766764923_2658966811.mp4,https://t.me/+VFcl6oMyB3liY2Q9,Media
2026-01-27T16:25:58.202178,mrunalthakur_1766820234_2658966811.mp4,https://t.me/+VFcl6oMyB3liY2Q9,Media
2026-01-27T16:25:58.203164,mrunalthakur_1766830496_2658966811.mp4,https://t.me/+VFcl6oMyB3liY2Q9,Media
2026-01-27T16:25:58.204164,mrunalthakur_1766830688_2658966811.mp4,https://t.me/+VFcl6oMyB3liY2Q9,Media
2026-01-27T16:29:50.594865,mrunalthakur_1766904453_2658966811.jpg,https://t.me/+VFcl6oMyB3liY2Q9,Media
2026-01-27T16:29:50.596022,mrunalthakur_1766937861_2658966811.mp4,https://t.me/+VFcl6oMyB3liY2Q9,Media
2026-01-27T16:29:50.596877,mrunalthakur_1766949641_2658966811.mp4,https://t.me/+VFcl6oMyB3liY2Q9,Media
2026-01-27T16:29:50.597890,mrunalthakur_1767072630_3798801255569578233_2658966811.mp4,https://t.me/+VFcl6oMyB3liY2Q9,Media
2026-01-27T16:29:50.598875,mrunalthakur_1767073312_3798807955265588276_2658966811.mp4,https://t.me/+VFcl6oMyB3liY2Q9,Media
2026-01-27T16:29:50.599885,mrunalthakur_1767073312_3798808736614056693_2658966811.jpg,https://t.me/+VFcl6oMyB3liY2Q9,Media
2026-01-27T16:29:50.599885,mrunalthakur_1767073312_3798808736614071108_2658966811.jpg,https://t.me/+VFcl6oMyB3liY2Q9,Media
2026-01-27T16:29:50.600875,mrunalthakur_1767073312_3798808736614099202_2658966811.jpg,https://t.me/+VFcl6oMyB3liY2Q9,Media
2026-01-27T16:29:50.601883,mrunalthakur_1767073312_3798808736622447130_2658966811.jpg,https://t.me/+VFcl6oMyB3liY2Q9,Media
2026-01-27T16:29:50.602884,mrunalthakur_1767073312_3798808736622460935_2658966811.jpg,https://t.me/+VFcl6oMyB3liY2Q9,Media
2026-01-27T16:31:58.733689,mrunalthakur_1767073312_3798808736622506340_2658966811.jpg,https://t.me/+VFcl6oMyB3liY2Q9,Media
2026-01-27T16:31:58.734699,mrunalthakur_1767073312_3798808736630862704_2658966811.jpg,https://t.me/+VFcl6oMyB3liY2Q9,Media
2026-01-27T16:31:58.735684,mrunalthakur_1767275959_2658966811.mp4,https://t.me/+VFcl6oMyB3liY2Q9,Media
2026-01-27T16:31:58.737691,mrunalthakur_1767276011_2658966811.mp4,https://t.me/+VFcl6oMyB3liY2Q9,Media
2026-01-27T16:31:58.738691,mrunalthakur_1767276187_2658966811.mp4,https://t.me/+VFcl6oMyB3liY2Q9,Media
2026-01-27T16:31:58.738691,mrunalthakur_1767279196_2658966811.mp4,https://t.me/+VFcl6oMyB3liY2Q9,Media
2026-01-27T16:31:58.739684,mrunalthakur_1767299884_2658966811.mp4,https://t.me/+VFcl6oMyB3liY2Q9,Media
2026-01-27T16:31:58.741694,mrunalthakur_1767303491_2658966811.mp4,https://t.me/+VFcl6oMyB3liY2Q9,Media
2026-01-27T16:31:58.742683,mrunalthakur_1767352576_2658966811.jpg,https://t.me/+VFcl6oMyB3liY2Q9,Media
2026-01-27T16:31:58.742683,mrunalthakur_1767372034_2658966811.mp4,https://t.me/+VFcl6oMyB3liY2Q9,Media
2026-01-27T16:37:16.539812,mrunalthakur_1767382114_2658966811.mp4,https://t.me/+VFcl6oMyB3liY2Q9,Media
2026-01-27T16:37:16.540812,mrunalthakur_1767385565_2658966811.mp4,https://t.me/+VFcl6oMyB3liY2Q9,Media
2026-01-27T16:37:16.541811,mrunalthakur_1767575793_2658966811.jpg,https://t.me/+VFcl6oMyB3liY2Q9,Media
2026-01-27T16:37:16.542812,mrunalthakur_1767576252_2658966811.mp4,https://t.me/+VFcl6oMyB3liY2Q9,Media
2026-01-27T16:37:16.543822,mrunalthakur_1767577643_2658966811.mp4,https://t.me/+VFcl6oMyB3liY2Q9,Media
2026-01-27T16:37:16.544812,mrunalthakur_1767580607_2658966811.mp4,https://t.me/+VFcl6oMyB3liY2Q9,Media
2026-01-27T16:37:16.545811,mrunalthakur_1767580693_2658966811.mp4,https://t.me/+VFcl6oMyB3liY2Q9,Media
2026-01-27T16:37:16.547076,mrunalthakur_1767580802_2658966811.mp4,https://t.me/+VFcl6oMyB3liY2Q9,Media
2026-01-27T16:37:16.547076,mrunalthakur_1767589622_2658966811.mp4,https://t.me/+VFcl6oMyB3liY2Q9,Media
2026-01-27T16:37:16.548077,mrunalthakur_1767595759_2658966811.mp4,https://t.me/+VFcl6oMyB3liY2Q9,Media
2026-01-27T16:45:28.639175,mrunalthakur_1767596416_2658966811.mp4,https://t.me/+VFcl6oMyB3liY2Q9,Media
2026-01-27T16:45:28.641170,mrunalthakur_1767616508_2658966811.mp4,https://t.me/+VFcl6oMyB3liY2Q9,Media
2026-01-27T16:49:22.842518,mansibhanushaliii_1767284401_3294004773.mp4,https://t.me/+PBj1w-nKy2kwMDU9,Media
2026-01-27T16:49:22.843532,mansibhanushaliii_1767288439_3294004773.mp4,https://t.me/+PBj1w-nKy2kwMDU9,Media
2026-01-27T16:49:22.844518,mansibhanushaliii_1767723425_3294004773.mp4,https://t.me/+PBj1w-nKy2kwMDU9,Media
2026-01-27T16:49:22.846517,munira_kudrati_1766752669_3796118992231141551_4100997327.jpg,https://t.me/+PBj1w-nKy2kwMDU9,Media
2026-01-27T16:49:22.847519,munira_kudrati_1766752669_3796118992231174033_4100997327.jpg,https://t.me/+PBj1w-nKy2kwMDU9,Media
2026-01-27T16:49:22.848518,munira_kudrati_1766752669_3796118992231184674_4100997327.jpg,https://t.me/+PBj1w-nKy2kwMDU9,Media
2026-01-27T16:49:22.849520,munira_kudrati_1766752669_3796118992239567846_4100997327.jpg,https://t.me/+PBj1w-nKy2kwMDU9,Media
2026-01-27T16:49:22.849520,munira_kudrati_1766752669_3796118992239569692_4100997327.jpg,https://t.me/+PBj1w-nKy2kwMDU9,Media
2026-01-27T16:49:22.851518,munira_kudrati_1766752669_3796118992247925954_4100997327.jpg,https://t.me/+PBj1w-nKy2kwMDU9,Media
2026-01-27T16:49:22.852517,munira_kudrati_1766752669_3796118992247978508_4100997327.jpg,https://t.me/+PBj1w-nKy2kwMDU9,Media
2026-01-27T18:23:00.866498,munira_kudrati_1766752669_3796118992256344001_4100997327.jpg,https://t.me/+PBj1w-nKy2kwMDU9,Media
2026-01-27T18:23:00.869014,munira_kudrati_1766752669_3796118992256362426_4100997327.jpg,https://t.me/+PBj1w-nKy2kwMDU9,Media
2026-01-27T18:23:00.870023,munira_kudrati_1766752734_4100997327.mp4,https://t.me/+PBj1w-nKy2kwMDU9,Media
2026-01-27T18:23:00.872037,munira_kudrati_1766772223_4100997327.jpg,https://t.me/+PBj1w-nKy2kwMDU9,Media
2026-01-27T18:23:00.873065,munira_kudrati_1767010696_3798272560883455639_4100997327.mp4,https://t.me/+PBj1w-nKy2kwMDU9,Media
2026-01-27T18:23:00.879725,munira_kudrati_1767268238_3800443894660990490_4100997327.jpg,https://t.me/+PBj1w-nKy2kwMDU9,Media
2026-01-27T18:23:00.880725,munira_kudrati_1767268238_3800443894661030548_4100997327.jpg,https://t.me/+PBj1w-nKy2kwMDU9,Media
2026-01-27T18:23:00.883725,munira_kudrati_1767268238_3800443894702954322_4100997327.jpg,https://t.me/+PBj1w-nKy2kwMDU9,Media
2026-01-27T18:23:00.884725,munira_kudrati_1767268238_3800443894803646599_4100997327.jpg,https://t.me/+PBj1w-nKy2kwMDU9,Media
2026-01-27T18:23:00.884725,munira_kudrati_1767268238_3800443894837198204_4100997327.jpg,https://t.me/+PBj1w-nKy2kwMDU9,Media
2026-01-27T18:39:21.620550,munira_kudrati_1767268238_3800443894946261544_4100997327.jpg,https://t.me/+PBj1w-nKy2kwMDU9,Media
2026-01-27T18:39:21.621558,munira_kudrati_1767268238_3800443894962991998_4100997327.jpg,https://t.me/+PBj1w-nKy2kwMDU9,Media
2026-01-27T18:39:21.622558,munira_kudrati_1767701151_4100997327.mp4,https://t.me/+PBj1w-nKy2kwMDU9,Media
2026-01-27T18:39:21.624557,munira_kudrati_1767701159_4100997327.mp4,https://t.me/+PBj1w-nKy2kwMDU9,Media
2026-01-27T18:39:21.627084,munira_kudrati_1767701166_4100997327.mp4,https://t.me/+PBj1w-nKy2kwMDU9,Media
2026-01-27T18:39:21.628084,munira_kudrati_1767701198_4100997327.mp4,https://t.me/+PBj1w-nKy2kwMDU9,Media
2026-01-27T18:39:21.629602,munira_kudrati_1767701227_4100997327.mp4,https://t.me/+PBj1w-nKy2kwMDU9,Media
2026-01-27T18:39:21.630599,munira_kudrati_1767701244_4100997327.mp4,https://t.me/+PBj1w-nKy2kwMDU9,Media
2026-01-27T18:39:21.632609,munira_kudrati_1767701251_4100997327.mp4,https://t.me/+PBj1w-nKy2kwMDU9,Media
2026-01-27T18:39:21.634657,munira_kudrati_1767701256_4100997327.mp4,https://t.me/+PBj1w-nKy2kwMDU9,Media
2026-01-27T18:40:31.639178,munira_kudrati_1767709989_4100997327.mp4,https://t.me/+PBj1w-nKy2kwMDU9,Media
2026-01-27T18:40:31.640194,munira_kudrati_1767727133_4100997327.mp4,https://t.me/+PBj1w-nKy2kwMDU9,Media
2026-01-27T18:42:26.069982,navina_005_1767523120_3802579496432629910_1448701380.mp4,https://t.me/+1bMgLX3cOa81YWM1,Media
2026-01-27T18:44:01.603060,nayanthara_1766677099_3795485058095092358_61216654041.jpg,https://t.me/+UaYIIv7CGg02MjNl,Media
2026-01-27T18:44:01.603060,nayanthara_1766677099_3795485058103488457_61216654041.jpg,https://t.me/+UaYIIv7CGg02MjNl,Media
2026-01-27T18:44:01.604065,nayanthara_1766677099_3795485058103496374_61216654041.jpg,https://t.me/+UaYIIv7CGg02MjNl,Media
2026-01-27T18:44:01.605063,nayanthara_1766677099_3795485058229302306_61216654041.jpg,https://t.me/+UaYIIv7CGg02MjNl,Media
2026-01-27T18:44:01.606576,nayanthara_1766677099_3795485058229314825_61216654041.jpg,https://t.me/+UaYIIv7CGg02MjNl,Media
2026-01-27T18:44:01.606576,nayanthara_1766677099_3795485058237693690_61216654041.jpg,https://t.me/+UaYIIv7CGg02MjNl,Media
2026-01-27T18:44:01.609208,nayanthara_1766677099_3795485058262842247_61216654041.jpg,https://t.me/+UaYIIv7CGg02MjNl,Media
2026-01-27T18:44:01.610218,nayanthara_1766677099_3795485058329967563_61216654041.jpg,https://t.me/+UaYIIv7CGg02MjNl,Media
2026-01-27T18:44:01.611225,nayanthara_1766677099_3795485058363536062_61216654041.jpg,https://t.me/+UaYIIv7CGg02MjNl,Media
2026-01-27T18:44:01.612217,nayanthara_1767270598_61216654041.mp4,https://t.me/+UaYIIv7CGg02MjNl,Media
2026-01-27T18:45:30.377439,nayanthara_1767280476_61216654041.mp4,https://t.me/+UaYIIv7CGg02MjNl,Media
2026-01-27T18:45:30.378941,nushrrattbharuccha_1766852570_2166730525.mp4,https://t.me/+UaYIIv7CGg02MjNl,Media
2026-01-27T18:45:30.379954,nushrrattbharuccha_1766852683_2166730525.mp4,https://t.me/+UaYIIv7CGg02MjNl,Media
2026-01-27T18:45:30.380954,nushrrattbharuccha_1766853082_2166730525.mp4,https://t.me/+UaYIIv7CGg02MjNl,Media
2026-01-27T18:45:30.381945,nushrrattbharuccha_1767098067_2166730525.jpg,https://t.me/+UaYIIv7CGg02MjNl,Media
2026-01-27T18:45:30.382946,nushrrattbharuccha_1767104305_2166730525.jpg,https://t.me/+UaYIIv7CGg02MjNl,Media
2026-01-27T18:45:30.383945,nushrrattbharuccha_1767688801_2166730525.mp4,https://t.me/+UaYIIv7CGg02MjNl,Media
2026-01-27T18:45:30.384946,nushrrattbharuccha_1767692645_2166730525.mp4,https://t.me/+UaYIIv7CGg02MjNl,Media
2026-01-27T18:45:30.386450,nushrrattbharuccha_1767696464_2166730525.mp4,https://t.me/+UaYIIv7CGg02MjNl,Media
2026-01-27T18:45:30.387456,nushrrattbharuccha_1767696911_2166730525.jpg,https://t.me/+UaYIIv7CGg02MjNl,Media
2026-01-27T18:47:27.019106,aishasharma25_1766403229_3793187507400726968_612878190.mp4,https://t.me/+XhmmA_sB-YoxMzJl,Media
2026-01-27T18:47:27.021216,aishasharma25_1766643392_612878190.mp4,https://t.me/+XhmmA_sB-YoxMzJl,Media
2026-01-27T18:47:27.022221,aishasharma25_1766644166_612878190.mp4,https://t.me/+XhmmA_sB-YoxMzJl,Media
2026-01-27T18:47:27.023203,aishasharma25_1766644348_612878190.jpg,https://t.me/+XhmmA_sB-YoxMzJl,Media
2026-01-27T18:47:27.024236,aishasharma25_1766644883_612878190.jpg,https://t.me/+XhmmA_sB-YoxMzJl,Media
2026-01-27T18:47:27.025201,aishasharma25_1766645098_612878190.jpg,https://t.me/+XhmmA_sB-YoxMzJl,Media
2026-01-27T18:47:27.025201,aishasharma25_1766657623_612878190.mp4,https://t.me/+XhmmA_sB-YoxMzJl,Media
2026-01-27T18:47:27.026121,aishasharma25_1766658343_612878190.mp4,https://t.me/+XhmmA_sB-YoxMzJl,Media
2026-01-27T18:47:27.026625,aishasharma25_1766674302_612878190.mp4,https://t.me/+XhmmA_sB-YoxMzJl,Media
2026-01-27T18:47:27.029150,aishasharma25_1766741206_612878190.jpg,https://t.me/+XhmmA_sB-YoxMzJl,Media
2026-01-27T18:49:47.075510,aishasharma25_1766747761_612878190.mp4,https://t.me/+XhmmA_sB-YoxMzJl,Media
2026-01-27T18:49:47.077015,aishasharma25_1766748158_612878190.jpg,https://t.me/+XhmmA_sB-YoxMzJl,Media
2026-01-27T18:49:47.078111,aishasharma25_1766750946_612878190.mp4,https://t.me/+XhmmA_sB-YoxMzJl,Media
2026-01-27T18:49:47.079523,aishasharma25_1766752715_612878190.mp4,https://t.me/+XhmmA_sB-YoxMzJl,Media
2026-01-27T18:49:47.080529,aishasharma25_1766762549_612878190.mp4,https://t.me/+XhmmA_sB-YoxMzJl,Media
2026-01-27T18:49:47.081529,aishasharma25_1766764182_612878190.mp4,https://t.me/+XhmmA_sB-YoxMzJl,Media
2026-01-27T18:49:47.081529,aishasharma25_1766827115_612878190.mp4,https://t.me/+XhmmA_sB-YoxMzJl,Media
2026-01-27T18:49:47.082528,aishasharma25_1766827355_612878190.mp4,https://t.me/+XhmmA_sB-YoxMzJl,Media
2026-01-27T18:49:47.083529,aishasharma25_1766827400_612878190.jpg,https://t.me/+XhmmA_sB-YoxMzJl,Media
2026-01-27T18:49:47.084526,aishasharma25_1766827487_612878190.jpg,https://t.me/+XhmmA_sB-YoxMzJl,Media
2026-01-27T18:57:45.152793,aishasharma25_1766827632_612878190.mp4,https://t.me/+XhmmA_sB-YoxMzJl,Media
2026-01-27T18:57:45.154793,aishasharma25_1766831018_612878190.mp4,https://t.me/+XhmmA_sB-YoxMzJl,Media
2026-01-27T18:57:45.155793,aishasharma25_1766832206_612878190.mp4,https://t.me/+XhmmA_sB-YoxMzJl,Media
2026-01-27T18:57:45.156792,aishasharma25_1766835289_612878190.jpg,https://t.me/+XhmmA_sB-YoxMzJl,Media
2026-01-27T18:57:45.157792,aishasharma25_1766900207_612878190.jpg,https://t.me/+XhmmA_sB-YoxMzJl,Media
2026-01-27T18:57:45.158792,aishasharma25_1766901540_612878190.mp4,https://t.me/+XhmmA_sB-YoxMzJl,Media
2026-01-27T18:57:45.159792,aishasharma25_1766917344_612878190.jpg,https://t.me/+XhmmA_sB-YoxMzJl,Media
2026-01-27T18:57:45.160791,aishasharma25_1766918409_612878190.jpg,https://t.me/+XhmmA_sB-YoxMzJl,Media
2026-01-27T18:57:45.161792,aishasharma25_1766923856_612878190.jpg,https://t.me/+XhmmA_sB-YoxMzJl,Media
2026-01-27T18:57:45.162792,aishasharma25_1766934884_612878190.mp4,https://t.me/+XhmmA_sB-YoxMzJl,Media
2026-01-27T18:59:46.937938,aishasharma25_1766936038_612878190.mp4,https://t.me/+XhmmA_sB-YoxMzJl,Media
2026-01-27T18:59:46.938936,aishasharma25_1767011321_612878190.mp4,https://t.me/+XhmmA_sB-YoxMzJl,Media
2026-01-27T18:59:46.939936,aishasharma25_1767011723_612878190.mp4,https://t.me/+XhmmA_sB-YoxMzJl,Media
2026-01-27T18:59:46.940936,aishasharma25_1767012249_612878190.mp4,https://t.me/+XhmmA_sB-YoxMzJl,Media
2026-01-27T18:59:46.941936,aishasharma25_1767015517_612878190.jpg,https://t.me/+XhmmA_sB-YoxMzJl,Media
2026-01-27T18:59:46.941936,aishasharma25_1767076795_612878190.mp4,https://t.me/+XhmmA_sB-YoxMzJl,Media
2026-01-27T18:59:46.942938,aishasharma25_1767077123_612878190.jpg,https://t.me/+XhmmA_sB-YoxMzJl,Media
2026-01-27T18:59:46.943937,aishasharma25_1767077241_612878190.jpg,https://t.me/+XhmmA_sB-YoxMzJl,Media
2026-01-27T18:59:46.944936,aishasharma25_1767077320_612878190.mp4,https://t.me/+XhmmA_sB-YoxMzJl,Media
2026-01-27T18:59:46.945936,aishasharma25_1767077458_612878190.mp4,https://t.me/+XhmmA_sB-YoxMzJl,Media
2026-01-27T19:01:28.406754,aishasharma25_1767077562_612878190.mp4,https://t.me/+XhmmA_sB-YoxMzJl,Media
2026-01-27T19:01:28.408760,aishasharma25_1767077876_612878190.jpg,https://t.me/+XhmmA_sB-YoxMzJl,Media
2026-01-27T19:01:28.408760,aishasharma25_1767078128_612878190.mp4,https://t.me/+XhmmA_sB-YoxMzJl,Media
2026-01-27T19:01:28.409761,aishasharma25_1767078474_612878190.mp4,https://t.me/+XhmmA_sB-YoxMzJl,Media
2026-01-27T19:01:28.411761,aishasharma25_1767085508_612878190.jpg,https://t.me/+XhmmA_sB-YoxMzJl,Media
2026-01-27T19:01:28.412760,aishasharma25_1767085906_612878190.mp4,https://t.me/+XhmmA_sB-YoxMzJl,Media
2026-01-27T19:01:28.413761,aishasharma25_1767086396_612878190.jpg,https://t.me/+XhmmA_sB-YoxMzJl,Media
2026-01-27T19:01:28.414762,aishasharma25_1767086659_612878190.jpg,https://t.me/+XhmmA_sB-YoxMzJl,Media
2026-01-27T19:01:28.415761,aishasharma25_1767087134_612878190.jpg,https://t.me/+XhmmA_sB-YoxMzJl,Media
2026-01-27T19:01:28.415761,aishasharma25_1767092036_612878190.jpg,https://t.me/+XhmmA_sB-YoxMzJl,Media
2026-01-27T19:05:50.761505,aishasharma25_1767092084_612878190.jpg,https://t.me/+XhmmA_sB-YoxMzJl,Media
2026-01-27T19:05:50.762435,aishasharma25_1767172356_612878190.jpg,https://t.me/+XhmmA_sB-YoxMzJl,Media
2026-01-27T19:05:50.763516,aishasharma25_1767172405_612878190.mp4,https://t.me/+XhmmA_sB-YoxMzJl,Media
2026-01-27T19:05:50.765487,aishasharma25_1767172498_612878190.jpg,https://t.me/+XhmmA_sB-YoxMzJl,Media
2026-01-27T19:05:50.766431,aishasharma25_1767172671_612878190.mp4,https://t.me/+XhmmA_sB-YoxMzJl,Media
2026-01-27T19:05:50.767433,aishasharma25_1767172787_612878190.jpg,https://t.me/+XhmmA_sB-YoxMzJl,Media
2026-01-27T19:05:50.767433,aishasharma25_1767173064_612878190.mp4,https://t.me/+XhmmA_sB-YoxMzJl,Media
2026-01-27T19:05:50.769433,aishasharma25_1767173325_612878190.mp4,https://t.me/+XhmmA_sB-YoxMzJl,Media
2026-01-27T19:05:50.770431,aishasharma25_1767173757_612878190.mp4,https://t.me/+XhmmA_sB-YoxMzJl,Media
2026-01-27T19:05:50.770431,aishasharma25_1767246688_612878190.mp4,https://t.me/+XhmmA_sB-YoxMzJl,Media
2026-01-27T19:08:06.588547,aishasharma25_1767246716_612878190.mp4,https://t.me/+XhmmA_sB-YoxMzJl,Media
2026-01-27T19:08:06.589547,aishasharma25_1767262600_612878190.jpg,https://t.me/+XhmmA_sB-YoxMzJl,Media
2026-01-27T19:08:06.590546,aishasharma25_1767263586_612878190.mp4,https://t.me/+XhmmA_sB-YoxMzJl,Media
2026-01-27T19:08:06.591547,aishasharma25_1767263697_612878190.jpg,https://t.me/+XhmmA_sB-YoxMzJl,Media
2026-01-27T19:08:06.592546,aishasharma25_1767263736_612878190.mp4,https://t.me/+XhmmA_sB-YoxMzJl,Media
2026-01-27T19:08:06.593546,aishasharma25_1767264448_612878190.jpg,https://t.me/+XhmmA_sB-YoxMzJl,Media
2026-01-27T19:08:06.595546,aishasharma25_1767264632_612878190.jpg,https://t.me/+XhmmA_sB-YoxMzJl,Media
2026-01-27T19:08:06.595546,aishasharma25_1767271475_612878190.mp4,https://t.me/+XhmmA_sB-YoxMzJl,Media
2026-01-27T19:08:06.596546,aishasharma25_1767271855_612878190.mp4,https://t.me/+XhmmA_sB-YoxMzJl,Media
2026-01-27T19:08:06.597546,aishasharma25_1767272324_612878190.jpg,https://t.me/+XhmmA_sB-YoxMzJl,Media
2026-01-27T19:09:41.809043,aishasharma25_1767272706_612878190.mp4,https://t.me/+XhmmA_sB-YoxMzJl,Media
2026-01-27T19:09:41.810048,aishasharma25_1767272932_612878190.mp4,https://t.me/+XhmmA_sB-YoxMzJl,Media
2026-01-27T19:09:41.811047,aishasharma25_1767273032_612878190.jpg,https://t.me/+XhmmA_sB-YoxMzJl,Media
2026-01-27T19:09:41.813055,aishasharma25_1767326306_612878190.jpg,https://t.me/+XhmmA_sB-YoxMzJl,Media
2026-01-27T19:09:41.814047,aishasharma25_1767326345_612878190.jpg,https://t.me/+XhmmA_sB-YoxMzJl,Media
2026-01-27T19:09:41.814047,aishasharma25_1767338811_612878190.jpg,https://t.me/+XhmmA_sB-YoxMzJl,Media
2026-01-27T19:09:41.815047,aishasharma25_1767339502_612878190.mp4,https://t.me/+XhmmA_sB-YoxMzJl,Media
2026-01-27T19:09:41.816048,aishasharma25_1767339894_612878190.mp4,https://t.me/+XhmmA_sB-YoxMzJl,Media
2026-01-27T19:09:41.817047,aishasharma25_1767341803_612878190.jpg,https://t.me/+XhmmA_sB-YoxMzJl,Media
2026-01-27T19:09:41.818048,aishasharma25_1767360111_612878190.mp4,https://t.me/+XhmmA_sB-YoxMzJl,Media
2026-01-27T19:10:53.044843,aishasharma25_1767360678_612878190.jpg,https://t.me/+XhmmA_sB-YoxMzJl,Media
2026-01-27T19:10:53.045864,aishasharma25_1767360885_612878190.mp4,https://t.me/+XhmmA_sB-YoxMzJl,Media
2026-01-27T19:10:53.046848,aishasharma25_1767432335_612878190.mp4,https://t.me/+XhmmA_sB-YoxMzJl,Media
2026-01-27T19:10:53.047864,aishasharma25_1767432468_612878190.jpg,https://t.me/+XhmmA_sB-YoxMzJl,Media
2026-01-27T19:10:53.048838,aishasharma25_1767432508_612878190.mp4,https://t.me/+XhmmA_sB-YoxMzJl,Media
2026-01-27T19:10:53.049850,aishasharma25_1767432529_612878190.jpg,https://t.me/+XhmmA_sB-YoxMzJl,Media
2026-01-27T19:10:53.050844,aishasharma25_1767432626_612878190.mp4,https://t.me/+XhmmA_sB-YoxMzJl,Media
2026-01-27T19:10:53.051852,aishasharma25_1767432687_612878190.jpg,https://t.me/+XhmmA_sB-YoxMzJl,Media
2026-01-27T19:10:53.052842,aishasharma25_1767433863_612878190.mp4,https://t.me/+XhmmA_sB-YoxMzJl,Media
2026-01-27T19:10:53.053843,aishasharma25_1767434308_612878190.mp4,https://t.me/+XhmmA_sB-YoxMzJl,Media
2026-01-27T19:16:45.304527,aishasharma25_1767436203_612878190.mp4,https://t.me/+XhmmA_sB-YoxMzJl,Media
2026-01-27T19:16:45.304527,aishasharma25_1767436226_612878190.jpg,https://t.me/+XhmmA_sB-YoxMzJl,Media
2026-01-27T19:16:45.306056,aishasharma25_1767442705_612878190.mp4,https://t.me/+XhmmA_sB-YoxMzJl,Media
2026-01-27T19:16:45.307061,aishasharma25_1767615558_612878190.mp4,https://t.me/+XhmmA_sB-YoxMzJl,Media
2026-01-27T19:16:45.308062,aishasharma25_1767615624_612878190.jpg,https://t.me/+XhmmA_sB-YoxMzJl,Media
2026-01-27T19:16:45.308062,aishasharma25_1767615876_3803359944192300397_612878190.mp4,https://t.me/+XhmmA_sB-YoxMzJl,Media
2026-01-27T19:16:45.309061,aishasharma25_1767616508_612878190.mp4,https://t.me/+XhmmA_sB-YoxMzJl,Media
2026-01-27T19:16:45.310061,aishasharma25_1767617741_612878190.mp4,https://t.me/+XhmmA_sB-YoxMzJl,Media
2026-01-27T19:16:45.310061,aishasharma25_1767620955_612878190.mp4,https://t.me/+XhmmA_sB-YoxMzJl,Media
2026-01-27T19:16:45.311061,aishasharma25_1767621222_612878190.mp4,https://t.me/+XhmmA_sB-YoxMzJl,Media
2026-01-27T19:18:28.774309,aishasharma25_1767689095_612878190.jpg,https://t.me/+XhmmA_sB-YoxMzJl,Media
2026-01-27T19:18:28.775308,aishasharma25_1767689234_612878190.jpg,https://t.me/+XhmmA_sB-YoxMzJl,Media
2026-01-27T19:18:28.776323,aishasharma25_1767689440_612878190.mp4,https://t.me/+XhmmA_sB-YoxMzJl,Media
2026-01-27T19:18:28.777315,aishasharma25_1767690493_612878190.mp4,https://t.me/+XhmmA_sB-YoxMzJl,Media
2026-01-27T19:18:28.778305,aishasharma25_1767690958_612878190.mp4,https://t.me/+XhmmA_sB-YoxMzJl,Media
2026-01-27T19:18:28.779305,nehasharmaofficial_1766647579_481729447.mp4,https://t.me/+XhmmA_sB-YoxMzJl,Media
2026-01-27T19:18:28.780307,nehasharmaofficial_1766653134_481729447.mp4,https://t.me/+XhmmA_sB-YoxMzJl,Media
2026-01-27T19:18:28.781304,nehasharmaofficial_1766936079_481729447.mp4,https://t.me/+XhmmA_sB-YoxMzJl,Media
2026-01-27T19:18:28.782305,nehasharmaofficial_1766936295_481729447.mp4,https://t.me/+XhmmA_sB-YoxMzJl,Media
2026-01-27T19:18:28.783306,nehasharmaofficial_1767017986_481729447.mp4,https://t.me/+XhmmA_sB-YoxMzJl,Media
2026-01-27T19:19:49.094275,nehasharmaofficial_1767100819_481729447.mp4,https://t.me/+XhmmA_sB-YoxMzJl,Media
2026-01-27T19:19:49.096301,nehasharmaofficial_1767100836_481729447.mp4,https://t.me/+XhmmA_sB-YoxMzJl,Media
2026-01-27T19:19:49.096301,nehasharmaofficial_1767115361_481729447.mp4,https://t.me/+XhmmA_sB-YoxMzJl,Media
2026-01-27T19:19:49.097303,nehasharmaofficial_1767155703_481729447.mp4,https://t.me/+XhmmA_sB-YoxMzJl,Media
2026-01-27T19:19:49.098297,nehasharmaofficial_1767158053_481729447.mp4,https://t.me/+XhmmA_sB-YoxMzJl,Media
2026-01-27T19:19:49.099782,nehasharmaofficial_1767190630_3799792673298238522_481729447.mp4,https://t.me/+XhmmA_sB-YoxMzJl,Media
2026-01-27T19:19:49.100872,nehasharmaofficial_1767268125_481729447.mp4,https://t.me/+XhmmA_sB-YoxMzJl,Media
2026-01-27T19:19:49.101807,nehasharmaofficial_1767269934_3800458124281537563_481729447.jpg,https://t.me/+XhmmA_sB-YoxMzJl,Media
2026-01-27T19:19:49.102806,nehasharmaofficial_1767269934_3800458124289946896_481729447.jpg,https://t.me/+XhmmA_sB-YoxMzJl,Media
2026-01-27T19:19:49.103812,nehasharmaofficial_1767269934_3800458124289958738_481729447.jpg,https://t.me/+XhmmA_sB-YoxMzJl,Media
2026-01-27T19:20:32.423124,nehasharmaofficial_1767269934_3800458124289961212_481729447.jpg,https://t.me/+XhmmA_sB-YoxMzJl,Media
2026-01-27T19:20:32.424115,nehasharmaofficial_1767269934_3800458124298314697_481729447.jpg,https://t.me/+XhmmA_sB-YoxMzJl,Media
2026-01-27T19:20:32.426116,nehasharmaofficial_1767269934_3800458124306692530_481729447.jpg,https://t.me/+XhmmA_sB-YoxMzJl,Media
2026-01-27T19:20:32.426116,nehasharmaofficial_1767269934_3800458124306707620_481729447.jpg,https://t.me/+XhmmA_sB-YoxMzJl,Media
2026-01-27T19:20:32.427115,nehasharmaofficial_1767269934_3800458124306715436_481729447.jpg,https://t.me/+XhmmA_sB-YoxMzJl,Media
2026-01-27T19:20:32.428115,nehasharmaofficial_1767269934_3800458124306717988_481729447.jpg,https://t.me/+XhmmA_sB-YoxMzJl,Media
2026-01-27T19:20:32.429114,nehasharmaofficial_1767269934_3800458124390598675_481729447.jpg,https://t.me/+XhmmA_sB-YoxMzJl,Media
2026-01-27T19:20:32.430121,nehasharmaofficial_1767269934_3800458124390612374_481729447.jpg,https://t.me/+XhmmA_sB-YoxMzJl,Media
2026-01-27T19:20:32.430121,nehasharmaofficial_1767269934_3800458124407356855_481729447.jpg,https://t.me/+XhmmA_sB-YoxMzJl,Media
2026-01-27T19:20:32.431113,nehasharmaofficial_1767281885_481729447.jpg,https://t.me/+XhmmA_sB-YoxMzJl,Media
2026-01-27T19:26:04.767158,nehasharmaofficial_1767340352_481729447.mp4,https://t.me/+XhmmA_sB-YoxMzJl,Media
2026-01-27T19:26:04.768163,nehasharmaofficial_1767363365_481729447.mp4,https://t.me/+XhmmA_sB-YoxMzJl,Media
2026-01-27T19:26:04.770161,nehasharmaofficial_1767363474_481729447.jpg,https://t.me/+XhmmA_sB-YoxMzJl,Media
2026-01-27T19:26:04.770161,nehasharmaofficial_1767363538_481729447.mp4,https://t.me/+XhmmA_sB-YoxMzJl,Media
2026-01-27T19:37:47.261409,niasharma90_1766651160_1175898155.mp4,https://t.me/+aP5X0mvH7bQ3NDY1,Media
2026-01-27T19:37:47.262418,niasharma90_1766651230_1175898155.jpg,https://t.me/+aP5X0mvH7bQ3NDY1,Media
2026-01-27T19:37:47.263407,niasharma90_1766667087_1175898155.mp4,https://t.me/+aP5X0mvH7bQ3NDY1,Media
2026-01-27T19:37:47.264377,niasharma90_1766668125_1175898155.mp4,https://t.me/+aP5X0mvH7bQ3NDY1,Media
2026-01-27T19:37:47.265443,niasharma90_1766668167_1175898155.mp4,https://t.me/+aP5X0mvH7bQ3NDY1,Media
2026-01-27T19:37:47.266379,niasharma90_1766670438_1175898155.mp4,https://t.me/+aP5X0mvH7bQ3NDY1,Media
2026-01-27T19:37:47.269024,niasharma90_1766671254_1175898155.mp4,https://t.me/+aP5X0mvH7bQ3NDY1,Media
2026-01-27T19:37:47.269979,niasharma90_1766680345_1175898155.mp4,https://t.me/+aP5X0mvH7bQ3NDY1,Media
2026-01-27T19:37:47.271406,niasharma90_1766724187_1175898155.mp4,https://t.me/+aP5X0mvH7bQ3NDY1,Media
2026-01-27T19:37:47.272306,niasharma90_1766736941_1175898155.jpg,https://t.me/+aP5X0mvH7bQ3NDY1,Media
2026-01-27T19:46:13.058090,niasharma90_1766737153_1175898155.jpg,https://t.me/+aP5X0mvH7bQ3NDY1,Media
2026-01-27T19:46:13.060314,niasharma90_1766819150_1175898155.mp4,https://t.me/+aP5X0mvH7bQ3NDY1,Media
2026-01-27T19:46:13.061315,niasharma90_1766822425_1175898155.mp4,https://t.me/+aP5X0mvH7bQ3NDY1,Media
2026-01-27T19:46:13.062316,niasharma90_1766823519_1175898155.mp4,https://t.me/+aP5X0mvH7bQ3NDY1,Media
2026-01-27T19:46:13.064313,niasharma90_1766824215_1175898155.mp4,https://t.me/+aP5X0mvH7bQ3NDY1,Media
2026-01-27T19:46:13.065312,niasharma90_1766841308_1175898155.mp4,https://t.me/+aP5X0mvH7bQ3NDY1,Media
2026-01-27T19:46:13.067311,niasharma90_1766845768_1175898155.mp4,https://t.me/+aP5X0mvH7bQ3NDY1,Media
2026-01-27T19:46:13.069311,niasharma90_1766846503_1175898155.jpg,https://t.me/+aP5X0mvH7bQ3NDY1,Media
2026-01-27T19:46:13.070812,niasharma90_1766850321_1175898155.mp4,https://t.me/+aP5X0mvH7bQ3NDY1,Media
2026-01-27T19:46:13.073326,niasharma90_1766887338_1175898155.jpg,https://t.me/+aP5X0mvH7bQ3NDY1,Media
2026-01-27T19:52:21.594109,niasharma90_1766888783_1175898155.mp4,https://t.me/+aP5X0mvH7bQ3NDY1,Media
2026-01-27T19:52:21.595107,niasharma90_1766910698_1175898155.jpg,https://t.me/+aP5X0mvH7bQ3NDY1,Media
2026-01-27T19:52:21.596104,niasharma90_1766912459_1175898155.mp4,https://t.me/+aP5X0mvH7bQ3NDY1,Media
2026-01-27T19:52:21.597105,niasharma90_1766915685_1175898155.mp4,https://t.me/+aP5X0mvH7bQ3NDY1,Media
2026-01-27T19:52:21.598105,niasharma90_1766927178_1175898155.mp4,https://t.me/+aP5X0mvH7bQ3NDY1,Media
2026-01-27T19:52:21.599105,niasharma90_1766933148_1175898155.mp4,https://t.me/+aP5X0mvH7bQ3NDY1,Media
2026-01-27T19:52:21.601105,niasharma90_1766933968_1175898155.mp4,https://t.me/+aP5X0mvH7bQ3NDY1,Media
2026-01-27T19:52:21.603104,niasharma90_1766993884_3798140753327749794_1175898155.mp4,https://t.me/+aP5X0mvH7bQ3NDY1,Media
2026-01-27T19:52:21.605103,niasharma90_1767020724_1175898155.mp4,https://t.me/+aP5X0mvH7bQ3NDY1,Media
2026-01-27T19:52:21.606103,niasharma90_1767020748_1175898155.mp4,https://t.me/+aP5X0mvH7bQ3NDY1,Media
2026-01-27T19:57:31.357338,niasharma90_1767024248_1175898155.mp4,https://t.me/+aP5X0mvH7bQ3NDY1,Media
2026-01-27T19:57:31.359339,niasharma90_1767025514_1175898155.mp4,https://t.me/+aP5X0mvH7bQ3NDY1,Media
2026-01-27T19:57:31.360336,niasharma90_1767025952_1175898155.mp4,https://t.me/+aP5X0mvH7bQ3NDY1,Media
2026-01-27T19:57:31.362337,niasharma90_1767087938_1175898155.mp4,https://t.me/+aP5X0mvH7bQ3NDY1,Media
2026-01-27T19:57:31.364339,niasharma90_1767088438_1175898155.mp4,https://t.me/+aP5X0mvH7bQ3NDY1,Media
2026-01-27T19:57:31.366334,niasharma90_1767092975_1175898155.mp4,https://t.me/+aP5X0mvH7bQ3NDY1,Media
2026-01-27T19:57:31.367840,niasharma90_1767095384_1175898155.mp4,https://t.me/+aP5X0mvH7bQ3NDY1,Media
2026-01-27T19:57:31.369848,niasharma90_1767097084_1175898155.mp4,https://t.me/+aP5X0mvH7bQ3NDY1,Media
2026-01-27T19:57:31.372184,niasharma90_1767101377_1175898155.mp4,https://t.me/+aP5X0mvH7bQ3NDY1,Media
2026-01-27T19:57:31.373691,niasharma90_1767112093_1175898155.mp4,https://t.me/+aP5X0mvH7bQ3NDY1,Media
